time,vx,vy,z,heading
0.0,0.7071067811865475,0.7071067811865475,5,0.7853981633974483
0.01,0.7071067811865475,0.7071067811865475,5,0.7853981633974483
0.02,0.7071067811865475,0.7071067811865475,5,0.7853981633974483
0.03,0.7071067811865475,0.7071067811865475,5,0.7853981633974483
0.04,0.7071067811865475,0.7071067811865475,5,0.7853981633974483
0.05,0.7071067811865475,0.7071067811865475,5,0.7853981633974483
0.06,0.7071067811865475,0.7071067811865475,5,0.7853981633974483
0.07,0.7071067811865475,0.7071067811865475,5,0.7853981633974483
0.08,0.7071067811865475,0.7071067811865475,5,0.7853981633974483
0.09,0.7071067811865475,0.7071067811865475,5,0.7853981633974483
0.1,0.7071067811865475,0.7071067811865475,5,0.7853981633974483
0.11,0.7071067811865475,0.7071067811865475,5,0.7853981633974483
0.12,0.7071067811865475,0.7071067811865475,5,0.7853981633974483
0.13,0.7071067811865475,0.7071067811865475,5,0.7853981633974483
0.14,0.7071067811865475,0.7071067811865475,5,0.7853981633974483
0.15,0.7071067811865475,0.7071067811865475,5,0.7853981633974483
0.16,0.7071067811865475,0.7071067811865475,5,0.7853981633974483
0.17,0.7071067811865475,0.7071067811865475,5,0.7853981633974483
0.18,0.7071067811865475,0.7071067811865475,5,0.7853981633974483
0.19,0.7071067811865475,0.7071067811865475,5,0.7853981633974483
0.2,0.7071067811865475,0.7071067811865475,5,0.7853981633974483
0.21,0.7071067811865475,0.7071067811865475,5,0.7853981633974483
0.22,0.7071067811865475,0.7071067811865475,5,0.7853981633974483
0.23,0.7071067811865475,0.7071067811865475,5,0.7853981633974483
0.24,0.7071067811865475,0.7071067811865475,5,0.7853981633974483
0.25,0.7071067811865475,0.7071067811865475,5,0.7853981633974483
0.26,0.7071067811865475,0.7071067811865475,5,0.7853981633974483
0.27,0.7071067811865475,0.7071067811865475,5,0.7853981633974483
0.28,0.7071067811865475,0.7071067811865475,5,0.7853981633974483
0.29,0.7071067811865475,0.7071067811865475,5,0.7853981633974483
0.3,0.7071067811865475,0.7071067811865475,5,0.7853981633974483
0.31,0.7071067811865475,0.7071067811865475,5,0.7853981633974483
0.32,0.7071067811865475,0.7071067811865475,5,0.7853981633974483
0.33,0.7071067811865475,0.7071067811865475,5,0.7853981633974483
0.34,0.7071067811865475,0.7071067811865475,5,0.7853981633974483
0.35,0.7071067811865475,0.7071067811865475,5,0.7853981633974483
0.36,0.7071067811865475,0.7071067811865475,5,0.7853981633974483
0.37,0.7071067811865475,0.7071067811865475,5,0.7853981633974483
0.38,0.7071067811865475,0.7071067811865475,5,0.7853981633974483
0.39,0.7071067811865475,0.7071067811865475,5,0.7853981633974483
0.4,0.7071067811865475,0.7071067811865475,5,0.7853981633974483
0.41,0.7071067811865475,0.7071067811865475,5,0.7853981633974483
0.42,0.7071067811865475,0.7071067811865475,5,0.7853981633974483
0.43,0.7071067811865475,0.7071067811865475,5,0.7853981633974483
0.44,0.7071067811865475,0.7071067811865475,5,0.7853981633974483
0.45,0.7071067811865475,0.7071067811865475,5,0.7853981633974483
0.46,0.7071067811865475,0.7071067811865475,5,0.7853981633974483
0.47,0.7071067811865475,0.7071067811865475,5,0.7853981633974483
0.48,0.7071067811865475,0.7071067811865475,5,0.7853981633974483
0.49,0.7071067811865475,0.7071067811865475,5,0.7853981633974483
0.5,0.7071067811865475,0.7071067811865475,5,0.7853981633974483
0.51,0.7071067811865475,0.7071067811865475,5,0.7853981633974483
0.52,0.7071067811865475,0.7071067811865475,5,0.7853981633974483
0.53,0.7071067811865475,0.7071067811865475,5,0.7853981633974483
0.54,0.7071067811865475,0.7071067811865475,5,0.7853981633974483
0.55,0.7071067811865475,0.7071067811865475,5,0.7853981633974483
0.56,0.7071067811865475,0.7071067811865475,5,0.7853981633974483
0.57,0.7071067811865475,0.7071067811865475,5,0.7853981633974483
0.58,0.7071067811865475,0.7071067811865475,5,0.7853981633974483
0.59,0.7071067811865475,0.7071067811865475,5,0.7853981633974483
0.6,0.7071067811865475,0.7071067811865475,5,0.7853981633974483
0.61,0.7071067811865475,0.7071067811865475,5,0.7853981633974483
0.62,0.7071067811865475,0.7071067811865475,5,0.7853981633974483
0.63,0.7071067811865475,0.7071067811865475,5,0.7853981633974483
0.64,0.7071067811865475,0.7071067811865475,5,0.7853981633974483
0.65,0.7071067811865475,0.7071067811865475,5,0.7853981633974483
0.66,0.7071067811865475,0.7071067811865475,5,0.7853981633974483
0.67,0.7071067811865475,0.7071067811865475,5,0.7853981633974483
0.68,0.7071067811865475,0.7071067811865475,5,0.7853981633974483
0.69,0.7071067811865475,0.7071067811865475,5,0.7853981633974483
0.7,0.7071067811865475,0.7071067811865475,5,0.7853981633974483
0.71,0.7071067811865475,0.7071067811865475,5,0.7853981633974483
0.72,0.7071067811865475,0.7071067811865475,5,0.7853981633974483
0.73,0.7071067811865475,0.7071067811865475,5,0.7853981633974483
0.74,0.7071067811865475,0.7071067811865475,5,0.7853981633974483
0.75,0.7071067811865475,0.7071067811865475,5,0.7853981633974483
0.76,0.7071067811865475,0.7071067811865475,5,0.7853981633974483
0.77,0.7071067811865475,0.7071067811865475,5,0.7853981633974483
0.78,0.7071067811865475,0.7071067811865475,5,0.7853981633974483
0.79,0.7071067811865475,0.7071067811865475,5,0.7853981633974483
0.8,0.7071067811865475,0.7071067811865475,5,0.7853981633974483
0.81,0.7071067811865475,0.7071067811865475,5,0.7853981633974483
0.82,0.7071067811865475,0.7071067811865475,5,0.7853981633974483
0.83,0.7071067811865475,0.7071067811865475,5,0.7853981633974483
0.84,0.7071067811865475,0.7071067811865475,5,0.7853981633974483
0.85,0.7071067811865475,0.7071067811865475,5,0.7853981633974483
0.86,0.7071067811865475,0.7071067811865475,5,0.7853981633974483
0.87,0.7071067811865475,0.7071067811865475,5,0.7853981633974483
0.88,0.7071067811865475,0.7071067811865475,5,0.7853981633974483
0.89,0.7071067811865475,0.7071067811865475,5,0.7853981633974483
0.9,0.7071067811865475,0.7071067811865475,5,0.7853981633974483
0.91,0.7071067811865475,0.7071067811865475,5,0.7853981633974483
0.92,0.7071067811865475,0.7071067811865475,5,0.7853981633974483
0.93,0.7071067811865475,0.7071067811865475,5,0.7853981633974483
0.94,0.7071067811865475,0.7071067811865475,5,0.7853981633974483
0.95,0.7071067811865475,0.7071067811865475,5,0.7853981633974483
0.96,0.7071067811865475,0.7071067811865475,5,0.7853981633974483
0.97,0.7071067811865475,0.7071067811865475,5,0.7853981633974483
0.98,0.7071067811865475,0.7071067811865475,5,0.7853981633974483
0.99,0.7071067811865475,0.7071067811865475,5,0.7853981633974483
1.0,0.7071067811865475,0.7071067811865475,5,0.7853981633974483
1.01,0.7071067811865475,0.7071067811865475,5,0.7853981633974483
1.02,0.7071067811865475,0.7071067811865475,5,0.7853981633974483
1.03,0.7071067811865475,0.7071067811865475,5,0.7853981633974483
1.04,0.7071067811865475,0.7071067811865475,5,0.7853981633974483
1.05,0.7071067811865475,0.7071067811865475,5,0.7853981633974483
1.06,0.7071067811865475,0.7071067811865475,5,0.7853981633974483
1.07,0.7071067811865475,0.7071067811865475,5,0.7853981633974483
1.08,0.7071067811865475,0.7071067811865475,5,0.7853981633974483
1.09,0.7071067811865475,0.7071067811865475,5,0.7853981633974483
1.1,0.7071067811865475,0.7071067811865475,5,0.7853981633974483
1.11,0.7071067811865475,0.7071067811865475,5,0.7853981633974483
1.12,0.7071067811865475,0.7071067811865475,5,0.7853981633974483
1.13,0.7071067811865475,0.7071067811865475,5,0.7853981633974483
1.14,0.7071067811865475,0.7071067811865475,5,0.7853981633974483
1.15,0.7071067811865475,0.7071067811865475,5,0.7853981633974483
1.16,0.7071067811865475,0.7071067811865475,5,0.7853981633974483
1.17,0.7071067811865475,0.7071067811865475,5,0.7853981633974483
1.18,0.7071067811865475,0.7071067811865475,5,0.7853981633974483
1.19,0.7071067811865475,0.7071067811865475,5,0.7853981633974483
1.2,0.7071067811865475,0.7071067811865475,5,0.7853981633974483
1.21,0.7071067811865475,0.7071067811865475,5,0.7853981633974483
1.22,0.7071067811865475,0.7071067811865475,5,0.7853981633974483
1.23,0.7071067811865475,0.7071067811865475,5,0.7853981633974483
1.24,0.7071067811865475,0.7071067811865475,5,0.7853981633974483
1.25,0.7071067811865475,0.7071067811865475,5,0.7853981633974483
1.26,0.7071067811865475,0.7071067811865475,5,0.7853981633974483
1.27,0.7071067811865475,0.7071067811865475,5,0.7853981633974483
1.28,0.7071067811865475,0.7071067811865475,5,0.7853981633974483
1.29,0.7071067811865475,0.7071067811865475,5,0.7853981633974483
1.3,0.7071067811865475,0.7071067811865475,5,0.7853981633974483
1.31,0.7071067811865475,0.7071067811865475,5,0.7853981633974483
1.32,0.7071067811865475,0.7071067811865475,5,0.7853981633974483
1.33,0.7071067811865475,0.7071067811865475,5,0.7853981633974483
1.34,0.7071067811865475,0.7071067811865475,5,0.7853981633974483
1.35,0.7071067811865475,0.7071067811865475,5,0.7853981633974483
1.36,0.7071067811865475,0.7071067811865475,5,0.7853981633974483
1.37,0.7071067811865475,0.7071067811865475,5,0.7853981633974483
1.38,0.7071067811865475,0.7071067811865475,5,0.7853981633974483
1.39,0.7071067811865475,0.7071067811865475,5,0.7853981633974483
1.4,0.7071067811865475,0.7071067811865475,5,0.7853981633974483
1.41,0.7071067811865475,0.7071067811865475,5,0.7853981633974483
1.42,0.7071067811865475,0.7071067811865475,5,0.7853981633974483
1.43,0.7071067811865475,0.7071067811865475,5,0.7853981633974483
1.44,0.7071067811865475,0.7071067811865475,5,0.7853981633974483
1.45,0.7071067811865475,0.7071067811865475,5,0.7853981633974483
1.46,0.7071067811865475,0.7071067811865475,5,0.7853981633974483
1.47,0.7071067811865475,0.7071067811865475,5,0.7853981633974483
1.48,0.7071067811865475,0.7071067811865475,5,0.7853981633974483
1.49,0.7071067811865475,0.7071067811865475,5,0.7853981633974483
1.5,0.7071067811865475,0.7071067811865475,5,0.7853981633974483
1.51,0.7071067811865475,0.7071067811865475,5,0.7853981633974483
1.52,0.7071067811865475,0.7071067811865475,5,0.7853981633974483
1.53,0.7071067811865475,0.7071067811865475,5,0.7853981633974483
1.54,0.7071067811865475,0.7071067811865475,5,0.7853981633974483
1.55,0.7071067811865475,0.7071067811865475,5,0.7853981633974483
1.56,0.7071067811865475,0.7071067811865475,5,0.7853981633974483
1.57,0.7071067811865475,0.7071067811865475,5,0.7853981633974483
1.58,0.7071067811865475,0.7071067811865475,5,0.7853981633974483
1.59,0.7071067811865475,0.7071067811865475,5,0.7853981633974483
1.6,0.7071067811865475,0.7071067811865475,5,0.7853981633974483
1.61,0.7071067811865475,0.7071067811865475,5,0.7853981633974483
1.62,0.7071067811865475,0.7071067811865475,5,0.7853981633974483
1.63,0.7071067811865475,0.7071067811865475,5,0.7853981633974483
1.64,0.7071067811865475,0.7071067811865475,5,0.7853981633974483
1.65,0.7071067811865475,0.7071067811865475,5,0.7853981633974483
1.66,0.7071067811865475,0.7071067811865475,5,0.7853981633974483
1.67,0.7071067811865475,0.7071067811865475,5,0.7853981633974483
1.68,0.7071067811865475,0.7071067811865475,5,0.7853981633974483
1.69,0.7071067811865475,0.7071067811865475,5,0.7853981633974483
1.7,0.7071067811865475,0.7071067811865475,5,0.7853981633974483
1.71,0.7071067811865475,0.7071067811865475,5,0.7853981633974483
1.72,0.7071067811865475,0.7071067811865475,5,0.7853981633974483
1.73,0.7071067811865475,0.7071067811865475,5,0.7853981633974483
1.74,0.7071067811865475,0.7071067811865475,5,0.7853981633974483
1.75,0.7071067811865475,0.7071067811865475,5,0.7853981633974483
1.76,0.7071067811865475,0.7071067811865475,5,0.7853981633974483
1.77,0.7071067811865475,0.7071067811865475,5,0.7853981633974483
1.78,0.7071067811865475,0.7071067811865475,5,0.7853981633974483
1.79,0.7071067811865475,0.7071067811865475,5,0.7853981633974483
1.8,0.7071067811865475,0.7071067811865475,5,0.7853981633974483
1.81,0.7071067811865475,0.7071067811865475,5,0.7853981633974483
1.82,0.7071067811865475,0.7071067811865475,5,0.7853981633974483
1.83,0.7071067811865475,0.7071067811865475,5,0.7853981633974483
1.84,0.7071067811865475,0.7071067811865475,5,0.7853981633974483
1.85,0.7071067811865475,0.7071067811865475,5,0.7853981633974483
1.86,0.7071067811865475,0.7071067811865475,5,0.7853981633974483
1.87,0.7071067811865475,0.7071067811865475,5,0.7853981633974483
1.88,0.7071067811865475,0.7071067811865475,5,0.7853981633974483
1.89,0.7071067811865475,0.7071067811865475,5,0.7853981633974483
1.9,0.7071067811865475,0.7071067811865475,5,0.7853981633974483
1.91,0.7071067811865475,0.7071067811865475,5,0.7853981633974483
1.92,0.7071067811865475,0.7071067811865475,5,0.7853981633974483
1.93,0.7071067811865475,0.7071067811865475,5,0.7853981633974483
1.94,0.7071067811865475,0.7071067811865475,5,0.7853981633974483
1.95,0.7071067811865475,0.7071067811865475,5,0.7853981633974483
1.96,0.7071067811865475,0.7071067811865475,5,0.7853981633974483
1.97,0.7071067811865475,0.7071067811865475,5,0.7853981633974483
1.98,0.7071067811865475,0.7071067811865475,5,0.7853981633974483
1.99,0.7071067811865475,0.7071067811865475,5,0.7853981633974483
2.0,0.7071067811865475,0.7071067811865475,5,0.7853981633974483
2.01,0.7071067811865475,0.7071067811865475,5,0.7853981633974483
2.02,0.7071067811865475,0.7071067811865475,5,0.7853981633974483
2.03,0.7071067811865475,0.7071067811865475,5,0.7853981633974483
2.04,0.7071067811865475,0.7071067811865475,5,0.7853981633974483
2.05,0.7071067811865475,0.7071067811865475,5,0.7853981633974483
2.06,0.7071067811865475,0.7071067811865475,5,0.7853981633974483
2.07,0.7071067811865475,0.7071067811865475,5,0.7853981633974483
2.08,0.7071067811865475,0.7071067811865475,5,0.7853981633974483
2.09,0.7071067811865475,0.7071067811865475,5,0.7853981633974483
2.1,0.7071067811865475,0.7071067811865475,5,0.7853981633974483
2.11,0.7071067811865475,0.7071067811865475,5,0.7853981633974483
2.12,0.7071067811865475,0.7071067811865475,5,0.7853981633974483
2.13,0.7071067811865475,0.7071067811865475,5,0.7853981633974483
2.14,0.7071067811865475,0.7071067811865475,5,0.7853981633974483
2.15,0.7071067811865475,0.7071067811865475,5,0.7853981633974483
2.16,0.7071067811865475,0.7071067811865475,5,0.7853981633974483
2.17,0.7071067811865475,0.7071067811865475,5,0.7853981633974483
2.18,0.7071067811865475,0.7071067811865475,5,0.7853981633974483
2.19,0.7071067811865475,0.7071067811865475,5,0.7853981633974483
2.2,0.7071067811865475,0.7071067811865475,5,0.7853981633974483
2.21,0.7071067811865475,0.7071067811865475,5,0.7853981633974483
2.22,0.7071067811865475,0.7071067811865475,5,0.7853981633974483
2.23,0.7071067811865475,0.7071067811865475,5,0.7853981633974483
2.24,0.7071067811865475,0.7071067811865475,5,0.7853981633974483
2.25,0.7071067811865475,0.7071067811865475,5,0.7853981633974483
2.26,0.7071067811865475,0.7071067811865475,5,0.7853981633974483
2.27,0.7071067811865475,0.7071067811865475,5,0.7853981633974483
2.28,0.7071067811865475,0.7071067811865475,5,0.7853981633974483
2.29,0.7071067811865475,0.7071067811865475,5,0.7853981633974483
2.3,0.7071067811865475,0.7071067811865475,5,0.7853981633974483
2.31,0.7071067811865475,0.7071067811865475,5,0.7853981633974483
2.32,0.7071067811865475,0.7071067811865475,5,0.7853981633974483
2.33,0.7071067811865475,0.7071067811865475,5,0.7853981633974483
2.34,0.7071067811865475,0.7071067811865475,5,0.7853981633974483
2.35,0.7071067811865475,0.7071067811865475,5,0.7853981633974483
2.36,0.7071067811865475,0.7071067811865475,5,0.7853981633974483
2.37,0.7071067811865475,0.7071067811865475,5,0.7853981633974483
2.38,0.7071067811865475,0.7071067811865475,5,0.7853981633974483
2.39,0.7071067811865475,0.7071067811865475,5,0.7853981633974483
2.4,0.7071067811865475,0.7071067811865475,5,0.7853981633974483
2.41,0.7071067811865475,0.7071067811865475,5,0.7853981633974483
2.42,0.7071067811865475,0.7071067811865475,5,0.7853981633974483
2.43,0.7071067811865475,0.7071067811865475,5,0.7853981633974483
2.44,0.7071067811865475,0.7071067811865475,5,0.7853981633974483
2.45,0.7071067811865475,0.7071067811865475,5,0.7853981633974483
2.46,0.7071067811865475,0.7071067811865475,5,0.7853981633974483
2.47,0.7071067811865475,0.7071067811865475,5,0.7853981633974483
2.48,0.7071067811865475,0.7071067811865475,5,0.7853981633974483
2.49,0.7071067811865475,0.7071067811865475,5,0.7853981633974483
2.5,0.7071067811865475,0.7071067811865475,5,0.7853981633974483
2.51,0.7071067811865475,0.7071067811865475,5,0.7853981633974483
2.52,0.7071067811865475,0.7071067811865475,5,0.7853981633974483
2.53,0.7071067811865475,0.7071067811865475,5,0.7853981633974483
2.54,0.7071067811865475,0.7071067811865475,5,0.7853981633974483
2.55,0.7071067811865475,0.7071067811865475,5,0.7853981633974483
2.56,0.7071067811865475,0.7071067811865475,5,0.7853981633974483
2.57,0.7071067811865475,0.7071067811865475,5,0.7853981633974483
2.58,0.7071067811865475,0.7071067811865475,5,0.7853981633974483
2.59,0.7071067811865475,0.7071067811865475,5,0.7853981633974483
2.6,0.7071067811865475,0.7071067811865475,5,0.7853981633974483
2.61,0.7071067811865475,0.7071067811865475,5,0.7853981633974483
2.62,0.7071067811865475,0.7071067811865475,5,0.7853981633974483
2.63,0.7071067811865475,0.7071067811865475,5,0.7853981633974483
2.64,0.7071067811865475,0.7071067811865475,5,0.7853981633974483
2.65,0.7071067811865475,0.7071067811865475,5,0.7853981633974483
2.66,0.7071067811865475,0.7071067811865475,5,0.7853981633974483
2.67,0.7071067811865475,0.7071067811865475,5,0.7853981633974483
2.68,0.7071067811865475,0.7071067811865475,5,0.7853981633974483
2.69,0.7071067811865475,0.7071067811865475,5,0.7853981633974483
2.7,0.7071067811865475,0.7071067811865475,5,0.7853981633974483
2.71,0.7071067811865475,0.7071067811865475,5,0.7853981633974483
2.72,0.7071067811865475,0.7071067811865475,5,0.7853981633974483
2.73,0.7071067811865475,0.7071067811865475,5,0.7853981633974483
2.74,0.7071067811865475,0.7071067811865475,5,0.7853981633974483
2.75,0.7071067811865475,0.7071067811865475,5,0.7853981633974483
2.76,0.7071067811865475,0.7071067811865475,5,0.7853981633974483
2.77,0.7071067811865475,0.7071067811865475,5,0.7853981633974483
2.78,0.7071067811865475,0.7071067811865475,5,0.7853981633974483
2.79,0.7071067811865475,0.7071067811865475,5,0.7853981633974483
2.8,0.7071067811865475,0.7071067811865475,5,0.7853981633974483
2.81,0.7071067811865475,0.7071067811865475,5,0.7853981633974483
2.82,0.7071067811865475,0.7071067811865475,5,0.7853981633974483
2.83,0.7071067811865475,0.7071067811865475,5,0.7853981633974483
2.84,0.7071067811865475,0.7071067811865475,5,0.7853981633974483
2.85,0.7071067811865475,0.7071067811865475,5,0.7853981633974483
2.86,0.7071067811865475,0.7071067811865475,5,0.7853981633974483
2.87,0.7071067811865475,0.7071067811865475,5,0.7853981633974483
2.88,0.7071067811865475,0.7071067811865475,5,0.7853981633974483
2.89,0.7071067811865475,0.7071067811865475,5,0.7853981633974483
2.9,0.7071067811865475,0.7071067811865475,5,0.7853981633974483
2.91,0.7071067811865475,0.7071067811865475,5,0.7853981633974483
2.92,0.7071067811865475,0.7071067811865475,5,0.7853981633974483
2.93,0.7071067811865475,0.7071067811865475,5,0.7853981633974483
2.94,0.7071067811865475,0.7071067811865475,5,0.7853981633974483
2.95,0.7071067811865475,0.7071067811865475,5,0.7853981633974483
2.96,0.7071067811865475,0.7071067811865475,5,0.7853981633974483
2.97,0.7071067811865475,0.7071067811865475,5,0.7853981633974483
2.98,0.7071067811865475,0.7071067811865475,5,0.7853981633974483
2.99,0.7071067811865475,0.7071067811865475,5,0.7853981633974483
3.0,0.7071067811865475,0.7071067811865475,5,0.7853981633974483
3.01,0.7071067811865475,0.7071067811865475,5,0.7853981633974483
3.02,0.7071067811865475,0.7071067811865475,5,0.7853981633974483
3.03,0.7071067811865475,0.7071067811865475,5,0.7853981633974483
3.04,0.7071067811865475,0.7071067811865475,5,0.7853981633974483
3.05,0.7071067811865475,0.7071067811865475,5,0.7853981633974483
3.06,0.7071067811865475,0.7071067811865475,5,0.7853981633974483
3.07,0.7071067811865475,0.7071067811865475,5,0.7853981633974483
3.08,0.7071067811865475,0.7071067811865475,5,0.7853981633974483
3.09,0.7071067811865475,0.7071067811865475,5,0.7853981633974483
3.1,0.7071067811865475,0.7071067811865475,5,0.7853981633974483
3.11,0.7071067811865475,0.7071067811865475,5,0.7853981633974483
3.12,0.7071067811865475,0.7071067811865475,5,0.7853981633974483
3.13,0.7071067811865475,0.7071067811865475,5,0.7853981633974483
3.14,0.7071067811865475,0.7071067811865475,5,0.7853981633974483
3.15,0.7071067811865475,0.7071067811865475,5,0.7853981633974483
3.16,0.7071067811865475,0.7071067811865475,5,0.7853981633974483
3.17,0.7071067811865475,0.7071067811865475,5,0.7853981633974483
3.18,0.7071067811865475,0.7071067811865475,5,0.7853981633974483
3.19,0.7071067811865475,0.7071067811865475,5,0.7853981633974483
3.2,0.7071067811865475,0.7071067811865475,5,0.7853981633974483
3.21,0.7071067811865475,0.7071067811865475,5,0.7853981633974483
3.22,0.7071067811865475,0.7071067811865475,5,0.7853981633974483
3.23,0.7071067811865475,0.7071067811865475,5,0.7853981633974483
3.24,0.7071067811865475,0.7071067811865475,5,0.7853981633974483
3.25,0.7071067811865475,0.7071067811865475,5,0.7853981633974483
3.26,0.7071067811865475,0.7071067811865475,5,0.7853981633974483
3.27,0.7071067811865475,0.7071067811865475,5,0.7853981633974483
3.28,0.7071067811865475,0.7071067811865475,5,0.7853981633974483
3.29,0.7071067811865475,0.7071067811865475,5,0.7853981633974483
3.3,0.7071067811865475,0.7071067811865475,5,0.7853981633974483
3.31,0.7071067811865475,0.7071067811865475,5,0.7853981633974483
3.32,0.7071067811865475,0.7071067811865475,5,0.7853981633974483
3.33,0.7071067811865475,0.7071067811865475,5,0.7853981633974483
3.34,0.7071067811865475,0.7071067811865475,5,0.7853981633974483
3.35,0.7071067811865475,0.7071067811865475,5,0.7853981633974483
3.36,0.7071067811865475,0.7071067811865475,5,0.7853981633974483
3.37,0.7071067811865475,0.7071067811865475,5,0.7853981633974483
3.38,0.7071067811865475,0.7071067811865475,5,0.7853981633974483
3.39,0.7071067811865475,0.7071067811865475,5,0.7853981633974483
3.4,0.7071067811865475,0.7071067811865475,5,0.7853981633974483
3.41,0.7071067811865475,0.7071067811865475,5,0.7853981633974483
3.42,0.7071067811865475,0.7071067811865475,5,0.7853981633974483
3.43,0.7071067811865475,0.7071067811865475,5,0.7853981633974483
3.44,0.7071067811865475,0.7071067811865475,5,0.7853981633974483
3.45,0.7071067811865475,0.7071067811865475,5,0.7853981633974483
3.46,0.7071067811865475,0.7071067811865475,5,0.7853981633974483
3.47,0.7071067811865475,0.7071067811865475,5,0.7853981633974483
3.48,0.7071067811865475,0.7071067811865475,5,0.7853981633974483
3.49,0.7071067811865475,0.7071067811865475,5,0.7853981633974483
3.5,0.7071067811865475,0.7071067811865475,5,0.7853981633974483
3.51,0.7071067811865475,0.7071067811865475,5,0.7853981633974483
3.52,0.7071067811865475,0.7071067811865475,5,0.7853981633974483
3.5355339059327378,-1.0606601717798212,1.0606601717798212,5,2.356194490192345
3.5455339059327375,-1.0606601717798212,1.0606601717798212,5,2.356194490192345
3.5555339059327378,-1.0606601717798212,1.0606601717798212,5,2.356194490192345
3.5655339059327376,-1.0606601717798212,1.0606601717798212,5,2.356194490192345
3.575533905932738,-1.0606601717798212,1.0606601717798212,5,2.356194490192345
3.5855339059327376,-1.0606601717798212,1.0606601717798212,5,2.356194490192345
3.595533905932738,-1.0606601717798212,1.0606601717798212,5,2.356194490192345
3.6055339059327376,-1.0606601717798212,1.0606601717798212,5,2.356194490192345
3.615533905932738,-1.0606601717798212,1.0606601717798212,5,2.356194490192345
3.6255339059327376,-1.0606601717798212,1.0606601717798212,5,2.356194490192345
3.635533905932738,-1.0606601717798212,1.0606601717798212,5,2.356194490192345
3.6455339059327376,-1.0606601717798212,1.0606601717798212,5,2.356194490192345
3.655533905932738,-1.0606601717798212,1.0606601717798212,5,2.356194490192345
3.6655339059327376,-1.0606601717798212,1.0606601717798212,5,2.356194490192345
3.675533905932738,-1.0606601717798212,1.0606601717798212,5,2.356194490192345
3.6855339059327377,-1.0606601717798212,1.0606601717798212,5,2.356194490192345
3.695533905932738,-1.0606601717798212,1.0606601717798212,5,2.356194490192345
3.7055339059327377,-1.0606601717798212,1.0606601717798212,5,2.356194490192345
3.715533905932738,-1.0606601717798212,1.0606601717798212,5,2.356194490192345
3.7255339059327377,-1.0606601717798212,1.0606601717798212,5,2.356194490192345
3.735533905932738,-1.0606601717798212,1.0606601717798212,5,2.356194490192345
3.7455339059327377,-1.0606601717798212,1.0606601717798212,5,2.356194490192345
3.755533905932738,-1.0606601717798212,1.0606601717798212,5,2.356194490192345
3.7655339059327377,-1.0606601717798212,1.0606601717798212,5,2.356194490192345
3.775533905932738,-1.0606601717798212,1.0606601717798212,5,2.356194490192345
3.7855339059327378,-1.0606601717798212,1.0606601717798212,5,2.356194490192345
3.7955339059327375,-1.0606601717798212,1.0606601717798212,5,2.356194490192345
3.8055339059327378,-1.0606601717798212,1.0606601717798212,5,2.356194490192345
3.815533905932738,-1.0606601717798212,1.0606601717798212,5,2.356194490192345
3.825533905932738,-1.0606601717798212,1.0606601717798212,5,2.356194490192345
3.8355339059327376,-1.0606601717798212,1.0606601717798212,5,2.356194490192345
3.845533905932738,-1.0606601717798212,1.0606601717798212,5,2.356194490192345
3.8555339059327376,-1.0606601717798212,1.0606601717798212,5,2.356194490192345
3.865533905932738,-1.0606601717798212,1.0606601717798212,5,2.356194490192345
3.8755339059327376,-1.0606601717798212,1.0606601717798212,5,2.356194490192345
3.885533905932738,-1.0606601717798212,1.0606601717798212,5,2.356194490192345
3.8955339059327376,-1.0606601717798212,1.0606601717798212,5,2.356194490192345
3.905533905932738,-1.0606601717798212,1.0606601717798212,5,2.356194490192345
3.9155339059327376,-1.0606601717798212,1.0606601717798212,5,2.356194490192345
3.925533905932738,-1.0606601717798212,1.0606601717798212,5,2.356194490192345
3.9355339059327377,-1.0606601717798212,1.0606601717798212,5,2.356194490192345
3.945533905932738,-1.0606601717798212,1.0606601717798212,5,2.356194490192345
3.9555339059327377,-1.0606601717798212,1.0606601717798212,5,2.356194490192345
3.965533905932738,-1.0606601717798212,1.0606601717798212,5,2.356194490192345
3.9755339059327377,-1.0606601717798212,1.0606601717798212,5,2.356194490192345
3.985533905932738,-1.0606601717798212,1.0606601717798212,5,2.356194490192345
3.9955339059327377,-1.0606601717798212,1.0606601717798212,5,2.356194490192345
4.0055339059327375,-1.0606601717798212,1.0606601717798212,5,2.356194490192345
4.015533905932738,-1.0606601717798212,1.0606601717798212,5,2.356194490192345
4.025533905932738,-1.0606601717798212,1.0606601717798212,5,2.356194490192345
4.035533905932738,-1.0606601717798212,1.0606601717798212,5,2.356194490192345
4.0455339059327375,-1.0606601717798212,1.0606601717798212,5,2.356194490192345
4.055533905932737,-1.0606601717798212,1.0606601717798212,5,2.356194490192345
4.065533905932738,-1.0606601717798212,1.0606601717798212,5,2.356194490192345
4.075533905932738,-1.0606601717798212,1.0606601717798212,5,2.356194490192345
4.085533905932738,-1.0606601717798212,1.0606601717798212,5,2.356194490192345
4.095533905932738,-1.0606601717798212,1.0606601717798212,5,2.356194490192345
4.105533905932738,-1.0606601717798212,1.0606601717798212,5,2.356194490192345
4.115533905932738,-1.0606601717798212,1.0606601717798212,5,2.356194490192345
4.125533905932738,-1.0606601717798212,1.0606601717798212,5,2.356194490192345
4.135533905932737,-1.0606601717798212,1.0606601717798212,5,2.356194490192345
4.145533905932738,-1.0606601717798212,1.0606601717798212,5,2.356194490192345
4.155533905932738,-1.0606601717798212,1.0606601717798212,5,2.356194490192345
4.165533905932738,-1.0606601717798212,1.0606601717798212,5,2.356194490192345
4.175533905932737,-1.0606601717798212,1.0606601717798212,5,2.356194490192345
4.185533905932738,-1.0606601717798212,1.0606601717798212,5,2.356194490192345
4.195533905932738,-1.0606601717798212,1.0606601717798212,5,2.356194490192345
4.205533905932738,-1.0606601717798212,1.0606601717798212,5,2.356194490192345
4.2155339059327375,-1.0606601717798212,1.0606601717798212,5,2.356194490192345
4.225533905932737,-1.0606601717798212,1.0606601717798212,5,2.356194490192345
4.235533905932738,-1.0606601717798212,1.0606601717798212,5,2.356194490192345
4.245533905932738,-1.0606601717798212,1.0606601717798212,5,2.356194490192345
4.2555339059327375,-1.0606601717798212,1.0606601717798212,5,2.356194490192345
4.265533905932738,-1.0606601717798212,1.0606601717798212,5,2.356194490192345
4.275533905932738,-1.0606601717798212,1.0606601717798212,5,2.356194490192345
4.285533905932738,-1.0606601717798212,1.0606601717798212,5,2.356194490192345
4.2955339059327375,-1.0606601717798212,1.0606601717798212,5,2.356194490192345
4.305533905932737,-1.0606601717798212,1.0606601717798212,5,2.356194490192345
4.315533905932738,-1.0606601717798212,1.0606601717798212,5,2.356194490192345
4.325533905932738,-1.0606601717798212,1.0606601717798212,5,2.356194490192345
4.335533905932738,-1.0606601717798212,1.0606601717798212,5,2.356194490192345
4.345533905932738,-1.0606601717798212,1.0606601717798212,5,2.356194490192345
4.355533905932738,-1.0606601717798212,1.0606601717798212,5,2.356194490192345
4.365533905932738,-1.0606601717798212,1.0606601717798212,5,2.356194490192345
4.375533905932738,-1.0606601717798212,1.0606601717798212,5,2.356194490192345
4.385533905932737,-1.0606601717798212,1.0606601717798212,5,2.356194490192345
4.395533905932738,-1.0606601717798212,1.0606601717798212,5,2.356194490192345
4.405533905932738,-1.0606601717798212,1.0606601717798212,5,2.356194490192345
4.415533905932738,-1.0606601717798212,1.0606601717798212,5,2.356194490192345
4.425533905932737,-1.0606601717798212,1.0606601717798212,5,2.356194490192345
4.435533905932738,-1.0606601717798212,1.0606601717798212,5,2.356194490192345
4.445533905932738,-1.0606601717798212,1.0606601717798212,5,2.356194490192345
4.455533905932738,-1.0606601717798212,1.0606601717798212,5,2.356194490192345
4.4655339059327375,-1.0606601717798212,1.0606601717798212,5,2.356194490192345
4.475533905932737,-1.0606601717798212,1.0606601717798212,5,2.356194490192345
4.485533905932738,-1.0606601717798212,1.0606601717798212,5,2.356194490192345
4.495533905932738,-1.0606601717798212,1.0606601717798212,5,2.356194490192345
4.5055339059327375,-1.0606601717798212,1.0606601717798212,5,2.356194490192345
4.515533905932738,-1.0606601717798212,1.0606601717798212,5,2.356194490192345
4.525533905932738,-1.0606601717798212,1.0606601717798212,5,2.356194490192345
4.535533905932738,-1.0606601717798212,1.0606601717798212,5,2.356194490192345
4.5455339059327375,-1.0606601717798212,1.0606601717798212,5,2.356194490192345
4.555533905932737,-1.0606601717798212,1.0606601717798212,5,2.356194490192345
4.565533905932738,-1.0606601717798212,1.0606601717798212,5,2.356194490192345
4.575533905932738,-1.0606601717798212,1.0606601717798212,5,2.356194490192345
4.585533905932738,-1.0606601717798212,1.0606601717798212,5,2.356194490192345
4.595533905932738,-1.0606601717798212,1.0606601717798212,5,2.356194490192345
4.605533905932738,-1.0606601717798212,1.0606601717798212,5,2.356194490192345
4.615533905932738,-1.0606601717798212,1.0606601717798212,5,2.356194490192345
4.625533905932738,-1.0606601717798212,1.0606601717798212,5,2.356194490192345
4.635533905932737,-1.0606601717798212,1.0606601717798212,5,2.356194490192345
4.645533905932738,-1.0606601717798212,1.0606601717798212,5,2.356194490192345
4.655533905932738,-1.0606601717798212,1.0606601717798212,5,2.356194490192345
4.665533905932738,-1.0606601717798212,1.0606601717798212,5,2.356194490192345
4.675533905932737,-1.0606601717798212,1.0606601717798212,5,2.356194490192345
4.685533905932738,-1.0606601717798212,1.0606601717798212,5,2.356194490192345
4.695533905932738,-1.0606601717798212,1.0606601717798212,5,2.356194490192345
4.705533905932738,-1.0606601717798212,1.0606601717798212,5,2.356194490192345
4.7155339059327375,-1.0606601717798212,1.0606601717798212,5,2.356194490192345
4.725533905932737,-1.0606601717798212,1.0606601717798212,5,2.356194490192345
4.735533905932738,-1.0606601717798212,1.0606601717798212,5,2.356194490192345
4.745533905932738,-1.0606601717798212,1.0606601717798212,5,2.356194490192345
4.7555339059327375,-1.0606601717798212,1.0606601717798212,5,2.356194490192345
4.765533905932738,-1.0606601717798212,1.0606601717798212,5,2.356194490192345
4.775533905932738,-1.0606601717798212,1.0606601717798212,5,2.356194490192345
4.785533905932738,-1.0606601717798212,1.0606601717798212,5,2.356194490192345
4.7955339059327375,-1.0606601717798212,1.0606601717798212,5,2.356194490192345
4.805533905932737,-1.0606601717798212,1.0606601717798212,5,2.356194490192345
4.815533905932738,-1.0606601717798212,1.0606601717798212,5,2.356194490192345
4.825533905932738,-1.0606601717798212,1.0606601717798212,5,2.356194490192345
4.835533905932738,-1.0606601717798212,1.0606601717798212,5,2.356194490192345
4.845533905932738,-1.0606601717798212,1.0606601717798212,5,2.356194490192345
4.855533905932738,-1.0606601717798212,1.0606601717798212,5,2.356194490192345
4.865533905932738,-1.0606601717798212,1.0606601717798212,5,2.356194490192345
4.875533905932738,-1.0606601717798212,1.0606601717798212,5,2.356194490192345
4.885533905932737,-1.0606601717798212,1.0606601717798212,5,2.356194490192345
4.895533905932738,-1.0606601717798212,1.0606601717798212,5,2.356194490192345
4.905533905932738,-1.0606601717798212,1.0606601717798212,5,2.356194490192345
4.915533905932738,-1.0606601717798212,1.0606601717798212,5,2.356194490192345
4.925533905932737,-1.0606601717798212,1.0606601717798212,5,2.356194490192345
4.935533905932738,-1.0606601717798212,1.0606601717798212,5,2.356194490192345
4.945533905932738,-1.0606601717798212,1.0606601717798212,5,2.356194490192345
4.955533905932738,-1.0606601717798212,1.0606601717798212,5,2.356194490192345
4.9655339059327375,-1.0606601717798212,1.0606601717798212,5,2.356194490192345
4.975533905932737,-1.0606601717798212,1.0606601717798212,5,2.356194490192345
4.985533905932738,-1.0606601717798212,1.0606601717798212,5,2.356194490192345
4.995533905932738,-1.0606601717798212,1.0606601717798212,5,2.356194490192345
5.0055339059327375,-1.0606601717798212,1.0606601717798212,5,2.356194490192345
5.015533905932738,-1.0606601717798212,1.0606601717798212,5,2.356194490192345
5.025533905932738,-1.0606601717798212,1.0606601717798212,5,2.356194490192345
5.035533905932738,-1.0606601717798212,1.0606601717798212,5,2.356194490192345
5.0455339059327375,-1.0606601717798212,1.0606601717798212,5,2.356194490192345
5.055533905932737,-1.0606601717798212,1.0606601717798212,5,2.356194490192345
5.065533905932738,-1.0606601717798212,1.0606601717798212,5,2.356194490192345
5.075533905932738,-1.0606601717798212,1.0606601717798212,5,2.356194490192345
5.085533905932738,-1.0606601717798212,1.0606601717798212,5,2.356194490192345
5.095533905932738,-1.0606601717798212,1.0606601717798212,5,2.356194490192345
5.105533905932738,-1.0606601717798212,1.0606601717798212,5,2.356194490192345
5.115533905932738,-1.0606601717798212,1.0606601717798212,5,2.356194490192345
5.125533905932738,-1.0606601717798212,1.0606601717798212,5,2.356194490192345
5.135533905932737,-1.0606601717798212,1.0606601717798212,5,2.356194490192345
5.145533905932738,-1.0606601717798212,1.0606601717798212,5,2.356194490192345
5.155533905932738,-1.0606601717798212,1.0606601717798212,5,2.356194490192345
5.165533905932738,-1.0606601717798212,1.0606601717798212,5,2.356194490192345
5.175533905932737,-1.0606601717798212,1.0606601717798212,5,2.356194490192345
5.185533905932738,-1.0606601717798212,1.0606601717798212,5,2.356194490192345
5.195533905932738,-1.0606601717798212,1.0606601717798212,5,2.356194490192345
5.205533905932738,-1.0606601717798212,1.0606601717798212,5,2.356194490192345
5.2155339059327375,-1.0606601717798212,1.0606601717798212,5,2.356194490192345
5.225533905932737,-1.0606601717798212,1.0606601717798212,5,2.356194490192345
5.235533905932738,-1.0606601717798212,1.0606601717798212,5,2.356194490192345
5.245533905932738,-1.0606601717798212,1.0606601717798212,5,2.356194490192345
5.2555339059327375,-1.0606601717798212,1.0606601717798212,5,2.356194490192345
5.265533905932738,-1.0606601717798212,1.0606601717798212,5,2.356194490192345
5.275533905932738,-1.0606601717798212,1.0606601717798212,5,2.356194490192345
5.285533905932738,-1.0606601717798212,1.0606601717798212,5,2.356194490192345
5.2955339059327375,-1.0606601717798212,1.0606601717798212,5,2.356194490192345
5.305533905932737,-1.0606601717798212,1.0606601717798212,5,2.356194490192345
5.315533905932738,-1.0606601717798212,1.0606601717798212,5,2.356194490192345
5.325533905932738,-1.0606601717798212,1.0606601717798212,5,2.356194490192345
5.335533905932738,-1.0606601717798212,1.0606601717798212,5,2.356194490192345
5.345533905932738,-1.0606601717798212,1.0606601717798212,5,2.356194490192345
5.355533905932738,-1.0606601717798212,1.0606601717798212,5,2.356194490192345
5.365533905932738,-1.0606601717798212,1.0606601717798212,5,2.356194490192345
5.375533905932738,-1.0606601717798212,1.0606601717798212,5,2.356194490192345
5.385533905932737,-1.0606601717798212,1.0606601717798212,5,2.356194490192345
5.395533905932738,-1.0606601717798212,1.0606601717798212,5,2.356194490192345
5.405533905932738,-1.0606601717798212,1.0606601717798212,5,2.356194490192345
5.415533905932738,-1.0606601717798212,1.0606601717798212,5,2.356194490192345
5.425533905932737,-1.0606601717798212,1.0606601717798212,5,2.356194490192345
5.435533905932738,-1.0606601717798212,1.0606601717798212,5,2.356194490192345
5.445533905932738,-1.0606601717798212,1.0606601717798212,5,2.356194490192345
5.455533905932738,-1.0606601717798212,1.0606601717798212,5,2.356194490192345
5.4655339059327375,-1.0606601717798212,1.0606601717798212,5,2.356194490192345
5.475533905932737,-1.0606601717798212,1.0606601717798212,5,2.356194490192345
5.485533905932738,-1.0606601717798212,1.0606601717798212,5,2.356194490192345
5.495533905932738,-1.0606601717798212,1.0606601717798212,5,2.356194490192345
5.5055339059327375,-1.0606601717798212,1.0606601717798212,5,2.356194490192345
5.515533905932738,-1.0606601717798212,1.0606601717798212,5,2.356194490192345
5.525533905932738,-1.0606601717798212,1.0606601717798212,5,2.356194490192345
5.535533905932738,-1.0606601717798212,1.0606601717798212,5,2.356194490192345
5.5455339059327375,-1.0606601717798212,1.0606601717798212,5,2.356194490192345
5.555533905932737,-1.0606601717798212,1.0606601717798212,5,2.356194490192345
5.565533905932737,-1.0606601717798212,1.0606601717798212,5,2.356194490192345
5.575533905932738,-1.0606601717798212,1.0606601717798212,5,2.356194490192345
5.585533905932738,-1.0606601717798212,1.0606601717798212,5,2.356194490192345
5.595533905932738,-1.0606601717798212,1.0606601717798212,5,2.356194490192345
5.605533905932738,-1.0606601717798212,1.0606601717798212,5,2.356194490192345
5.615533905932738,-1.0606601717798212,1.0606601717798212,5,2.356194490192345
5.625533905932738,-1.0606601717798212,1.0606601717798212,5,2.356194490192345
5.635533905932737,-1.0606601717798212,1.0606601717798212,5,2.356194490192345
5.645533905932737,-1.0606601717798212,1.0606601717798212,5,2.356194490192345
5.655533905932738,-1.0606601717798212,1.0606601717798212,5,2.356194490192345
5.665533905932738,-1.0606601717798212,1.0606601717798212,5,2.356194490192345
5.675533905932738,-1.0606601717798212,1.0606601717798212,5,2.356194490192345
5.685533905932738,-1.0606601717798212,1.0606601717798212,5,2.356194490192345
5.695533905932738,-1.0606601717798212,1.0606601717798212,5,2.356194490192345
5.705533905932738,-1.0606601717798212,1.0606601717798212,5,2.356194490192345
5.7155339059327375,-1.0606601717798212,1.0606601717798212,5,2.356194490192345
5.725533905932737,-1.0606601717798212,1.0606601717798212,5,2.356194490192345
5.735533905932738,-1.0606601717798212,1.0606601717798212,5,2.356194490192345
5.745533905932738,-1.0606601717798212,1.0606601717798212,5,2.356194490192345
5.755533905932738,-1.0606601717798212,1.0606601717798212,5,2.356194490192345
5.765533905932738,-1.0606601717798212,1.0606601717798212,5,2.356194490192345
5.775533905932738,-1.0606601717798212,1.0606601717798212,5,2.356194490192345
5.785533905932738,-1.0606601717798212,1.0606601717798212,5,2.356194490192345
5.7955339059327375,-1.0606601717798212,1.0606601717798212,5,2.356194490192345
5.805533905932737,-1.0606601717798212,1.0606601717798212,5,2.356194490192345
5.815533905932737,-1.0606601717798212,1.0606601717798212,5,2.356194490192345
5.825533905932738,-1.0606601717798212,1.0606601717798212,5,2.356194490192345
5.835533905932738,-1.0606601717798212,1.0606601717798212,5,2.356194490192345
5.845533905932738,-1.0606601717798212,1.0606601717798212,5,2.356194490192345
5.855533905932738,-1.0606601717798212,1.0606601717798212,5,2.356194490192345
5.865533905932738,-1.0606601717798212,1.0606601717798212,5,2.356194490192345
5.875533905932738,-1.0606601717798212,1.0606601717798212,5,2.356194490192345
5.892556509887896,-1.590990257669732,-1.590990257669732,5,-2.356194490192345
5.902556509887896,-1.590990257669732,-1.590990257669732,5,-2.356194490192345
5.912556509887896,-1.590990257669732,-1.590990257669732,5,-2.356194490192345
5.9225565098878965,-1.590990257669732,-1.590990257669732,5,-2.356194490192345
5.932556509887896,-1.590990257669732,-1.590990257669732,5,-2.356194490192345
5.942556509887896,-1.590990257669732,-1.590990257669732,5,-2.356194490192345
5.952556509887896,-1.590990257669732,-1.590990257669732,5,-2.356194490192345
5.9625565098878965,-1.590990257669732,-1.590990257669732,5,-2.356194490192345
5.972556509887896,-1.590990257669732,-1.590990257669732,5,-2.356194490192345
5.982556509887896,-1.590990257669732,-1.590990257669732,5,-2.356194490192345
5.992556509887896,-1.590990257669732,-1.590990257669732,5,-2.356194490192345
6.002556509887897,-1.590990257669732,-1.590990257669732,5,-2.356194490192345
6.012556509887896,-1.590990257669732,-1.590990257669732,5,-2.356194490192345
6.022556509887896,-1.590990257669732,-1.590990257669732,5,-2.356194490192345
6.032556509887896,-1.590990257669732,-1.590990257669732,5,-2.356194490192345
6.042556509887897,-1.590990257669732,-1.590990257669732,5,-2.356194490192345
6.052556509887896,-1.590990257669732,-1.590990257669732,5,-2.356194490192345
6.062556509887896,-1.590990257669732,-1.590990257669732,5,-2.356194490192345
6.072556509887896,-1.590990257669732,-1.590990257669732,5,-2.356194490192345
6.082556509887897,-1.590990257669732,-1.590990257669732,5,-2.356194490192345
6.092556509887896,-1.590990257669732,-1.590990257669732,5,-2.356194490192345
6.102556509887896,-1.590990257669732,-1.590990257669732,5,-2.356194490192345
6.112556509887896,-1.590990257669732,-1.590990257669732,5,-2.356194490192345
6.122556509887897,-1.590990257669732,-1.590990257669732,5,-2.356194490192345
6.1325565098878965,-1.590990257669732,-1.590990257669732,5,-2.356194490192345
6.142556509887896,-1.590990257669732,-1.590990257669732,5,-2.356194490192345
6.152556509887896,-1.590990257669732,-1.590990257669732,5,-2.356194490192345
6.162556509887896,-1.590990257669732,-1.590990257669732,5,-2.356194490192345
6.1725565098878965,-1.590990257669732,-1.590990257669732,5,-2.356194490192345
6.182556509887896,-1.590990257669732,-1.590990257669732,5,-2.356194490192345
6.192556509887896,-1.590990257669732,-1.590990257669732,5,-2.356194490192345
6.202556509887896,-1.590990257669732,-1.590990257669732,5,-2.356194490192345
6.2125565098878965,-1.590990257669732,-1.590990257669732,5,-2.356194490192345
6.222556509887896,-1.590990257669732,-1.590990257669732,5,-2.356194490192345
6.232556509887896,-1.590990257669732,-1.590990257669732,5,-2.356194490192345
6.242556509887896,-1.590990257669732,-1.590990257669732,5,-2.356194490192345
6.252556509887897,-1.590990257669732,-1.590990257669732,5,-2.356194490192345
6.262556509887896,-1.590990257669732,-1.590990257669732,5,-2.356194490192345
6.272556509887896,-1.590990257669732,-1.590990257669732,5,-2.356194490192345
6.282556509887896,-1.590990257669732,-1.590990257669732,5,-2.356194490192345
6.292556509887897,-1.590990257669732,-1.590990257669732,5,-2.356194490192345
6.302556509887896,-1.590990257669732,-1.590990257669732,5,-2.356194490192345
6.312556509887896,-1.590990257669732,-1.590990257669732,5,-2.356194490192345
6.322556509887896,-1.590990257669732,-1.590990257669732,5,-2.356194490192345
6.332556509887897,-1.590990257669732,-1.590990257669732,5,-2.356194490192345
6.342556509887896,-1.590990257669732,-1.590990257669732,5,-2.356194490192345
6.352556509887896,-1.590990257669732,-1.590990257669732,5,-2.356194490192345
6.362556509887896,-1.590990257669732,-1.590990257669732,5,-2.356194490192345
6.372556509887897,-1.590990257669732,-1.590990257669732,5,-2.356194490192345
6.3825565098878965,-1.590990257669732,-1.590990257669732,5,-2.356194490192345
6.392556509887896,-1.590990257669732,-1.590990257669732,5,-2.356194490192345
6.402556509887896,-1.590990257669732,-1.590990257669732,5,-2.356194490192345
6.412556509887896,-1.590990257669732,-1.590990257669732,5,-2.356194490192345
6.4225565098878965,-1.590990257669732,-1.590990257669732,5,-2.356194490192345
6.432556509887896,-1.590990257669732,-1.590990257669732,5,-2.356194490192345
6.442556509887896,-1.590990257669732,-1.590990257669732,5,-2.356194490192345
6.452556509887897,-1.590990257669732,-1.590990257669732,5,-2.356194490192345
6.4625565098878965,-1.590990257669732,-1.590990257669732,5,-2.356194490192345
6.472556509887896,-1.590990257669732,-1.590990257669732,5,-2.356194490192345
6.482556509887896,-1.590990257669732,-1.590990257669732,5,-2.356194490192345
6.492556509887896,-1.590990257669732,-1.590990257669732,5,-2.356194490192345
6.502556509887897,-1.590990257669732,-1.590990257669732,5,-2.356194490192345
6.512556509887896,-1.590990257669732,-1.590990257669732,5,-2.356194490192345
6.522556509887896,-1.590990257669732,-1.590990257669732,5,-2.356194490192345
6.532556509887896,-1.590990257669732,-1.590990257669732,5,-2.356194490192345
6.542556509887897,-1.590990257669732,-1.590990257669732,5,-2.356194490192345
6.552556509887896,-1.590990257669732,-1.590990257669732,5,-2.356194490192345
6.562556509887896,-1.590990257669732,-1.590990257669732,5,-2.356194490192345
6.572556509887896,-1.590990257669732,-1.590990257669732,5,-2.356194490192345
6.582556509887896,-1.590990257669732,-1.590990257669732,5,-2.356194490192345
6.592556509887896,-1.590990257669732,-1.590990257669732,5,-2.356194490192345
6.602556509887896,-1.590990257669732,-1.590990257669732,5,-2.356194490192345
6.612556509887896,-1.590990257669732,-1.590990257669732,5,-2.356194490192345
6.622556509887897,-1.590990257669732,-1.590990257669732,5,-2.356194490192345
6.6325565098878965,-1.590990257669732,-1.590990257669732,5,-2.356194490192345
6.642556509887896,-1.590990257669732,-1.590990257669732,5,-2.356194490192345
6.652556509887896,-1.590990257669732,-1.590990257669732,5,-2.356194490192345
6.662556509887896,-1.590990257669732,-1.590990257669732,5,-2.356194490192345
6.6725565098878965,-1.590990257669732,-1.590990257669732,5,-2.356194490192345
6.682556509887896,-1.590990257669732,-1.590990257669732,5,-2.356194490192345
6.692556509887896,-1.590990257669732,-1.590990257669732,5,-2.356194490192345
6.702556509887897,-1.590990257669732,-1.590990257669732,5,-2.356194490192345
6.7125565098878965,-1.590990257669732,-1.590990257669732,5,-2.356194490192345
6.722556509887896,-1.590990257669732,-1.590990257669732,5,-2.356194490192345
6.732556509887896,-1.590990257669732,-1.590990257669732,5,-2.356194490192345
6.742556509887896,-1.590990257669732,-1.590990257669732,5,-2.356194490192345
6.752556509887897,-1.590990257669732,-1.590990257669732,5,-2.356194490192345
6.762556509887896,-1.590990257669732,-1.590990257669732,5,-2.356194490192345
6.772556509887896,-1.590990257669732,-1.590990257669732,5,-2.356194490192345
6.782556509887896,-1.590990257669732,-1.590990257669732,5,-2.356194490192345
6.792556509887897,-1.590990257669732,-1.590990257669732,5,-2.356194490192345
6.802556509887896,-1.590990257669732,-1.590990257669732,5,-2.356194490192345
6.812556509887896,-1.590990257669732,-1.590990257669732,5,-2.356194490192345
6.822556509887896,-1.590990257669732,-1.590990257669732,5,-2.356194490192345
6.832556509887896,-1.590990257669732,-1.590990257669732,5,-2.356194490192345
6.842556509887896,-1.590990257669732,-1.590990257669732,5,-2.356194490192345
6.852556509887896,-1.590990257669732,-1.590990257669732,5,-2.356194490192345
6.862556509887896,-1.590990257669732,-1.590990257669732,5,-2.356194490192345
6.872556509887897,-1.590990257669732,-1.590990257669732,5,-2.356194490192345
6.8825565098878965,-1.590990257669732,-1.590990257669732,5,-2.356194490192345
6.892556509887896,-1.590990257669732,-1.590990257669732,5,-2.356194490192345
6.902556509887896,-1.590990257669732,-1.590990257669732,5,-2.356194490192345
6.912556509887896,-1.590990257669732,-1.590990257669732,5,-2.356194490192345
6.9225565098878965,-1.590990257669732,-1.590990257669732,5,-2.356194490192345
6.932556509887896,-1.590990257669732,-1.590990257669732,5,-2.356194490192345
6.942556509887896,-1.590990257669732,-1.590990257669732,5,-2.356194490192345
6.952556509887897,-1.590990257669732,-1.590990257669732,5,-2.356194490192345
6.9625565098878965,-1.590990257669732,-1.590990257669732,5,-2.356194490192345
6.972556509887896,-1.590990257669732,-1.590990257669732,5,-2.356194490192345
6.982556509887896,-1.590990257669732,-1.590990257669732,5,-2.356194490192345
6.992556509887896,-1.590990257669732,-1.590990257669732,5,-2.356194490192345
7.002556509887897,-1.590990257669732,-1.590990257669732,5,-2.356194490192345
7.012556509887896,-1.590990257669732,-1.590990257669732,5,-2.356194490192345
7.022556509887896,-1.590990257669732,-1.590990257669732,5,-2.356194490192345
7.032556509887896,-1.590990257669732,-1.590990257669732,5,-2.356194490192345
7.042556509887897,-1.590990257669732,-1.590990257669732,5,-2.356194490192345
7.052556509887896,-1.590990257669732,-1.590990257669732,5,-2.356194490192345
7.062556509887896,-1.590990257669732,-1.590990257669732,5,-2.356194490192345
7.072556509887896,-1.590990257669732,-1.590990257669732,5,-2.356194490192345
7.082556509887896,-1.590990257669732,-1.590990257669732,5,-2.356194490192345
7.092556509887896,-1.590990257669732,-1.590990257669732,5,-2.356194490192345
7.102556509887896,-1.590990257669732,-1.590990257669732,5,-2.356194490192345
7.112556509887896,-1.590990257669732,-1.590990257669732,5,-2.356194490192345
7.122556509887897,-1.590990257669732,-1.590990257669732,5,-2.356194490192345
7.1325565098878965,-1.590990257669732,-1.590990257669732,5,-2.356194490192345
7.142556509887896,-1.590990257669732,-1.590990257669732,5,-2.356194490192345
7.152556509887896,-1.590990257669732,-1.590990257669732,5,-2.356194490192345
7.162556509887896,-1.590990257669732,-1.590990257669732,5,-2.356194490192345
7.1725565098878965,-1.590990257669732,-1.590990257669732,5,-2.356194490192345
7.182556509887896,-1.590990257669732,-1.590990257669732,5,-2.356194490192345
7.192556509887896,-1.590990257669732,-1.590990257669732,5,-2.356194490192345
7.202556509887897,-1.590990257669732,-1.590990257669732,5,-2.356194490192345
7.2125565098878965,-1.590990257669732,-1.590990257669732,5,-2.356194490192345
7.222556509887896,-1.590990257669732,-1.590990257669732,5,-2.356194490192345
7.232556509887896,-1.590990257669732,-1.590990257669732,5,-2.356194490192345
7.242556509887896,-1.590990257669732,-1.590990257669732,5,-2.356194490192345
7.252556509887897,-1.590990257669732,-1.590990257669732,5,-2.356194490192345
7.262556509887896,-1.590990257669732,-1.590990257669732,5,-2.356194490192345
7.272556509887896,-1.590990257669732,-1.590990257669732,5,-2.356194490192345
7.282556509887896,-1.590990257669732,-1.590990257669732,5,-2.356194490192345
7.292556509887897,-1.590990257669732,-1.590990257669732,5,-2.356194490192345
7.302556509887896,-1.590990257669732,-1.590990257669732,5,-2.356194490192345
7.312556509887896,-1.590990257669732,-1.590990257669732,5,-2.356194490192345
7.322556509887896,-1.590990257669732,-1.590990257669732,5,-2.356194490192345
7.332556509887896,-1.590990257669732,-1.590990257669732,5,-2.356194490192345
7.342556509887896,-1.590990257669732,-1.590990257669732,5,-2.356194490192345
7.352556509887896,-1.590990257669732,-1.590990257669732,5,-2.356194490192345
7.362556509887896,-1.590990257669732,-1.590990257669732,5,-2.356194490192345
7.372556509887897,-1.590990257669732,-1.590990257669732,5,-2.356194490192345
7.3825565098878965,-1.590990257669732,-1.590990257669732,5,-2.356194490192345
7.392556509887896,-1.590990257669732,-1.590990257669732,5,-2.356194490192345
7.402556509887896,-1.590990257669732,-1.590990257669732,5,-2.356194490192345
7.412556509887896,-1.590990257669732,-1.590990257669732,5,-2.356194490192345
7.4225565098878965,-1.590990257669732,-1.590990257669732,5,-2.356194490192345
7.432556509887896,-1.590990257669732,-1.590990257669732,5,-2.356194490192345
7.442556509887896,-1.590990257669732,-1.590990257669732,5,-2.356194490192345
7.452556509887897,-1.590990257669732,-1.590990257669732,5,-2.356194490192345
7.463904912524669,2.3864853865045976,-2.3864853865045976,5,-0.7853981633974483
7.473904912524668,2.3864853865045976,-2.3864853865045976,5,-0.7853981633974483
7.483904912524668,2.3864853865045976,-2.3864853865045976,5,-0.7853981633974483
7.493904912524669,2.3864853865045976,-2.3864853865045976,5,-0.7853981633974483
7.503904912524669,2.3864853865045976,-2.3864853865045976,5,-0.7853981633974483
7.513904912524668,2.3864853865045976,-2.3864853865045976,5,-0.7853981633974483
7.523904912524668,2.3864853865045976,-2.3864853865045976,5,-0.7853981633974483
7.533904912524669,2.3864853865045976,-2.3864853865045976,5,-0.7853981633974483
7.543904912524669,2.3864853865045976,-2.3864853865045976,5,-0.7853981633974483
7.5539049125246684,2.3864853865045976,-2.3864853865045976,5,-0.7853981633974483
7.563904912524668,2.3864853865045976,-2.3864853865045976,5,-0.7853981633974483
7.573904912524669,2.3864853865045976,-2.3864853865045976,5,-0.7853981633974483
7.583904912524669,2.3864853865045976,-2.3864853865045976,5,-0.7853981633974483
7.5939049125246685,2.3864853865045976,-2.3864853865045976,5,-0.7853981633974483
7.603904912524668,2.3864853865045976,-2.3864853865045976,5,-0.7853981633974483
7.613904912524669,2.3864853865045976,-2.3864853865045976,5,-0.7853981633974483
7.623904912524669,2.3864853865045976,-2.3864853865045976,5,-0.7853981633974483
7.6339049125246685,2.3864853865045976,-2.3864853865045976,5,-0.7853981633974483
7.643904912524668,2.3864853865045976,-2.3864853865045976,5,-0.7853981633974483
7.653904912524669,2.3864853865045976,-2.3864853865045976,5,-0.7853981633974483
7.663904912524669,2.3864853865045976,-2.3864853865045976,5,-0.7853981633974483
7.6739049125246686,2.3864853865045976,-2.3864853865045976,5,-0.7853981633974483
7.683904912524668,2.3864853865045976,-2.3864853865045976,5,-0.7853981633974483
7.693904912524669,2.3864853865045976,-2.3864853865045976,5,-0.7853981633974483
7.703904912524669,2.3864853865045976,-2.3864853865045976,5,-0.7853981633974483
7.713904912524669,2.3864853865045976,-2.3864853865045976,5,-0.7853981633974483
7.723904912524668,2.3864853865045976,-2.3864853865045976,5,-0.7853981633974483
7.733904912524668,2.3864853865045976,-2.3864853865045976,5,-0.7853981633974483
7.743904912524669,2.3864853865045976,-2.3864853865045976,5,-0.7853981633974483
7.753904912524669,2.3864853865045976,-2.3864853865045976,5,-0.7853981633974483
7.763904912524668,2.3864853865045976,-2.3864853865045976,5,-0.7853981633974483
7.773904912524668,2.3864853865045976,-2.3864853865045976,5,-0.7853981633974483
7.783904912524669,2.3864853865045976,-2.3864853865045976,5,-0.7853981633974483
7.793904912524669,2.3864853865045976,-2.3864853865045976,5,-0.7853981633974483
7.8039049125246684,2.3864853865045976,-2.3864853865045976,5,-0.7853981633974483
7.813904912524668,2.3864853865045976,-2.3864853865045976,5,-0.7853981633974483
7.823904912524669,2.3864853865045976,-2.3864853865045976,5,-0.7853981633974483
7.833904912524669,2.3864853865045976,-2.3864853865045976,5,-0.7853981633974483
7.8439049125246685,2.3864853865045976,-2.3864853865045976,5,-0.7853981633974483
7.853904912524668,2.3864853865045976,-2.3864853865045976,5,-0.7853981633974483
7.863904912524669,2.3864853865045976,-2.3864853865045976,5,-0.7853981633974483
7.873904912524669,2.3864853865045976,-2.3864853865045976,5,-0.7853981633974483
7.8839049125246685,2.3864853865045976,-2.3864853865045976,5,-0.7853981633974483
7.893904912524668,2.3864853865045976,-2.3864853865045976,5,-0.7853981633974483
7.903904912524669,2.3864853865045976,-2.3864853865045976,5,-0.7853981633974483
7.913904912524669,2.3864853865045976,-2.3864853865045976,5,-0.7853981633974483
7.9239049125246686,2.3864853865045976,-2.3864853865045976,5,-0.7853981633974483
7.933904912524668,2.3864853865045976,-2.3864853865045976,5,-0.7853981633974483
7.943904912524669,2.3864853865045976,-2.3864853865045976,5,-0.7853981633974483
7.953904912524669,2.3864853865045976,-2.3864853865045976,5,-0.7853981633974483
7.963904912524669,2.3864853865045976,-2.3864853865045976,5,-0.7853981633974483
7.973904912524668,2.3864853865045976,-2.3864853865045976,5,-0.7853981633974483
7.983904912524668,2.3864853865045976,-2.3864853865045976,5,-0.7853981633974483
7.993904912524669,2.3864853865045976,-2.3864853865045976,5,-0.7853981633974483
8.003904912524668,2.3864853865045976,-2.3864853865045976,5,-0.7853981633974483
8.01390491252467,2.3864853865045976,-2.3864853865045976,5,-0.7853981633974483
8.023904912524669,2.3864853865045976,-2.3864853865045976,5,-0.7853981633974483
8.033904912524669,2.3864853865045976,-2.3864853865045976,5,-0.7853981633974483
8.043904912524669,2.3864853865045976,-2.3864853865045976,5,-0.7853981633974483
8.053904912524668,2.3864853865045976,-2.3864853865045976,5,-0.7853981633974483
8.063904912524668,2.3864853865045976,-2.3864853865045976,5,-0.7853981633974483
8.073904912524668,2.3864853865045976,-2.3864853865045976,5,-0.7853981633974483
8.083904912524668,2.3864853865045976,-2.3864853865045976,5,-0.7853981633974483
8.09390491252467,2.3864853865045976,-2.3864853865045976,5,-0.7853981633974483
8.10390491252467,2.3864853865045976,-2.3864853865045976,5,-0.7853981633974483
8.113904912524669,2.3864853865045976,-2.3864853865045976,5,-0.7853981633974483
8.123904912524669,2.3864853865045976,-2.3864853865045976,5,-0.7853981633974483
8.133904912524669,2.3864853865045976,-2.3864853865045976,5,-0.7853981633974483
8.143904912524668,2.3864853865045976,-2.3864853865045976,5,-0.7853981633974483
8.153904912524668,2.3864853865045976,-2.3864853865045976,5,-0.7853981633974483
8.163904912524668,2.3864853865045976,-2.3864853865045976,5,-0.7853981633974483
8.17390491252467,2.3864853865045976,-2.3864853865045976,5,-0.7853981633974483
8.18390491252467,2.3864853865045976,-2.3864853865045976,5,-0.7853981633974483
8.193904912524669,2.3864853865045976,-2.3864853865045976,5,-0.7853981633974483
8.203904912524669,2.3864853865045976,-2.3864853865045976,5,-0.7853981633974483
8.213904912524669,2.3864853865045976,-2.3864853865045976,5,-0.7853981633974483
8.223904912524668,2.3864853865045976,-2.3864853865045976,5,-0.7853981633974483
8.233904912524668,2.3864853865045976,-2.3864853865045976,5,-0.7853981633974483
8.243904912524668,2.3864853865045976,-2.3864853865045976,5,-0.7853981633974483
8.253904912524668,2.3864853865045976,-2.3864853865045976,5,-0.7853981633974483
8.26390491252467,2.3864853865045976,-2.3864853865045976,5,-0.7853981633974483
8.273904912524669,2.3864853865045976,-2.3864853865045976,5,-0.7853981633974483
8.283904912524669,2.3864853865045976,-2.3864853865045976,5,-0.7853981633974483
8.293904912524669,2.3864853865045976,-2.3864853865045976,5,-0.7853981633974483
8.303904912524668,2.3864853865045976,-2.3864853865045976,5,-0.7853981633974483
8.313904912524668,2.3864853865045976,-2.3864853865045976,5,-0.7853981633974483
8.323904912524668,2.3864853865045976,-2.3864853865045976,5,-0.7853981633974483
8.333904912524668,2.3864853865045976,-2.3864853865045976,5,-0.7853981633974483
8.34390491252467,2.3864853865045976,-2.3864853865045976,5,-0.7853981633974483
8.35390491252467,2.3864853865045976,-2.3864853865045976,5,-0.7853981633974483
8.363904912524669,2.3864853865045976,-2.3864853865045976,5,-0.7853981633974483
8.373904912524669,2.3864853865045976,-2.3864853865045976,5,-0.7853981633974483
8.383904912524669,2.3864853865045976,-2.3864853865045976,5,-0.7853981633974483
8.393904912524668,2.3864853865045976,-2.3864853865045976,5,-0.7853981633974483
8.403904912524668,2.3864853865045976,-2.3864853865045976,5,-0.7853981633974483
8.413904912524668,2.3864853865045976,-2.3864853865045976,5,-0.7853981633974483
8.42390491252467,2.3864853865045976,-2.3864853865045976,5,-0.7853981633974483
8.43390491252467,2.3864853865045976,-2.3864853865045976,5,-0.7853981633974483
8.443904912524669,2.3864853865045976,-2.3864853865045976,5,-0.7853981633974483
8.453904912524669,2.3864853865045976,-2.3864853865045976,5,-0.7853981633974483
8.463904912524669,2.3864853865045976,-2.3864853865045976,5,-0.7853981633974483
8.473904912524668,2.3864853865045976,-2.3864853865045976,5,-0.7853981633974483
8.483904912524668,2.3864853865045976,-2.3864853865045976,5,-0.7853981633974483
8.493904912524668,2.3864853865045976,-2.3864853865045976,5,-0.7853981633974483
