time,Vx,Vy,Z,heading
0.0,1.0,0.7852683286227969,0.5,0.0
0.010025062656641603,1.0,0.7848789015644941,0.5,0.0
0.020050125313283207,1.0,0.7837110066357347,0.5,0.0
0.03007518796992481,1.0,0.7817658021918727,0.5,0.0
0.040100250626566414,1.0,0.7790452175485745,0.5,0.0
0.05012531328320802,1.0,0.7755519510682618,0.5,0.0
0.06015037593984962,1.0,0.7712894674837902,0.5,0.0
0.07017543859649122,1.0,0.7662619944620177,0.5,0.0
0.08020050125313283,1.0,0.7604745184106663,0.5,0.0
0.09022556390977443,1.0,0.7539327795326498,0.5,0.0
0.10025062656641603,1.0,0.7466432661327551,0.5,0.0
0.11027568922305764,1.0,0.7386132081823327,0.5,0.0
0.12030075187969924,1.0,0.7298505701483853,0.5,0.0
0.13032581453634084,1.0,0.7203640430941531,0.5,0.0
0.14035087719298245,1.0,0.7101630360590452,0.5,0.0
0.15037593984962405,1.0,0.6992576667264458,0.5,0.0
0.16040100250626566,1.0,0.6876587513886809,0.5,0.0
0.17042606516290726,1.0,0.6753777942190782,0.5,0.0
0.18045112781954886,1.0,0.6624269758617558,0.5,0.0
0.19047619047619047,1.0,0.6488191413504705,0.5,0.0
0.20050125313283207,1.0,0.6345677873685096,0.5,0.0
0.21052631578947367,1.0,0.6196870488622492,0.5,0.0
0.22055137844611528,1.0,0.6041916850216635,0.5,0.0
0.23057644110275688,1.0,0.5880970646416994,0.5,0.0
0.24060150375939848,1.0,0.5714191508789952,0.5,0.0
0.2506265664160401,1.0,0.5541744854191322,0.5,0.0
0.2606516290726817,1.0,0.5363801720700678,0.5,0.0
0.2706766917293233,1.0,0.5180538597980178,0.5,0.0
0.2807017543859649,1.0,0.4992137252226616,0.5,0.0
0.2907268170426065,1.0,0.47987845458898803,0.5,0.0
0.3007518796992481,1.0,0.4600672252336846,0.5,0.0
0.3107769423558897,1.0,0.4397996865644451,0.5,0.0
0.3208020050125313,1.0,0.4190959405710668,0.5,0.0
0.3308270676691729,1.0,0.39797652188764054,0.5,0.0
0.3408521303258145,1.0,0.37646237742566413,0.5,0.0
0.3508771929824561,1.0,0.35457484559823094,0.5,0.0
0.3609022556390977,1.0,0.33233563515588926,0.5,0.0
0.37092731829573933,1.0,0.3097668036552399,0.5,0.0
0.38095238095238093,1.0,0.2868907355815402,0.5,0.0
0.39097744360902253,1.0,0.2637301201470468,0.5,0.0
0.40100250626566414,1.0,0.24030792878714635,0.5,0.0
0.41102756892230574,1.0,0.21664739237655972,0.5,0.0
0.42105263157894735,1.0,0.19277197818820824,0.5,0.0
0.43107769423558895,1.0,0.1687053666176297,0.5,0.0
0.44110275689223055,1.0,0.14447142769601307,0.5,0.0
0.45112781954887216,1.0,0.12009419741513483,0.5,0.0
0.46115288220551376,1.0,0.09559785388770514,0.5,0.0
0.47117794486215536,1.0,0.07100669336673882,0.5,0.0
0.48120300751879697,1.0,0.04634510614776133,0.5,0.0
0.49122807017543857,1.0,0.02163755237774545,0.5,0.0
0.5012531328320802,1.0,-0.003091462205253137,0.5,0.0
0.5112781954887218,1.0,-0.027817410577661406,0.5,0.0
0.5213032581453634,1.0,-0.05251576875707009,0.5,0.0
0.531328320802005,1.0,-0.07716204012590921,0.5,0.0
0.5413533834586466,1.0,-0.10173177972795244,0.5,0.0
0.5513784461152882,1.0,-0.12620061851361797,0.5,0.0
0.5614035087719298,1.0,-0.15054428750997495,0.5,0.0
0.5714285714285714,1.0,-0.1747386418914587,0.5,0.0
0.581453634085213,1.0,-0.1987596849275004,0.5,0.0
0.5914786967418546,1.0,-0.22258359178323595,0.5,0.0
0.6015037593984962,1.0,-0.2461867331497345,0.5,0.0
0.6115288220551378,1.0,-0.2695456986803073,0.5,0.0
0.6215538847117794,1.0,-0.2926373202096286,0.5,0.0
0.631578947368421,1.0,-0.31543869473266284,0.5,0.0
0.6416040100250626,1.0,-0.3379272071205808,0.5,0.0
0.6516290726817042,1.0,-0.360080552551187,0.5,0.0
0.6616541353383458,1.0,-0.3818767586315328,0.5,0.0
0.6716791979949874,1.0,-0.40329420719084297,0.5,0.0
0.681704260651629,1.0,-0.42431165572210716,0.5,0.0
0.6917293233082706,1.0,-0.4449082584510684,0.5,0.0
0.7017543859649122,1.0,-0.46506358701173056,0.5,0.0
0.7117794486215538,1.0,-0.48475765070785215,0.5,0.0
0.7218045112781954,1.0,-0.5039709163403714,0.5,0.0
0.731829573934837,1.0,-0.5226843275810431,0.5,0.0
0.7418546365914787,1.0,-0.5408793238731171,0.5,0.0
0.7518796992481203,1.0,-0.558537858840273,0.5,0.0
0.7619047619047619,1.0,-0.5756424181856179,0.5,0.0
0.7719298245614035,1.0,-0.5921760370629068,0.5,0.0
0.7819548872180451,1.0,-0.6081223169028105,0.5,0.0
0.7919799498746867,1.0,-0.6234654416775545,0.5,0.0
0.8020050125313283,1.0,-0.6381901935877403,0.5,0.0
0.8120300751879699,1.0,-0.6522819681558749,0.5,0.0
0.8220551378446115,1.0,-0.6657267887115168,0.5,0.0
0.8320802005012531,1.0,-0.678511320253806,0.5,0.0
0.8421052631578947,1.0,-0.6906228826775402,0.5,0.0
0.8521303258145363,1.0,-0.7020494633497014,0.5,0.0
0.8621553884711779,1.0,-0.7127797290239686,0.5,0.0
0.8721804511278195,1.0,-0.7228030370813965,0.5,0.0
0.8822055137844611,1.0,-0.7321094460861026,0.5,0.0
0.8922305764411027,1.0,-0.7406897256454803,0.5,0.0
0.9022556390977443,1.0,-0.7485353655652398,0.5,0.0
0.9122807017543859,1.0,-0.755638584290045,0.5,0.0
0.9223057644110275,1.0,-0.7619923366215331,0.5,0.0
0.9323308270676691,1.0,-0.7675903207059549,0.5,0.0
0.9423558897243107,1.0,-0.772426984284561,0.5,0.0
0.9523809523809523,1.0,-0.7764975302005108,0.5,0.0
0.9624060150375939,1.0,-0.7797979211568178,0.5,0.0
0.9724310776942355,1.0,-0.782324883720725,0.5,0.0
0.9824561403508771,1.0,-0.7840759115703453,0.5,0.0
0.9924812030075187,1.0,-0.7850492679805371,0.5,0.0
1.0025062656641603,1.0,-0.7852439875454392,0.5,0.0
1.012531328320802,1.0,-0.7846598771359911,0.5,0.0
1.0225563909774436,1.0,-0.7832975160914841,0.5,0.0
1.0325814536340852,1.0,-0.781158255644954,0.5,0.0
1.0426065162907268,1.0,-0.7782442175829913,0.5,0.0
1.0526315789473684,1.0,-0.7745582921412586,0.5,0.0
1.06265664160401,1.0,-0.7701041351379159,0.5,0.0
1.0726817042606516,1.0,-0.7648861643476108,0.5,0.0
1.0827067669172932,1.0,-0.7589095551198155,0.5,0.0
1.0927318295739348,1.0,-0.7521802352457461,0.5,0.0
1.1027568922305764,1.0,-0.7447048790789901,0.5,0.0
1.112781954887218,1.0,-0.736490900915669,0.5,0.0
1.1228070175438596,1.0,-0.7275464476407034,0.5,0.0
1.1328320802005012,1.0,-0.7178803906474833,0.5,0.0
1.1428571428571428,1.0,-0.7075023170389061,0.5,0.0
1.1528822055137844,1.0,-0.6964225201186336,0.5,0.0
1.162907268170426,1.0,-0.6846519891818206,0.5,0.0
1.1729323308270676,1.0,-0.6722023986156058,0.5,0.0
1.1829573934837092,1.0,-0.6590860963200758,0.5,0.0
1.1929824561403508,1.0,-0.6453160914612219,0.5,0.0
1.2030075187969924,1.0,-0.6309060415680454,0.5,0.0
1.213032581453634,1.0,-0.6158702389865764,0.5,0.0
1.2230576441102756,1.0,-0.6002235967042777,0.5,0.0
1.2330827067669172,1.0,-0.5839816335588512,0.5,0.0
1.2431077694235588,1.0,-0.5671604588461996,0.5,0.0
1.2531328320802004,1.0,-0.5497767563426645,0.5,0.0
1.263157894736842,1.0,-0.531847767757565,0.5,0.0
1.2731829573934836,1.0,-0.513391275632312,0.5,0.0
1.2832080200501252,1.0,-0.4944255857030857,0.5,0.0
1.2932330827067668,1.0,-0.47496950874468347,0.5,0.0
1.3032581453634084,1.0,-0.4550423419133587,0.5,0.0
1.31328320802005,1.0,-0.43466384960727034,0.5,0.0
1.3233082706766917,1.0,-0.4138542438635575,0.5,0.0
1.3333333333333333,1.0,-0.39263416431139575,0.5,0.0
1.3433583959899749,1.0,-0.3710246577009375,0.5,0.0
1.3533834586466165,1.0,-0.349047157028469,0.5,0.0
1.363408521303258,1.0,-0.3267234602785134,0.5,0.0
1.3734335839598997,1.0,-0.3040757088038859,0.5,0.0
1.3834586466165413,1.0,-0.28112636536517854,0.5,0.0
1.3934837092731829,1.0,-0.2578981918514849,0.5,0.0
1.4035087719298245,1.0,-0.23441422670444823,0.5,0.0
1.413533834586466,1.0,-0.21069776206800306,0.5,0.0
1.4235588972431077,1.0,-0.18677232068645466,0.5,0.0
1.4335839598997493,1.0,-0.16266163257390254,0.5,0.0
1.443609022556391,1.0,-0.13838961147805584,0.5,0.0
1.4536340852130325,1.0,-0.11398033116180883,0.5,0.0
1.463659147869674,1.0,-0.0894580015261095,0.5,0.0
1.4736842105263157,1.0,-0.06484694459782325,0.5,0.0
1.4837092731829573,1.0,-0.040171570406370094,0.5,0.0
1.493734335839599,1.0,-0.01545635277307511,0.5,0.0
1.5037593984962405,1.0,0.0092741949627424,0.5,0.0
1.5137844611528821,1.0,0.0339955442568769,0.5,0.0
1.5238095238095237,1.0,0.058683175688436506,0.5,0.0
1.5338345864661653,1.0,0.08331260327897283,0.5,0.0
1.543859649122807,1.0,0.10785939877845507,0.5,0.0
1.5538847117794485,1.0,0.13229921589400107,0.5,0.0
1.5639097744360901,1.0,0.156607814437292,0.5,0.0
1.5739348370927317,1.0,0.18076108436675398,0.5,0.0
1.5839598997493733,1.0,0.204735069700682,0.5,0.0
1.593984962406015,1.0,0.22850599227754387,0.5,0.0
1.6040100250626566,1.0,0.2520502753398972,0.5,0.0
1.6140350877192982,1.0,0.2753445669185961,0.5,0.0
1.6240601503759398,1.0,0.2983657629939973,0.5,0.0
1.6340852130325814,1.0,0.3210910304112726,0.5,0.0
1.644110275689223,1.0,0.3434978295270401,0.5,0.0
1.6541353383458646,1.0,0.36556393656492325,0.5,0.0
1.6641604010025062,1.0,0.3872674656578017,0.5,0.0
1.6741854636591478,1.0,0.4085868905548722,0.5,0.0
1.6842105263157894,1.0,0.42950106597211146,0.5,0.0
1.694235588972431,1.0,0.44998924856483136,0.5,0.0
1.7042606516290726,1.0,0.47003111750158055,0.5,0.0
1.7142857142857142,1.0,0.48960679461896994,0.5,0.0
1.7243107769423558,1.0,0.5086968641375123,0.5,0.0
1.7343358395989974,1.0,0.5272823919188063,0.5,0.0
1.744360902255639,1.0,0.5453449442449774,0.5,0.0
1.7543859649122806,1.0,0.5628666061018404,0.5,0.0
1.7644110275689222,1.0,0.5798299989476039,0.5,0.0
1.7744360902255638,1.0,0.5962182979494708,0.5,0.0
1.7844611528822054,1.0,0.6120152486709687,0.5,0.0
1.794486215538847,1.0,0.6272051831936887,0.5,0.0
1.8045112781954886,1.0,0.6417730356572271,0.5,0.0
1.8145363408521302,1.0,0.6557043572019436,0.5,0.0
1.8245614035087718,1.0,0.6689853302997975,0.5,0.0
1.8345864661654134,1.0,0.6816027824590529,0.5,0.0
1.844611528822055,1.0,0.6935441992891818,0.5,0.0
1.8546365914786966,1.0,0.7047977369129521,0.5,0.0
1.8646616541353382,1.0,0.7153522337136451,0.5,0.0
1.8746867167919798,1.0,0.7251972214054963,0.5,0.0
1.8847117794486214,1.0,0.7343229354164338,0.5,0.0
1.894736842105263,1.0,0.7427203245728857,0.5,0.0
1.9047619047619047,1.0,0.7503810600770731,0.5,0.0
1.9147869674185463,1.0,0.7572975437677787,0.5,0.0
1.9248120300751879,1.0,0.7634629156563557,0.5,0.0
1.9348370927318295,1.0,0.7688710607307732,0.5,0.0
1.944862155388471,1.0,0.773516615020674,0.5,0.0
1.9548872180451127,1.0,0.7773949709174868,0.5,0.0
1.9649122807017543,1.0,0.7805022817443953,0.5,0.0
1.9749373433583959,1.0,0.7828354655716437,0.5,0.0
1.9849624060150375,1.0,0.7843922082732888,0.5,0.0
1.994987468671679,1.0,0.7851709658223817,0.5,0.0
2.0050125313283207,1.0,0.7851709658223793,0.5,0.0
2.015037593984962,1.0,0.7843922082732889,0.5,0.0
2.025062656641604,1.0,0.7828354655716485,0.5,0.0
2.0350877192982457,1.0000000000000142,0.7805022817443956,0.5,0.0
2.045112781954887,1.0,0.7773949709174819,0.5,0.0
2.0551378446115285,0.9999999999999716,0.7735166150206743,0.5,0.0
2.0651629072681703,1.0,0.768871060730778,0.5,0.0
2.075187969924812,1.0000000000000284,0.7634629156563562,0.5,0.0
2.0852130325814535,1.0,0.7572975437677747,0.5,0.0
2.095238095238095,0.9999999999999716,0.7503810600770837,0.5,0.0
2.1052631578947367,1.0,0.7427203245728906,0.5,0.0
2.1152882205513786,1.0000000000000142,0.7343229354164231,0.5,0.0
2.12531328320802,1.0,0.7251972214055025,0.5,0.0
2.1353383458646613,0.9999999999999858,0.7153522337136549,0.5,0.0
2.145363408521303,1.0,0.7047977369129468,0.5,0.0
2.155388471177945,1.0000000000000142,0.6935441992891729,0.5,0.0
2.1654135338345863,1.0,0.6816027824590591,0.5,0.0
2.1754385964912277,0.9999999999999858,0.6689853302997992,0.5,0.0
2.1854636591478696,1.0,0.6557043572019392,0.5,0.0
2.1954887218045114,1.0000000000000142,0.6417730356572271,0.5,0.0
2.2055137844611528,1.0,0.627205183193694,0.5,0.0
2.215538847117794,0.9999999999999716,0.6120152486709678,0.5,0.0
2.225563909774436,1.0,0.5962182979494655,0.5,0.0
2.235588972431078,1.0000000000000284,0.5798299989476057,0.5,0.0
2.245614035087719,1.0,0.5628666061018386,0.5,0.0
2.2556390977443606,0.9999999999999716,0.5453449442449774,0.5,0.0
2.2656641604010024,1.0,0.5272823919188099,0.5,0.0
2.275689223057644,1.0000000000000142,0.5086968641375211,0.5,0.0
2.2857142857142856,1.0,0.4896067946189664,0.5,0.0
2.295739348370927,0.9999999999999858,0.47003111750157167,0.5,0.0
2.305764411027569,1.0,0.4499892485648367,0.5,0.0
2.3157894736842106,1.0000000000000142,0.42950106597211857,0.5,0.0
2.325814536340852,1.0,0.4085868905548704,0.5,0.0
2.3358395989974934,0.9999999999999858,0.38726746565779635,0.5,0.0
2.345864661654135,1.0,0.3655639365649268,0.5,0.0
2.355889724310777,1.0000000000000142,0.34349782952704366,0.5,0.0
2.3659147869674184,1.0,0.3210910304112691,0.5,0.0
2.37593984962406,0.9999999999999858,0.29836576299399553,0.5,0.0
2.3859649122807016,1.0,0.2753445669185979,0.5,0.0
2.3959899749373434,1.0000000000000142,0.25205027533990254,0.5,0.0
2.406015037593985,1.0,0.2285059922775421,0.5,0.0
2.416040100250626,0.9999999999999716,0.20473506970067845,0.5,0.0
2.426065162907268,1.0,0.18076108436675575,0.5,0.0
2.43609022556391,1.0000000000000284,0.15660781443729554,0.5,0.0
2.4461152882205512,1.0,0.13229921589400284,0.5,0.0
2.4561403508771926,0.9999999999999858,0.10785939877845685,0.5,0.0
2.4661654135338344,1.0,0.08331260327897105,0.5,0.0
2.4761904761904763,1.0000000000000142,0.05868317568843828,0.5,0.0
2.4862155388471177,1.0,0.03399554425688045,0.5,0.0
2.496240601503759,0.9999999999999858,0.009274194962740623,0.5,0.0
2.506265664160401,1.0,-0.01545635277307511,0.5,0.0
2.5162907268170427,1.0000000000000284,-0.04017157040636654,0.5,0.0
2.526315789473684,1.0,-0.06484694459782148,0.5,0.0
2.5363408521303255,0.9999999999999858,-0.08945800152611127,0.5,0.0
2.5463659147869673,1.0,-0.11398033116180883,0.5,0.0
2.556390977443609,1.0000000000000142,-0.13838961147805584,0.5,0.0
2.5664160401002505,1.0,-0.1626616325738972,0.5,0.0
2.576441102756892,0.9999999999999858,-0.18677232068644933,0.5,0.0
2.5864661654135337,1.0,-0.21069776206800128,0.5,0.0
2.5964912280701755,1.0,-0.23441422670444823,0.5,0.0
2.606516290726817,1.0,-0.25789819185148666,0.5,0.0
2.6165413533834583,1.0,-0.2811263653651821,0.5,0.0
2.6265664160401,1.0,-0.3040757088038877,0.5,0.0
2.636591478696742,1.0,-0.3267234602785116,0.5,0.0
2.6466165413533833,1.0,-0.3490471570284708,0.5,0.0
2.6566416040100247,0.9999999999999716,-0.3710246577009322,0.5,0.0
2.6666666666666665,1.0,-0.3926341643113993,0.5,0.0
2.6766917293233083,1.0000000000000284,-0.41385424386355574,0.5,0.0
2.6867167919799497,1.0,-0.43466384960726323,0.5,0.0
2.696741854636591,0.9999999999999716,-0.45504234191336757,0.5,0.0
2.706766917293233,1.0,-0.47496950874468524,0.5,0.0
2.7167919799498748,1.0000000000000284,-0.4944255857030786,0.5,0.0
2.726817042606516,1.0,-0.5133912756323138,0.5,0.0
2.7368421052631575,0.9999999999999716,-0.5318477677575633,0.5,0.0
2.7468671679197993,1.0,-0.5497767563426628,0.5,0.0
2.756892230576441,1.0000000000000284,-0.5671604588461925,0.5,0.0
2.7669172932330826,1.0,-0.5839816335588441,0.5,0.0
2.776942355889724,0.9999999999999716,-0.6002235967042875,0.5,0.0
2.7869674185463658,1.0,-0.6158702389865747,0.5,0.0
2.7969924812030076,1.0000000000000284,-0.6309060415680392,0.5,0.0
2.807017543859649,1.0,-0.6453160914612299,0.5,0.0
2.8170426065162903,0.9999999999999716,-0.6590860963200704,0.5,0.0
2.827067669172932,1.0,-0.6722023986156067,0.5,0.0
2.837092731829574,1.0000000000000284,-0.6846519891818348,0.5,0.0
2.8471177944862154,1.0,-0.6964225201186229,0.5,0.0
2.8571428571428568,0.9999999999999716,-0.7075023170389008,0.5,0.0
2.8671679197994986,1.0,-0.717880390647478,0.5,0.0
2.8771929824561404,1.0000000000000284,-0.7275464476406981,0.5,0.0
2.887218045112782,1.0,-0.7364909009156797,0.5,0.0
2.897243107769423,0.9999999999999716,-0.7447048790789843,0.5,0.0
2.907268170426065,1.0,-0.7521802352457452,0.5,0.0
2.917293233082707,1.0,-0.7589095551198306,0.5,0.0
2.927318295739348,1.0,-0.7648861643476002,0.5,0.0
2.9373433583959896,1.0,-0.770104135137911,0.5,0.0
2.9473684210526314,1.0,-0.7745582921412797,0.5,0.0
2.9573934837092732,1.0,-0.77824421758298,0.5,0.0
2.9674185463659146,1.0,-0.7811582556449439,0.5,0.0
2.977443609022556,0.9999999999999716,-0.7832975160915009,0.5,0.0
2.987468671679198,1.0,-0.7846598771359903,0.5,0.0
2.9974937343358397,1.0000000000000284,-0.7852439875454338,0.5,0.0
3.007518796992481,1.0,-0.7850492679805489,0.5,0.0
3.0175438596491224,0.9999999999999716,-0.7840759115703397,0.5,0.0
3.0275689223057642,1.0,-0.7823248837207243,0.5,0.0
3.037593984962406,1.0000000000000284,-0.7797979211568127,0.5,0.0
3.0476190476190474,1.0,-0.7764975302004955,0.5,0.0
3.057644110275689,0.9999999999999716,-0.7724269842845772,0.5,0.0
3.0676691729323307,1.0,-0.7675903207059545,0.5,0.0
3.0776942355889725,1.0000000000000568,-0.7619923366215287,0.5,0.0
3.087719298245614,1.0,-0.755638584290057,0.5,0.0
3.0977443609022552,0.9999999999999716,-0.7485353655652331,0.5,0.0
3.107769423558897,1.0,-0.740689725645479,0.5,0.0
3.117794486215539,1.0000000000000284,-0.7321094460860937,0.5,0.0
3.1278195488721803,1.0,-0.7228030370813876,0.5,0.0
3.1378446115288217,0.9999999999999716,-0.7127797290239846,0.5,0.0
3.1478696741854635,1.0,-0.7020494633497014,0.5,0.0
3.1578947368421053,1.0000000000000284,-0.6906228826775358,0.5,0.0
3.1679197994987467,1.0,-0.6785113202538167,0.5,0.0
3.177944862155388,0.9999999999999716,-0.6657267887115124,0.5,0.0
3.18796992481203,1.0,-0.6522819681558731,0.5,0.0
3.1979949874686717,1.0000000000000284,-0.6381901935877554,0.5,0.0
3.208020050125313,1.0,-0.6234654416775429,0.5,0.0
3.2180451127819545,0.9999999999999716,-0.6081223169028043,0.5,0.0
3.2280701754385963,1.0,-0.5921760370629086,0.5,0.0
3.238095238095238,1.0000000000000284,-0.5756424181856179,0.5,0.0
3.2481203007518795,1.0,-0.5585378588402818,0.5,0.0
3.258145363408521,1.0,-0.5408793238731118,0.5,0.0
3.2681704260651627,1.0,-0.5226843275810449,0.5,0.0
3.2781954887218046,1.0,-0.5039709163403838,0.5,0.0
3.288220551378446,1.0,-0.48475765070784504,0.5,0.0
3.2982456140350873,0.9999999999999716,-0.46506358701172346,0.5,0.0
3.308270676691729,1.0,-0.44490825845108084,0.5,0.0
3.318295739348371,1.0000000000000284,-0.42431165572210894,0.5,0.0
3.3283208020050123,1.0,-0.40329420719083764,0.5,0.0
3.3383458646616537,0.9999999999999716,-0.38187675863153814,0.5,0.0
3.3483709273182956,1.0,-0.360080552551187,0.5,0.0
3.3583959899749374,1.0000000000000284,-0.3379272071205808,0.5,0.0
3.3684210526315788,1.0,-0.3154386947326664,0.5,0.0
3.37844611528822,0.9999999999999716,-0.29263732020962685,0.5,0.0
3.388471177944862,1.0,-0.2695456986803091,0.5,0.0
3.398496240601504,1.0000000000000568,-0.2461867331497345,0.5,0.0
3.408521303258145,1.0,-0.2225835917832324,0.5,0.0
3.4185463659147866,0.9999999999999432,-0.19875968492750395,0.5,0.0
3.4285714285714284,1.0,-0.1747386418914605,0.5,0.0
3.43859649122807,1.0000000000000284,-0.15054428750997673,0.5,0.0
3.4486215538847116,1.0,-0.12620061851362152,0.5,0.0
3.458646616541353,0.9999999999999716,-0.10173177972795067,0.5,0.0
3.468671679197995,1.0,-0.07716204012590921,0.5,0.0
3.4786967418546366,1.0000000000000284,-0.05251576875707542,0.5,0.0
3.488721804511278,1.0,-0.027817410577661406,0.5,0.0
3.4987468671679194,0.9999999999999716,-0.0030914622052513607,0.5,0.0
3.508771929824561,1.0,0.02163755237774545,0.5,0.0
3.518796992481203,1.0000000000000284,0.04634510614775955,0.5,0.0
3.5288220551378444,1.0,0.07100669336673704,0.5,0.0
3.538847117794486,0.9999999999999716,0.09559785388770337,0.5,0.0
3.5488721804511276,1.0,0.12009419741513483,0.5,0.0
3.5588972431077694,1.0000000000000284,0.14447142769601484,0.5,0.0
3.568922305764411,1.0,0.16870536661762614,0.5,0.0
3.578947368421052,0.9999999999999716,0.19277197818820646,0.5,0.0
3.588972431077694,1.0,0.21664739237655795,0.5,0.0
3.598997493734336,1.0,0.24030792878714102,0.5,0.0
3.6090225563909772,1.0,0.26373012014704855,0.5,0.0
3.6190476190476186,0.9999999999999716,0.28689073558153844,0.5,0.0
3.6290726817042605,1.0,0.3097668036552399,0.5,0.0
3.6390977443609023,1.0000000000000284,0.3323356351558946,0.5,0.0
3.6491228070175437,1.0,0.3545748455982256,0.5,0.0
3.659147869674185,0.9999999999999716,0.37646237742566235,0.5,0.0
3.669172932330827,1.0,0.3979765218876494,0.5,0.0
3.6791979949874687,1.0000000000000284,0.4190959405710597,0.5,0.0
3.68922305764411,1.0,0.4397996865644398,0.5,0.0
3.6992481203007515,0.9999999999999716,0.4600672252336935,0.5,0.0
3.7092731829573933,1.0,0.47987845458898626,0.5,0.0
3.719298245614035,1.0000000000000568,0.4992137252226563,0.5,0.0
3.7293233082706765,1.0,0.5180538597980249,0.5,0.0
3.739348370927318,0.9999999999999432,0.536380172070066,0.5,0.0
3.7493734335839597,1.0,0.5541744854191322,0.5,0.0
3.7593984962406015,1.0000000000000568,0.5714191508789881,0.5,0.0
3.769423558897243,1.0,0.5880970646416888,0.5,0.0
3.7794486215538843,0.9999999999999716,0.6041916850216777,0.5,0.0
3.789473684210526,1.0,0.6196870488622475,0.5,0.0
3.799498746867168,1.0000000000000284,0.6345677873685025,0.5,0.0
3.8095238095238093,1.0,0.6488191413504776,0.5,0.0
3.8195488721804507,0.9999999999999716,0.6624269758617505,0.5,0.0
3.8295739348370925,1.0,0.6753777942190782,0.5,0.0
3.8395989974937343,1.0000000000000284,0.6876587513886951,0.5,0.0
3.8496240601503757,1.0,0.6992576667264343,0.5,0.0
3.859649122807017,0.9999999999999716,0.7101630360590399,0.5,0.0
3.869674185463659,1.0,0.7203640430941514,0.5,0.0
3.8796992481203008,1.0000000000000284,0.7298505701483782,0.5,0.0
3.889724310776942,1.0,0.7386132081823424,0.5,0.0
3.8997493734335835,0.9999999999999716,0.7466432661327498,0.5,0.0
3.9097744360902253,1.0,0.7539327795326489,0.5,0.0
3.919799498746867,1.0000000000000284,0.7604745184106814,0.5,0.0
3.9298245614035086,1.0,0.7662619944620066,0.5,0.0
3.93984962406015,1.0,0.7712894674837849,0.5,0.0
3.9498746867167918,1.0,0.7755519510682602,0.5,0.0
3.9598997493734336,1.0,0.7790452175485678,0.5,0.0
3.969924812030075,1.0,0.7817658021918837,0.5,0.0
3.9799498746867163,0.9999999999999716,0.7837110066357287,0.5,0.0
3.989974937343358,1.0,0.7848789015644927,0.5,0.0
4.0,,,0.5,0.0
4.0,,,0.5,0.0
4.010050251256281,-0.001256281407052029,0.00217594322558908,0.5,0.0
4.0201005025125625,-0.002512562814075636,0.004351886451177872,0.5,0.0
4.030150753768845,-0.003768844221127665,0.006527829676767048,0.5,0.0
4.040201005025126,-0.005025125628122851,0.008703772902356324,0.5,0.0
4.050251256281407,-0.00628140703517488,0.010879716127945402,0.5,0.0
4.060301507537688,-0.007537688442198487,0.013055659353534475,0.5,0.0
4.0703517587939695,-0.008793969849222094,0.015231602579122792,0.5,0.0
4.080402010050252,-0.010050251256302545,0.01740754580471197,0.5,0.0
4.090452261306533,-0.01130653266329773,0.019583489030301736,0.5,0.0
4.100502512562814,-0.01256281407034976,0.021759432255890804,0.5,0.0
4.110552763819095,-0.013819095477401788,0.02393537548147987,0.5,0.0
4.1206030150753765,-0.015075376884396974,0.026111318707067732,0.5,0.0
4.130653266331659,-0.016331658291449003,0.028287261932656863,0.5,0.0
4.14070351758794,-0.01758793969847261,0.030463205158247145,0.5,0.0
4.150753768844221,-0.01884422110552464,0.032639148383836206,0.5,0.0
4.160804020100502,-0.020100502512548246,0.03481509160942524,0.5,0.0
4.1708542713567835,-0.021356783919571853,0.03699103483501265,0.5,0.0
4.180904522613066,-0.022613065326652304,0.03916697806060185,0.5,0.0
4.190954773869347,-0.02386934673364749,0.041342921286192574,0.5,0.0
4.201005025125628,-0.02512562814069952,0.04351886451178161,0.5,0.0
4.211055276381909,-0.026381909547751548,0.04569480773737064,0.5,0.0
4.221105527638191,-0.027638190954775155,0.047870750962957564,0.5,0.0
4.231155778894473,-0.028894472361798762,0.050046694188546736,0.5,0.0
4.241206030150754,-0.03015075376882237,0.05222263741413791,0.5,0.0
4.251256281407035,-0.0314070351758744,0.05439858063972702,0.5,0.0
4.261306532663316,-0.03266331658292643,0.05657452386531603,0.5,0.0
4.271356783919598,-0.03391959798992161,0.058750467090902425,0.5,0.0
4.28140703517588,-0.03517587939697364,0.06092641031649154,0.5,0.0
4.291457286432161,-0.03643216080402567,0.06310235354208349,0.5,0.0
4.301507537688442,-0.03768844221104928,0.0652782967676725,0.5,0.0
4.311557788944723,-0.038944723618072885,0.06745423999326133,0.5,0.0
4.321608040201005,-0.04020100502509649,0.0696301832188474,0.5,0.0
4.331658291457287,-0.04145728643217694,0.07180612644443651,0.5,0.0
4.341708542713568,-0.04271356783920055,0.07398206967002885,0.5,0.0
4.351758793969849,-0.04396984924622416,0.07615801289561785,0.5,0.0
4.36180904522613,-0.045226130653276186,0.07833395612120675,0.5,0.0
4.371859296482412,-0.04648241206027137,0.08050989934679242,0.5,0.0
4.381909547738694,-0.04773869346735182,0.08268584257238154,0.5,0.0
4.391959798994975,-0.04899497487437543,0.08486178579797432,0.5,0.0
4.402010050251256,-0.05025125628142746,0.08703772902356333,0.5,0.0
4.4120603015075375,-0.051507537688451066,0.08921367224915211,0.5,0.0
4.422110552763819,-0.05276381909544625,0.09138961547473723,0.5,0.0
4.432160804020101,-0.0540201005025267,0.09356555870032623,0.5,0.0
4.442211055276382,-0.05527638190955031,0.09574150192591957,0.5,0.0
4.452261306532663,-0.05653266331660234,0.0979174451515088,0.5,0.0
4.4623115577889445,-0.057788944723625946,0.1000933883770978,0.5,0.0
4.472361809045226,-0.05904522613062113,0.10226933160268237,0.5,0.0
4.482412060301508,-0.06030150753770158,0.10444527482827115,0.5,0.0
4.492462311557789,-0.06155778894472519,0.10662121805386504,0.5,0.0
4.50251256281407,-0.0628140703517488,0.1087971612794536,0.5,0.0
4.5125628140703515,-0.06407035175880083,0.11097310450504305,0.5,0.0
4.522613065326633,-0.06532663316585285,0.11314904773063206,0.5,0.0
4.532663316582914,-0.06658291457284804,0.11532499095621573,0.5,0.0
4.542713567839196,-0.06783919597990007,0.11750093418180585,0.5,0.0
4.552763819095477,-0.0690954773869521,0.1196768774073993,0.5,0.0
4.562814070351759,-0.0703517587939757,0.12185282063298808,0.5,0.0
4.57286432160804,-0.07160804020097089,0.12402876385857198,0.5,0.0
4.582914572864322,-0.07286432160805134,0.1262047070841612,0.5,0.0
4.592964824120603,-0.07412060301507495,0.12838065030975643,0.5,0.0
4.603015075376884,-0.07537688442212698,0.13055659353534432,0.5,0.0
4.613065326633166,-0.07663316582915058,0.13273253676093355,0.5,0.0
4.623115577889447,-0.07788944723617419,0.13490847998652278,0.5,0.0
4.633165829145728,-0.0791457286431978,0.13708442321210557,0.5,0.0
4.64321608040201,-0.08040201005027825,0.13926036643769502,0.5,0.0
4.653266331658291,-0.08165829145727344,0.14143630966329024,0.5,0.0
4.663316582914573,-0.08291457286432546,0.14361225288887924,0.5,0.0
4.673366834170854,-0.08417085427134907,0.1457881961144616,0.5,0.0
4.683417085427136,-0.0854271356784011,0.14796413934005015,0.5,0.0
4.693467336683417,-0.08668341708542471,0.15014008256564715,0.5,0.0
4.703517587939698,-0.08793969849247674,0.15231602579123482,0.5,0.0
4.71356783919598,-0.08919597989952877,0.15449196901682427,0.5,0.0
4.723618090452261,-0.09045226130652395,0.15666791224241416,0.5,0.0
4.733668341708542,-0.09170854271354756,0.15884385546799562,0.5,0.0
4.743718592964824,-0.09296482412059959,0.16101979869358551,0.5,0.0
4.7537688442211055,-0.09422110552765162,0.16319574191918118,0.5,0.0
4.763819095477387,-0.09547738693467522,0.16537168514476974,0.5,0.0
4.773869346733668,-0.09673366834169883,0.1675476283703521,0.5,0.0
4.78391959798995,-0.09798994974877928,0.16972357159594065,0.5,0.0
4.793969849246231,-0.09924623115577447,0.17189951482153765,0.5,0.0
4.8040201005025125,-0.10050251256279807,0.17407545804712576,0.5,0.0
4.814070351758794,-0.10175879396987852,0.17625140127271566,0.5,0.0
4.824120603015075,-0.10301507537690213,0.17842734449830466,0.5,0.0
4.834170854271356,-0.10427135678389732,0.18060328772388567,0.5,0.0
4.844221105527638,-0.10552763819094935,0.18277923094947335,0.5,0.0
4.8542713567839195,-0.10678391959800138,0.18495517417507168,0.5,0.0
4.864321608040201,-0.10804020100502498,0.18713111740066157,0.5,0.0
4.874371859296482,-0.10929648241204859,0.18930706062624125,0.5,0.0
4.884422110552764,-0.1105527638190722,0.1914830038518307,0.5,0.0
4.894472361809045,-0.11180904522612423,0.19365894707742815,0.5,0.0
4.9045226130653266,-0.11306532663317626,0.1958348903030176,0.5,0.0
4.914572864321608,-0.11432160804019986,0.19801083352860704,0.5,0.0
4.924623115577889,-0.11557788944722347,0.20018677675419472,0.5,0.0
4.93467336683417,-0.11683417085424708,0.20236271997977529,0.5,0.0
4.944723618090452,-0.11809045226132753,0.20453866320536385,0.5,0.0
4.954773869346734,-0.11934673366835113,0.20671460643096218,0.5,0.0
4.964824120603015,-0.12060301507540316,0.20889054965655163,0.5,0.0
4.974874371859296,-0.12185929648239835,0.2110664928821322,0.5,0.0
4.984924623115578,-0.12311557788945038,0.21324243610772076,0.5,0.0
4.994974874371859,-0.12437185929650241,0.2154183793333191,0.5,0.0
5.005025125628141,-0.1256281407034976,0.21759432255890587,0.5,0.0
5.015075376884422,-0.12688442211054962,0.21977026578449532,0.5,0.0
5.025125628140703,-0.12814070351760165,0.22194620901008744,0.5,0.0
5.035175879396984,-0.12939698492459684,0.22412215223566623,0.5,0.0
5.045226130653266,-0.13065326633164887,0.22629809546125568,0.5,0.0
5.055276381909548,-0.13190954773867247,0.22847403868685134,0.5,0.0
5.065326633165829,-0.13316582914575292,0.2306499819124408,0.5,0.0
5.07537688442211,-0.1344221105527481,0.23282592513802225,0.5,0.0
5.085427135678392,-0.13567839195980014,0.23500186836360992,0.5,0.0
5.0954773869346734,-0.13693467336682374,0.2371778115892118,0.5,0.0
5.105527638190955,-0.13819095477384735,0.2393537548147977,0.5,0.0
5.115577889447236,-0.1394472361809278,0.24152969804038538,0.5,0.0
5.125628140703517,-0.1407035175879514,0.2437056412659775,0.5,0.0
5.135678391959798,-0.1419597989949466,0.24588158449155628,0.5,0.0
5.1457286432160805,-0.14321608040199862,0.24805752771714396,0.5,0.0
5.155778894472362,-0.14447236180905065,0.2502334709427432,0.5,0.0
5.165829145728643,-0.14572864321607426,0.2524094141683326,0.5,0.0
5.175879396984924,-0.14698492462309787,0.2545853573939141,0.5,0.0
5.185929648241206,-0.1482412060301499,0.25676130061950175,0.5,0.0
5.1959798994974875,-0.14949748743720193,0.258937243845101,0.5,0.0
5.206030150753769,-0.15075376884422553,0.26111318707068687,0.5,0.0
5.21608040201005,-0.15201005025127756,0.2632891302962763,0.5,0.0
5.226130653266331,-0.15326633165830117,0.26546507352186755,0.5,0.0
5.236180904522612,-0.15452261306529635,0.2676410167474472,0.5,0.0
5.2462311557788945,-0.15577889447234838,0.2698169599730367,0.5,0.0
5.256281407035176,-0.157035175879372,0.27199290319863323,0.5,0.0
5.266331658291457,-0.15829145728642402,0.2741688464242227,0.5,0.0
5.276381909547738,-0.15954773869344763,0.27634478964980147,0.5,0.0
5.28643216080402,-0.16080402010052808,0.27852073287538914,0.5,0.0
5.296482412060302,-0.16206030150755169,0.2806966761009928,0.5,0.0
5.306532663316583,-0.1633165829145753,0.2828726193265787,0.5,0.0
5.316582914572864,-0.1645728643215989,0.28504856255216815,0.5,0.0
5.326633165829145,-0.16582914572865093,0.2872245057777594,0.5,0.0
5.3366834170854265,-0.16708542713564611,0.2894004490033364,0.5,0.0
5.346733668341709,-0.16834170854269814,0.29157639222892406,0.5,0.0
5.35678391959799,-0.1695979899497786,0.29375233545452417,0.5,0.0
5.366834170854271,-0.17085427135677378,0.2959282786801136,0.5,0.0
5.376884422110552,-0.17211055276376896,0.2981042219056924,0.5,0.0
5.386934673366834,-0.17336683417087784,0.3002801651312783,0.5,0.0
5.396984924623116,-0.17462311557792987,0.30245610835688375,0.5,0.0
5.407035175879397,-0.17587939698492505,0.30463205158246964,0.5,0.0
5.417085427135678,-0.17713567839194866,0.30680799480805554,0.5,0.0
5.427135678391959,-0.1783919597990007,0.3089839380336503,0.5,0.0
5.4371859296482405,-0.17964824120599587,0.3111598812592291,0.5,0.0
5.447236180904523,-0.18090452261310475,0.31333582448481323,0.5,0.0
5.457286432160804,-0.18216080402009993,0.3155117677104151,0.5,0.0
5.467336683417085,-0.18341708542712354,0.31768771093600456,0.5,0.0
5.477386934673366,-0.18467336683417557,0.3198636541615816,0.5,0.0
5.4874371859296485,-0.18592964824125602,0.32203959738717103,0.5,0.0
5.49748743718593,-0.1871859296482512,0.32421554061277646,0.5,0.0
5.507537688442211,-0.1884422110552748,0.3263914838383588,0.5,0.0
5.517587939698492,-0.18969849246229842,0.32856742706394826,0.5,0.0
5.527638190954773,-0.19095477386935045,0.33074337028954126,0.5,0.0
5.537688442211055,-0.19221105527634563,0.3329193135151165,0.5,0.0
5.547738693467337,-0.1934673366834545,0.3350952567407042,0.5,0.0
5.557788944723618,-0.1947236180904497,0.33727119996630783,0.5,0.0
5.567839195979899,-0.19597989949750172,0.3394471431918973,0.5,0.0
5.57788944723618,-0.19723618090452533,0.3416230864174725,0.5,0.0
5.5879396984924625,-0.19849246231154893,0.3437990296430602,0.5,0.0
5.597989949748744,-0.19974874371857254,0.34597497286866385,0.5,0.0
5.608040201005025,-0.20100502512562457,0.34815091609425153,0.5,0.0
5.618090452261306,-0.20226130653264818,0.3503268593198392,0.5,0.0
5.628140703517587,-0.2035175879397002,0.35250280254542865,0.5,0.0
5.638190954773869,-0.2047738693467238,0.35467874577100744,0.5,0.0
5.648241206030151,-0.20603015075377584,0.3568546889965898,0.5,0.0
5.658291457286432,-0.20728643216079945,0.3590306322221952,0.5,0.0
5.668341708542713,-0.20854271356785148,0.3612065754477918,0.5,0.0
5.6783919597989945,-0.20979899497484666,0.3633825186733617,0.5,0.0
5.688442211055277,-0.2110552763818987,0.3655584618989476,0.5,0.0
5.698492462311558,-0.21231155778897914,0.367734405124553,0.5,0.0
5.708542713567839,-0.21356783919597433,0.36991034835014247,0.5,0.0
5.71859296482412,-0.21482412060299794,0.3720862915757337,0.5,0.0
5.7286432160804015,-0.2160804020100784,0.37426223480132137,0.5,0.0
5.738693467336683,-0.21733668341704515,0.37643817802689483,0.5,0.0
5.748743718592965,-0.21859296482409718,0.37861412125247895,0.5,0.0
5.758793969849246,-0.21984924623117763,0.38079006447808794,0.5,0.0
5.768844221105527,-0.22110552763817282,0.38296600770367917,0.5,0.0
5.7788944723618085,-0.22236180904522485,0.38514195092925263,0.5,0.0
5.788944723618091,-0.22361809045227687,0.3873178941548403,0.5,0.0
5.798994974874372,-0.22487437185930048,0.38949383738044574,0.5,0.0
5.809045226130653,-0.2261306532663525,0.3916697806060334,0.5,0.0
5.819095477386934,-0.22738693467337612,0.39384572383162464,0.5,0.0
5.829145728643216,-0.22864321608039972,0.3960216670572123,0.5,0.0
5.839195979899497,-0.2298994974873949,0.3981976102827858,0.5,0.0
5.849246231155779,-0.23115577889447536,0.4003735535083699,0.5,0.0
5.85929648241206,-0.2324120603015274,0.40254949673397533,0.5,0.0
5.869346733668341,-0.23366834170852258,0.4047254399595701,0.5,0.0
5.879396984924623,-0.2349246231155746,0.40690138318514,0.5,0.0
5.889447236180905,-0.23618090452262663,0.40907732641073125,0.5,0.0
5.899497487437186,-0.23743718592965024,0.41125326963633313,0.5,0.0
5.909547738693467,-0.23869346733670227,0.4134292128619208,0.5,0.0
5.919597989949748,-0.23994974874372588,0.4156051560875156,0.5,0.0
5.92964824120603,-0.24120603015074948,0.4177810993131068,0.5,0.0
5.939698492462311,-0.24246231155774467,0.41995704253867316,0.5,0.0
5.949748743718593,-0.2437185929647967,0.4221329857642573,0.5,0.0
5.959798994974874,-0.24497487437187715,0.4243089289898734,0.5,0.0
5.969849246231155,-0.24623115577890076,0.42648487221546105,0.5,0.0
5.979899497487437,-0.24748743718592436,0.42866081544103096,0.5,0.0
5.989949748743719,-0.2487437185929764,0.43083675866661864,0.5,0.0
6.0,-0.25,0.4330127018922276,0.5,0.0
6.010050251256281,-0.2512562814070236,0.43518864511781175,0.5,0.0
6.0201005025125625,-0.25251256281407564,0.43736458834339587,0.5,0.0
6.030150753768844,-0.25376884422112767,0.43954053156899775,0.5,0.0
6.040201005025125,-0.2550251256281513,0.4417164747945854,0.5,0.0
6.050251256281406,-0.2562814070351749,0.44389241802015533,0.5,0.0
6.060301507537688,-0.2575376884421985,0.446068361245743,0.5,0.0
6.0703517587939695,-0.2587939698492505,0.4482443044713449,0.5,0.0
6.080402010050251,-0.2600502512562741,0.45042024769692546,0.5,0.0
6.090452261306533,-0.26130653266332615,0.4525961909225096,0.5,0.0
6.100502512562814,-0.26256281407034976,0.4547721341481221,0.5,0.0
6.110552763819095,-0.2638190954774018,0.45694807737370624,0.5,0.0
6.1206030150753765,-0.2650753768844254,0.45912402059928326,0.5,0.0
6.130653266331658,-0.266331658291449,0.46129996382488514,0.5,0.0
6.140703517587939,-0.26758793969850103,0.4634759070504799,0.5,0.0
6.15075376884422,-0.2688442211054962,0.46565185027604983,0.5,0.0
6.160804020100502,-0.27010050251254825,0.46782779350162684,0.5,0.0
6.1708542713567835,-0.2713567839196003,0.4700037367272323,0.5,0.0
6.180904522613065,-0.2726130653266239,0.47217967995281285,0.5,0.0
6.190954773869347,-0.2738693467336759,0.47435562317839697,0.5,0.0
6.201005025125628,-0.2751256281406995,0.47653156640401306,0.5,0.0
6.211055276381909,-0.27638190954775155,0.4787075096295972,0.5,0.0
6.221105527638191,-0.27763819095477515,0.48088345285517775,0.5,0.0
6.231155778894472,-0.27889447236179876,0.48305939608077963,0.5,0.0
6.241206030150753,-0.28015075376882237,0.48523533930636376,0.5,0.0
6.251256281407034,-0.28140703517581755,0.4874112825319372,0.5,0.0
6.261306532663316,-0.2826633165829264,0.48958722575752134,0.5,0.0
6.271356783919598,-0.28391959798995003,0.4917631689831268,0.5,0.0
6.281407035175879,-0.28517587939697364,0.4939391122087038,0.5,0.0
6.291457286432161,-0.28643216080399725,0.4961150554342879,0.5,0.0
6.301507537688442,-0.2876884422110777,0.49829099865990045,0.5,0.0
6.311557788944723,-0.2889447236180729,0.5004669418854846,0.5,0.0
6.321608040201005,-0.2902010050250965,0.5026428851110722,0.5,0.0
6.331658291457286,-0.29145728643217694,0.5048188283366706,0.5,0.0
6.341708542713567,-0.29271356783922897,0.5069947715622583,0.5,0.0
6.351758793969848,-0.29396984924619574,0.5091707147878282,0.5,0.0
6.36180904522613,-0.2952261306533046,0.5113466580134123,0.5,0.0
6.371859296482412,-0.2964824120603282,0.5135226012390106,0.5,0.0
6.381909547738693,-0.297738693467295,0.5156985444645912,0.5,0.0
6.391959798994975,-0.29899497487437543,0.5178744876901789,0.5,0.0
6.402010050251256,-0.30025125628142746,0.5200504309157914,0.5,0.0
6.4120603015075375,-0.30150753768845107,0.5222263741413826,0.5,0.0
6.422110552763819,-0.30276381909544625,0.5244023173669561,0.5,0.0
6.4321608040201,-0.3040201005025267,0.5265782605925615,0.5,0.0
6.442211055276381,-0.30527638190957873,0.5287542038181492,0.5,0.0
6.452261306532662,-0.3065326633165455,0.530930147043712,0.5,0.0
6.4623115577889445,-0.3077889447235975,0.5331060902692997,0.5,0.0
6.472361809045226,-0.30904522613064955,0.5352820334949087,0.5,0.0
6.482412060301507,-0.3103015075377016,0.5374579767204892,0.5,0.0
6.492462311557789,-0.3115577889447252,0.5396339199460698,0.5,0.0
6.50251256281407,-0.3128140703517488,0.5418098631716788,0.5,0.0
6.5125628140703515,-0.3140703517588008,0.5439858063972807,0.5,0.0
6.522613065326633,-0.31532663316585285,0.5461617496228541,0.5,0.0
6.532663316582914,-0.31658291457284804,0.5483376928484418,0.5,0.0
6.542713567839195,-0.31783919597990007,0.5505136360740366,0.5,0.0
6.5527638190954764,-0.3190954773869237,0.5526895792996029,0.5,0.0
6.562814070351759,-0.3203517587940041,0.5548655225251906,0.5,0.0
6.57286432160804,-0.3216080402009993,0.5570414657507925,0.5,0.0
6.582914572864321,-0.3228643216079945,0.5592174089763731,0.5,0.0
6.592964824120603,-0.32412060301510337,0.5613933522019536,0.5,0.0
6.603015075376884,-0.32537688442209856,0.5635692954275697,0.5,0.0
6.613065326633166,-0.3266331658291506,0.5657452386531716,0.5,0.0
6.623115577889447,-0.3278894472361742,0.5679211818787451,0.5,0.0
6.633165829145728,-0.3291457286431978,0.5700971251043399,0.5,0.0
6.643216080402009,-0.33040201005027825,0.5722730683299275,0.5,0.0
6.6532663316582905,-0.33165829145727344,0.574449011555501,0.5,0.0
6.663316582914573,-0.3329145728643539,0.5766249547810816,0.5,0.0
6.673366834170854,-0.3341708542713775,0.5788008980066905,0.5,0.0
6.683417085427135,-0.3354271356783727,0.5809768412322711,0.5,0.0
6.693467336683417,-0.3366834170854247,0.5831527844578446,0.5,0.0
6.703517587939698,-0.33793969849247674,0.5853287276834678,0.5,0.0
6.71356783919598,-0.33919597989950034,0.5875046709090483,0.5,0.0
6.723618090452261,-0.34045226130652395,0.5896806141346289,0.5,0.0
6.733668341708542,-0.341708542713576,0.5918565573602308,0.5,0.0
6.743718592964823,-0.3429648241205996,0.5940325005858256,0.5,0.0
6.753768844221105,-0.3442211055276232,0.5962084438113848,0.5,0.0
6.763819095477387,-0.34547738693470365,0.5983843870369654,0.5,0.0
6.773869346733668,-0.34673366834169883,0.6005603302625815,0.5,0.0
6.783919597989949,-0.34798994974872244,0.6027362734881478,0.5,0.0
6.793969849246231,-0.3492462311558029,0.6049122167137284,0.5,0.0
6.8040201005025125,-0.3505025125628265,0.6070881599393587,0.5,0.0
6.814070351758794,-0.3517587939698217,0.6092641031649464,0.5,0.0
6.824120603015075,-0.3530150753768737,0.6114400463905199,0.5,0.0
6.834170854271356,-0.35427135678395416,0.6136159896161217,0.5,0.0
6.844221105527637,-0.35552763819094935,0.6157919328417023,0.5,0.0
6.854271356783919,-0.35678391959797295,0.6179678760672758,0.5,0.0
6.864321608040201,-0.3580402010050534,0.6201438192928705,0.5,0.0
6.874371859296482,-0.3592964824120486,0.6223197625184653,0.5,0.0
6.884422110552763,-0.3605527638190438,0.6244957057440459,0.5,0.0
6.894472361809045,-0.3618090452261242,0.6266716489696194,0.5,0.0
6.9045226130653266,-0.36306532663317626,0.6288475921952426,0.5,0.0
6.914572864321608,-0.36432160804019986,0.6310235354208444,0.5,0.0
6.924623115577889,-0.3655778894472519,0.6331994786464179,0.5,0.0
6.93467336683417,-0.3668341708542755,0.6353754218720056,0.5,0.0
6.9447236180904515,-0.3680904522613275,0.6375513650976004,0.5,0.0
6.954773869346733,-0.3693467336682943,0.6397273083231667,0.5,0.0
6.964824120603015,-0.37060301507540316,0.6419032515487473,0.5,0.0
6.974874371859296,-0.37185929648242677,0.6440791947743634,0.5,0.0
6.984924623115577,-0.37311557788942196,0.6462551379999439,0.5,0.0
6.994974874371859,-0.3743718592965024,0.6484310812255174,0.5,0.0
7.005025125628141,-0.375628140703526,0.6506070244511406,0.5,0.0
7.015075376884422,-0.3768844221105496,0.6527829676767212,0.5,0.0
7.025125628140703,-0.37814070351757323,0.6549589109022946,0.5,0.0
7.035175879396984,-0.3793969849246537,0.6571348541279107,0.5,0.0
7.0452261306532655,-0.3806532663316773,0.6593107973534984,0.5,0.0
7.055276381909547,-0.3819095477386725,0.6614867405790719,0.5,0.0
7.065326633165829,-0.3831658291457529,0.6636626838046311,0.5,0.0
7.07537688442211,-0.3844221105527481,0.665838627030233,0.5,0.0
7.085427135678391,-0.3856783919597717,0.6680145702558278,0.5,0.0
7.0954773869346734,-0.38693467336682374,0.6701905134814083,0.5,0.0
7.105527638190955,-0.3881909547738758,0.6723664567070244,0.5,0.0
7.115577889447236,-0.3894472361809278,0.6745423999326192,0.5,0.0
7.125628140703517,-0.3907035175879514,0.6767183431582069,0.5,0.0
7.135678391959798,-0.391959798994975,0.6788942863837875,0.5,0.0
7.14572864321608,-0.3932160804019986,0.6810702296093822,0.5,0.0
7.155778894472361,-0.39447236180902223,0.6832461728349557,0.5,0.0
7.165829145728643,-0.3957286432161027,0.6854221160605221,0.5,0.0
7.175879396984924,-0.39698492462309787,0.6875980592861382,0.5,0.0
7.185929648241205,-0.3982412060301215,0.6897740025117187,0.5,0.0
7.1959798994974875,-0.3994974874372019,0.6919499457372993,0.5,0.0
7.206030150753769,-0.40075376884422553,0.6941258889629154,0.5,0.0
7.21608040201005,-0.40201005025127756,0.6963018321885031,0.5,0.0
7.226130653266331,-0.40326633165830117,0.6984777754140907,0.5,0.0
7.236180904522612,-0.4045226130653248,0.7006537186396855,0.5,0.0
7.246231155778894,-0.4057788944723768,0.7028296618652661,0.5,0.0
7.256281407035175,-0.4070351758794004,0.7050056050908537,0.5,0.0
7.266331658291456,-0.4082914572863956,0.7071815483164201,0.5,0.0
7.276381909547738,-0.4095477386934476,0.7093574915420149,0.5,0.0
7.2864321608040195,-0.41080402010047123,0.7115334347676168,0.5,0.0
7.296482412060302,-0.41206030150752326,0.713709377993176,0.5,0.0
7.306532663316583,-0.4133165829145753,0.715885321218785,0.5,0.0
7.316582914572864,-0.4145728643216273,0.7180612644444011,0.5,0.0
7.326633165829145,-0.41582914572865093,0.7202372076699959,0.5,0.0
7.3366834170854265,-0.41708542713570296,0.7224131508955693,0.5,0.0
7.346733668341708,-0.41834170854272656,0.7245890941211712,0.5,0.0
7.356783919597989,-0.41959798994975017,0.7267650373467447,0.5,0.0
7.36683417085427,-0.4208542713567738,0.728940980572311,0.5,0.0
7.376884422110552,-0.4221105527637974,0.7311169237978916,0.5,0.0
7.3869346733668335,-0.4233668341708494,0.7332928670235006,0.5,0.0
7.396984924623116,-0.424623115577873,0.7354688102490812,0.5,0.0
7.407035175879397,-0.42587939698492505,0.7376447534746831,0.5,0.0
7.417085427135678,-0.42713567839194866,0.739820696700292,0.5,0.0
7.427135678391959,-0.4283919597990007,0.7419966399258868,0.5,0.0
7.4371859296482405,-0.4296482412060527,0.7441725831514674,0.5,0.0
7.447236180904522,-0.4309045226130763,0.746348526377048,0.5,0.0
7.457286432160803,-0.43216080402012835,0.7485244696026214,0.5,0.0
7.467336683417084,-0.4334170854270951,0.7507004128282091,0.5,0.0
7.477386934673366,-0.43467336683417557,0.7528763560537897,0.5,0.0
7.487437185929648,-0.4359296482411992,0.7550522992793844,0.5,0.0
7.49748743718593,-0.4371859296482512,0.757228242504965,0.5,0.0
7.507537688442211,-0.4384422110552464,0.759404185730574,0.5,0.0
7.517587939698492,-0.4396984924622984,0.761580128956183,0.5,0.0
7.527638190954773,-0.44095477386935045,0.7637560721817778,0.5,0.0
7.537688442211055,-0.4422110552764025,0.7659320154073725,0.5,0.0
7.547738693467336,-0.4434673366834261,0.7681079586329389,0.5,0.0
7.557788944723617,-0.4447236180904497,0.7702839018585195,0.5,0.0
7.567839195979898,-0.4459798994974733,0.7724598450841,0.5,0.0
7.57788944723618,-0.4472361809045253,0.7746357883096948,0.5,0.0
7.587939698492462,-0.44849246231154893,0.7768117315352754,0.5,0.0
7.597989949748744,-0.44974874371860096,0.7789876747608417,0.5,0.0
7.608040201005025,-0.45100502512562457,0.7811636179864792,0.5,0.0
7.618090452261306,-0.4522613065326766,0.7833395612120739,0.5,0.0
7.628140703517587,-0.4535175879397002,0.7855155044376545,0.5,0.0
7.638190954773869,-0.4547738693467238,0.7876914476632635,0.5,0.0
7.64824120603015,-0.45603015075377584,0.7898673908888441,0.5,0.0
7.658291457286431,-0.45728643216082787,0.7920433341144104,0.5,0.0
7.668341708542712,-0.45854271356782306,0.794219277339991,0.5,0.0
7.6783919597989945,-0.4597989949748751,0.7963952205655715,0.5,0.0
7.688442211055276,-0.4610552763819271,0.7985711637911521,0.5,0.0
7.698492462311558,-0.4623115577889507,0.8007471070167469,0.5,0.0
7.708542713567839,-0.46356783919597433,0.8029230502423417,0.5,0.0
7.71859296482412,-0.46482412060299794,0.8050989934679507,0.5,0.0
7.7286432160804015,-0.4660804020100784,0.8072749366935597,0.5,0.0
7.738693467336683,-0.467336683417102,0.8094508799191544,0.5,0.0
7.748743718592964,-0.4685929648241256,0.8116268231447208,0.5,0.0
7.758793969849245,-0.4698492462311492,0.8138027663703014,0.5,0.0
7.768844221105526,-0.4711055276381728,0.8159787095958677,0.5,0.0
7.7788944723618085,-0.47236180904522485,0.8181546528214483,0.5,0.0
7.78894472361809,-0.47361809045222003,0.8203305960470715,0.5,0.0
7.798994974874372,-0.47487437185927206,0.8225065392726378,0.5,0.0
7.809045226130653,-0.4761306532663241,0.8246824824982468,0.5,0.0
7.819095477386934,-0.4773869346733761,0.8268584257238558,0.5,0.0
7.829145728643216,-0.4786432160803997,0.8290343689494364,0.5,0.0
7.839195979899497,-0.47989949748745175,0.8312103121750312,0.5,0.0
7.849246231155778,-0.48115577889447536,0.8333862554006259,0.5,0.0
7.859296482412059,-0.48241206030149897,0.8355621986261923,0.5,0.0
7.8693467336683405,-0.483668341708551,0.8377381418517729,0.5,0.0
7.879396984924623,-0.484924623115603,0.8399140850773392,0.5,0.0
7.889447236180904,-0.4861809045225698,0.842090028302934,0.5,0.0
7.899497487437186,-0.48743718592965024,0.8442659715285288,0.5,0.0
7.909547738693467,-0.48869346733667385,0.846441914754152,0.5,0.0
7.919597989949748,-0.4899497487437259,0.8486178579797325,0.5,0.0
7.92964824120603,-0.4912060301507495,0.8507938012053415,0.5,0.0
7.939698492462311,-0.4924623115578015,0.8529697444309221,0.5,0.0
7.949748743718592,-0.49371859296485354,0.8551456876565027,0.5,0.0
7.959798994974873,-0.4949748743718487,0.8573216308820832,0.5,0.0
7.9698492462311545,-0.4962311557788439,0.8594975741076638,0.5,0.0
7.979899497487437,-0.49748743718592436,0.8616735173332302,0.5,0.0
7.989949748743718,-0.49874371859291955,0.8638494605588249,0.5,0.0
8.0,-0.5006297229218004,0.8671161158798661,0.5,0.0
4.0,-0.5006297229218717,0.8671161158799521,0.5,0.0
4.010050251256281,-0.4987437185929764,0.8638494605588676,0.5,0.0
4.0201005025125625,-0.49748743718592436,0.8616735173332302,0.5,0.0
4.030150753768845,-0.49623115577890076,0.8594975741076496,0.5,0.0
4.040201005025126,-0.4949748743718487,0.8573216308820832,0.5,0.0
4.050251256281407,-0.49371859296485354,0.8551456876565027,0.5,0.0
4.060301507537688,-0.4924623115578015,0.8529697444309221,0.5,0.0
4.0703517587939695,-0.49120603015072106,0.8507938012052847,0.5,0.0
4.080402010050252,-0.4899497487437259,0.8486178579797041,0.5,0.0
4.090452261306533,-0.48869346733670227,0.8464419147541662,0.5,0.0
4.100502512562814,-0.48743718592967866,0.8442659715285856,0.5,0.0
4.110552763819095,-0.48618090452262663,0.8420900283029482,0.5,0.0
4.1206030150753765,-0.4849246231155462,0.8399140850773392,0.5,0.0
4.130653266331659,-0.483668341708551,0.8377381418517444,0.5,0.0
4.14070351758794,-0.4824120603015274,0.8355621986262207,0.5,0.0
4.150753768844221,-0.48115577889447536,0.8333862554006117,0.5,0.0
4.160804020100502,-0.47989949748742333,0.831210312175017,0.5,0.0
4.1708542713567835,-0.4786432160803713,0.829034368949408,0.5,0.0
4.180904522613066,-0.4773869346733761,0.8268584257238132,0.5,0.0
4.190954773869347,-0.4761306532663525,0.824682482498261,0.5,0.0
4.201005025125628,-0.4748743718593289,0.8225065392726805,0.5,0.0
4.211055276381909,-0.4736180904522769,0.8203305960470715,0.5,0.0
4.221105527638191,-0.4723618090451964,0.8181546528214767,0.5,0.0
4.231155778894473,-0.4711055276381444,0.8159787095958677,0.5,0.0
4.241206030150754,-0.4698492462311492,0.8138027663703156,0.5,0.0
4.251256281407035,-0.468592964824154,0.811626823144735,0.5,0.0
4.261306532663316,-0.467336683417102,0.8094508799191402,0.5,0.0
4.271356783919598,-0.46608040201002154,0.8072749366935312,0.5,0.0
4.28140703517588,-0.46482412060299794,0.805098993467908,0.5,0.0
4.291457286432161,-0.46356783919597433,0.8029230502423559,0.5,0.0
4.301507537688442,-0.4623115577889507,0.8007471070167895,0.5,0.0
4.311557788944723,-0.4610552763819271,0.7985711637911947,0.5,0.0
4.321608040201005,-0.45979899497484666,0.7963952205655715,0.5,0.0
4.331658291457287,-0.45854271356782306,0.7942192773399768,0.5,0.0
4.341708542713568,-0.45728643216082787,0.7920433341144388,0.5,0.0
4.351758793969849,-0.45603015075377584,0.7898673908888583,0.5,0.0
4.36180904522613,-0.45477386934675224,0.7876914476632493,0.5,0.0
4.371859296482412,-0.4535175879396718,0.7855155044376261,0.5,0.0
4.381909547738694,-0.4522613065326482,0.7833395612120171,0.5,0.0
4.391959798994975,-0.45100502512562457,0.7811636179864934,0.5,0.0
4.402010050251256,-0.44974874371860096,0.7789876747608844,0.5,0.0
4.4120603015075375,-0.44849246231157736,0.7768117315352754,0.5,0.0
4.422110552763819,-0.4472361809044969,0.7746357883096806,0.5,0.0
4.432160804020101,-0.4459798994975017,0.7724598450840858,0.5,0.0
4.442211055276382,-0.4447236180904497,0.7702839018585053,0.5,0.0
4.452261306532663,-0.4434673366834261,0.7681079586329673,0.5,0.0
4.4623115577889445,-0.4422110552764309,0.7659320154073725,0.5,0.0
4.472361809045226,-0.44095477386935045,0.7637560721817493,0.5,0.0
4.482412060301508,-0.4396984924622984,0.7615801289561261,0.5,0.0
4.492462311557789,-0.4384422110552748,0.7594041857305882,0.5,0.0
4.50251256281407,-0.4371859296482512,0.7572282425050076,0.5,0.0
4.5125628140703515,-0.4359296482412276,0.7550522992794129,0.5,0.0
4.522613065326633,-0.43467336683417557,0.7528763560538181,0.5,0.0
4.532663316582914,-0.43341708542712354,0.7507004128281949,0.5,0.0
4.542713567839196,-0.43216080402012835,0.7485244696026285,0.5,0.0
4.552763819095477,-0.43090452261310475,0.746348526377048,0.5,0.0
4.562814070351759,-0.4296482412060243,0.7441725831514248,0.5,0.0
4.57286432160804,-0.42839195979897227,0.74199663992583,0.5,0.0
4.582914572864322,-0.4271356783919771,0.7398206967002494,0.5,0.0
4.592964824120603,-0.4258793969849535,0.7376447534747257,0.5,0.0
4.603015075376884,-0.42462311557792987,0.7354688102491309,0.5,0.0
4.613065326633166,-0.4233668341708494,0.7332928670235219,0.5,0.0
4.623115577889447,-0.4221105527638258,0.7311169237978987,0.5,0.0
4.633165829145728,-0.42085427135674536,0.7289409805722897,0.5,0.0
4.64321608040201,-0.41959798994975017,0.7267650373467234,0.5,0.0
4.653266331658291,-0.41834170854272656,0.724589094121157,0.5,0.0
4.663316582914573,-0.41708542713570296,0.7224131508955765,0.5,0.0
4.673366834170854,-0.4158291457286225,0.7202372076699817,0.5,0.0
4.683417085427136,-0.4145728643215989,0.7180612644443585,0.5,0.0
4.693467336683417,-0.4133165829146037,0.7158853212188063,0.5,0.0
4.703517587939698,-0.41206030150752326,0.7137093779932115,0.5,0.0
4.71356783919598,-0.41080402010049966,0.7115334347676168,0.5,0.0
4.723618090452261,-0.4095477386934476,0.709357491542022,0.5,0.0
4.733668341708542,-0.4082914572863956,0.7071815483164272,0.5,0.0
4.743718592964824,-0.40703517587942883,0.7050056050908609,0.5,0.0
4.7537688442211055,-0.4057788944723484,0.7028296618652945,0.5,0.0
4.763819095477387,-0.4045226130653248,0.7006537186396571,0.5,0.0
4.773869346733668,-0.40326633165827275,0.6984777754140623,0.5,0.0
4.78391959798995,-0.40201005025124914,0.6963018321884533,0.5,0.0
4.793969849246231,-0.40075376884425395,0.694125888962958,0.5,0.0
4.8040201005025125,-0.3994974874372019,0.691949945737349,0.5,0.0
4.814070351758794,-0.3982412060301499,0.6897740025116974,0.5,0.0
4.824120603015075,-0.3969849246231263,0.6875980592861453,0.5,0.0
4.834170854271356,-0.39572864321607426,0.6854221160605363,0.5,0.0
4.844221105527638,-0.39447236180905065,0.6832461728349557,0.5,0.0
4.8542713567839195,-0.39321608040202705,0.6810702296094036,0.5,0.0
4.864321608040201,-0.391959798994975,0.6788942863837804,0.5,0.0
4.874371859296482,-0.39070351758789457,0.6767183431581714,0.5,0.0
4.884422110552764,-0.3894472361808994,0.6745423999325766,0.5,0.0
4.894472361809045,-0.3881909547738758,0.6723664567070387,0.5,0.0
4.9045226130653266,-0.38693467336685217,0.6701905134814439,0.5,0.0
4.914572864321608,-0.38567839195982856,0.6680145702558633,0.5,0.0
4.924623115577889,-0.3844221105527481,0.6658386270302543,0.5,0.0
4.93467336683417,-0.3831658291457245,0.6636626838046311,0.5,0.0
4.944723618090452,-0.3819095477387293,0.6614867405790648,0.5,0.0
4.954773869346734,-0.38065326633164887,0.6593107973534842,0.5,0.0
4.964824120603015,-0.37939698492463947,0.6571348541278894,0.5,0.0
4.974874371859296,-0.37814070351757323,0.6549589109022804,0.5,0.0
4.984924623115578,-0.3768844221105496,0.6527829676766714,0.5,0.0
4.994974874371859,-0.37562814070355444,0.6506070244511761,0.5,0.0
5.005025125628141,-0.3743718592964882,0.6484310812255529,0.5,0.0
5.015075376884422,-0.37311557788943617,0.6462551379999439,0.5,0.0
5.025125628140703,-0.37185929648242677,0.6440791947743634,0.5,0.0
5.035175879396984,-0.37060301507537474,0.6419032515487686,0.5,0.0
5.045226130653266,-0.3693467336683369,0.6397273083231596,0.5,0.0
5.055276381909548,-0.3680904522613275,0.6375513650976075,0.5,0.0
5.065326633165829,-0.3668341708542613,0.6353754218719985,0.5,0.0
5.07537688442211,-0.36557788944720926,0.6331994786463895,0.5,0.0
5.085427135678392,-0.3643216080402141,0.6310235354208089,0.5,0.0
5.0954773869346734,-0.36306532663317626,0.6288475921952568,0.5,0.0
5.105527638190955,-0.3618090452261242,0.626671648969662,0.5,0.0
5.115577889447236,-0.3605527638191006,0.624495705744053,0.5,0.0
5.125628140703517,-0.359296482412077,0.6223197625184582,0.5,0.0
5.135678391959798,-0.358040201005025,0.6201438192928777,0.5,0.0
5.1457286432160805,-0.35678391959798716,0.6179678760672687,0.5,0.0
5.155778894472362,-0.35552763819094935,0.6157919328416881,0.5,0.0
5.165829145728643,-0.35427135678395416,0.613615989616136,0.5,0.0
5.175879396984924,-0.3530150753768595,0.611440046390527,0.5,0.0
5.185929648241206,-0.3517587939698359,0.6092641031648895,0.5,0.0
5.1959798994974875,-0.3505025125628265,0.6070881599393658,0.5,0.0
5.206030150753769,-0.3492462311558029,0.6049122167137568,0.5,0.0
5.21608040201005,-0.34798994974875086,0.6027362734881478,0.5,0.0
5.226130653266331,-0.34673366834169883,0.6005603302625673,0.5,0.0
5.236180904522612,-0.3454773869346468,0.5983843870369867,0.5,0.0
5.2462311557788945,-0.3442211055276516,0.5962084438114061,0.5,0.0
5.256281407035176,-0.3429648241206138,0.5940325005858256,0.5,0.0
5.266331658291457,-0.34170854271356177,0.5918565573601882,0.5,0.0
5.276381909547738,-0.34045226130650974,0.5896806141345792,0.5,0.0
5.28643216080402,-0.3391959798994719,0.5875046709089986,0.5,0.0
5.296482412060302,-0.33793969849249095,0.5853287276835033,0.5,0.0
5.306532663316583,-0.33668341708545313,0.5831527844578943,0.5,0.0
5.316582914572864,-0.3354271356783869,0.5809768412322569,0.5,0.0
5.326633165829145,-0.3341708542713633,0.5788008980066763,0.5,0.0
5.3366834170854265,-0.33291457286428283,0.5766249547810958,0.5,0.0
5.346733668341709,-0.33165829145730186,0.5744490115554584,0.5,0.0
5.35678391959799,-0.33040201005027825,0.5722730683299346,0.5,0.0
5.366834170854271,-0.329145728643212,0.5700971251043541,0.5,0.0
5.376884422110552,-0.32788944723614577,0.5679211818786882,0.5,0.0
5.386934673366834,-0.3266331658291506,0.5657452386531077,0.5,0.0
5.396984924623116,-0.3253768844221412,0.5635692954275839,0.5,0.0
5.407035175879397,-0.32412060301508916,0.5613933522020034,0.5,0.0
5.417085427135678,-0.3228643216080229,0.559217408976366,0.5,0.0
5.427135678391959,-0.3216080402009993,0.5570414657507854,0.5,0.0
5.4371859296482405,-0.3203517587939615,0.5548655225252048,0.5,0.0
5.447236180904523,-0.3190954773869379,0.5526895792996527,0.5,0.0
5.457286432160804,-0.31783919597990007,0.5505136360740437,0.5,0.0
5.467336683417085,-0.31658291457286225,0.5483376928484063,0.5,0.0
5.477386934673366,-0.3153266331658102,0.5461617496228257,0.5,0.0
5.4874371859296485,-0.31407035175882925,0.5439858063972451,0.5,0.0
5.49748743718593,-0.3128140703517488,0.541809863171693,0.5,0.0
5.507537688442211,-0.3115577889447394,0.5396339199461124,0.5,0.0
5.517587939698492,-0.3103015075377158,0.5374579767205034,0.5,0.0
5.527638190954773,-0.30904522613062113,0.535282033494866,0.5,0.0
5.537688442211055,-0.3077889447235833,0.5331060902693139,0.5,0.0
5.547738693467337,-0.3065326633165881,0.5309301470437049,0.5,0.0
5.557788944723618,-0.3052763819095645,0.5287542038181812,0.5,0.0
5.567839195979899,-0.3040201005025267,0.5265782605925438,0.5,0.0
5.57788944723618,-0.30276381909544625,0.5244023173669063,0.5,0.0
5.5879396984924625,-0.30150753768845107,0.5222263741413542,0.5,0.0
5.597989949748744,-0.30025125628142746,0.5200504309158305,0.5,0.0
5.608040201005025,-0.29899497487438964,0.5178744876901931,0.5,0.0
5.618090452261306,-0.2977386934673376,0.5156985444645841,0.5,0.0
5.628140703517587,-0.29648241206027137,0.5135226012390035,0.5,0.0
5.638190954773869,-0.29522613065324776,0.5113466580134229,0.5,0.0
5.648241206030151,-0.2939698492462526,0.5091707147878708,0.5,0.0
5.658291457286432,-0.29271356783918634,0.5069947715622334,0.5,0.0
5.668341708542713,-0.29145728643216273,0.5048188283366244,0.5,0.0
5.6783919597989945,-0.2902010050250965,0.5026428851110438,0.5,0.0
5.688442211055277,-0.2889447236180729,0.5004669418854633,0.5,0.0
5.698492462311558,-0.2876884422110777,0.4982909986599111,0.5,0.0
5.708542713567839,-0.2864321608040541,0.4961150554343021,0.5,0.0
5.71859296482412,-0.28517587939697364,0.49393911220872155,0.5,0.0
5.7286432160804015,-0.2839195979899358,0.491763168983141,0.5,0.0
5.738693467336683,-0.2826633165829122,0.489587225757532,0.5,0.0
5.748743718592965,-0.2814070351758886,0.487411282531923,0.5,0.0
5.758793969849246,-0.2801507537688792,0.4852353393063993,0.5,0.0
5.768844221105527,-0.278894472361813,0.4830593960807903,0.5,0.0
5.7788944723618085,-0.2776381909547325,0.4808834528551529,0.5,0.0
5.788944723618091,-0.27638190954776576,0.4787075096295723,0.5,0.0
5.798994974874372,-0.27512562814071373,0.47653156640402017,0.5,0.0
5.809045226130653,-0.2738693467336759,0.4743556231784396,0.5,0.0
5.819095477386934,-0.2726130653266523,0.4721796799528306,0.5,0.0
5.829145728643216,-0.27135678391958606,0.4700037367272216,0.5,0.0
5.839195979899497,-0.27010050251254825,0.46782779350161263,0.5,0.0
5.849246231155779,-0.26884422110553885,0.46565185027603206,0.5,0.0
5.85929648241206,-0.26758793969850103,0.4634759070504799,0.5,0.0
5.869346733668341,-0.2663316582914632,0.46129996382489935,0.5,0.0
5.879396984924623,-0.265075376884397,0.45912402059926194,0.5,0.0
5.889447236180905,-0.2638190954774018,0.45694807737362453,0.5,0.0
5.899497487437186,-0.2625628140703782,0.45477213414815765,0.5,0.0
5.909547738693467,-0.26130653266331194,0.45259619092254866,0.5,0.0
5.919597989949748,-0.2600502512562741,0.45042024769691125,0.5,0.0
5.92964824120603,-0.2587939698492505,0.4482443044713307,0.5,0.0
5.939698492462311,-0.2575376884421985,0.4460683612457501,0.5,0.0
5.949748743718593,-0.2562814070351891,0.44389241802016954,0.5,0.0
5.959798994974874,-0.25502512562812285,0.4417164747946174,0.5,0.0
5.969849246231155,-0.25376884422109924,0.43954053156898,0.5,0.0
5.979899497487437,-0.2525125628140614,0.437364588343371,0.5,0.0
5.989949748743719,-0.25125628140705203,0.43518864511779043,0.5,0.0
6.0,-0.25,0.4330127018922667,0.5,0.0
6.010050251256281,-0.2487437185929906,0.4308367586666577,0.5,0.0
6.0201005025125625,-0.24748743718593857,0.4286608154410203,0.5,0.0
6.030150753768844,-0.24623115577888655,0.4264848722154113,0.5,0.0
6.040201005025125,-0.24497487437184873,0.42430892898985917,0.5,0.0
6.050251256281406,-0.2437185929648109,0.4221329857642786,0.5,0.0
6.060301507537688,-0.2424623115578015,0.4199570425386696,0.5,0.0
6.0703517587939695,-0.24120603015074948,0.41778109931308904,0.5,0.0
6.080402010050251,-0.23994974874369746,0.41560515608748005,0.5,0.0
6.090452261306533,-0.23869346733668806,0.41342921286187106,0.5,0.0
6.100502512562814,-0.23743718592963603,0.41125326963634734,0.5,0.0
6.110552763819095,-0.23618090452262663,0.4090773264107952,0.5,0.0
6.1206030150753765,-0.23492462311558882,0.4069013831851578,0.5,0.0
6.130653266331658,-0.2336683417085368,0.40472543995952037,0.5,0.0
6.140703517587939,-0.23241206030149897,0.4025494967339682,0.5,0.0
6.15075376884422,-0.23115577889446115,0.4003735535084161,0.5,0.0
6.160804020100502,-0.22989949748745175,0.3981976102828071,0.5,0.0
6.1708542713567835,-0.22864321608039972,0.3960216670571981,0.5,0.0
6.180904522613065,-0.2273869346733477,0.39384572383161753,0.5,0.0
6.190954773869347,-0.2261306532663383,0.3916697806059801,0.5,0.0
6.201005025125628,-0.2248743718593147,0.3894938373804848,0.5,0.0
6.211055276381909,-0.22361809045226266,0.38731789415487583,0.5,0.0
6.221105527638191,-0.22236180904522485,0.3851419509292384,0.5,0.0
6.231155778894472,-0.22110552763818703,0.38296600770362943,0.5,0.0
6.241206030150753,-0.21984924623116342,0.3807900644781057,0.5,0.0
6.251256281407034,-0.2185929648241256,0.37861412125252514,0.5,0.0
6.261306532663316,-0.21733668341707357,0.3764381780268877,0.5,0.0
6.271356783919598,-0.21608040201003575,0.37426223480130716,0.5,0.0
6.281407035175879,-0.21482412060299794,0.3720862915757266,0.5,0.0
6.291457286432161,-0.2135678391959459,0.3699103483500892,0.5,0.0
6.301507537688442,-0.21231155778895072,0.3677344051245939,0.5,0.0
6.311557788944723,-0.21105527638194133,0.3655584618990133,0.5,0.0
6.321608040201005,-0.2097989949749035,0.3633825186733759,0.5,0.0
6.331658291457286,-0.20854271356785148,0.3612065754477385,0.5,0.0
6.341708542713567,-0.20728643216078524,0.3590306322221579,0.5,0.0
6.351758793969848,-0.20603015075374742,0.3568546889966626,0.5,0.0
6.36180904522613,-0.20477386934673802,0.3546787457709968,0.5,0.0
6.371859296482412,-0.2035175879397002,0.3525028025454162,0.5,0.0
6.381909547738693,-0.20226130653263397,0.3503268593198072,0.5,0.0
6.391959798994975,-0.20100502512562457,0.34815091609419824,0.5,0.0
6.402010050251256,-0.19974874371860096,0.34597497286870293,0.5,0.0
6.4120603015075375,-0.19849246231156314,0.3437990296430655,0.5,0.0
6.422110552763819,-0.19723618090452533,0.34162308641748496,0.5,0.0
6.4321608040201,-0.1959798994974875,0.3394471431919044,0.5,0.0
6.442211055276381,-0.1947236180904497,0.3372711999662954,0.5,0.0
6.452261306532662,-0.19346733668341187,0.3350952567407717,0.5,0.0
6.4623115577889445,-0.19221105527640248,0.33291931351510584,0.5,0.0
6.472361809045226,-0.19095477386935045,0.3307433702895537,0.5,0.0
6.482412060301507,-0.1896984924622842,0.3285674270639447,0.5,0.0
6.492462311557789,-0.1884422110552464,0.3263914838382789,0.5,0.0
6.50251256281407,-0.187185929648237,0.32421554061278357,0.5,0.0
6.5125628140703515,-0.1859296482412276,0.3220395973872314,0.5,0.0
6.522613065326633,-0.18467336683418978,0.319863654161594,0.5,0.0
6.532663316582914,-0.18341708542712354,0.317687710935985,0.5,0.0
6.542713567839195,-0.18216080402009993,0.31551176771037603,0.5,0.0
6.5527638190954764,-0.18090452261307632,0.3133358244848523,0.5,0.0
6.562814070351759,-0.1796482412060243,0.3111598812592433,0.5,0.0
6.57286432160804,-0.17839195979897227,0.30898393803363433,0.5,0.0
6.582914572864321,-0.17713567839193445,0.3068079948079969,0.5,0.0
6.592964824120603,-0.17587939698493926,0.30463205158241635,0.5,0.0
6.603015075376884,-0.17462311557791566,0.30245610835692105,0.5,0.0
6.613065326633166,-0.17336683417086363,0.3002801651313405,0.5,0.0
6.623115577889447,-0.1721105527638258,0.29810422190570307,0.5,0.0
6.633165829145728,-0.170854271356788,0.2959282786800941,0.5,0.0
6.643216080402009,-0.16959798994973596,0.2937523354545135,0.5,0.0
6.6532663316582905,-0.16834170854269814,0.29157639222893295,0.5,0.0
6.663316582914573,-0.16708542713568875,0.28940044900332396,0.5,0.0
6.673366834170854,-0.16582914572863672,0.2872245057777718,0.5,0.0
6.683417085427135,-0.16457286432157048,0.2850485625521628,0.5,0.0
6.693467336683417,-0.16331658291456108,0.2828726193265254,0.5,0.0
6.703517587939698,-0.1620603015075659,0.2806966761010017,0.5,0.0
6.71356783919598,-0.16080402010051387,0.2785207328754211,0.5,0.0
6.723618090452261,-0.15954773869346184,0.27634478964981213,0.5,0.0
6.733668341708542,-0.15829145728643823,0.27416884642420314,0.5,0.0
6.743718592964823,-0.1570351758794004,0.27199290319862257,0.5,0.0
6.753768844221105,-0.1557788944723768,0.2698169599730704,0.5,0.0
6.763819095477387,-0.1545226130653532,0.26764101674746144,0.5,0.0
6.773869346733668,-0.15326633165827275,0.26546507352185245,0.5,0.0
6.783919597989949,-0.15201005025122072,0.26328913029624346,0.5,0.0
6.793969849246231,-0.15075376884421132,0.2611131870706629,0.5,0.0
6.8040201005025125,-0.14949748743718771,0.25893724384513916,0.5,0.0
6.814070351758794,-0.14824120603019253,0.2567613006195586,0.5,0.0
6.824120603015075,-0.1469849246231263,0.25458535739389276,0.5,0.0
6.834170854271356,-0.14572864321607426,0.2524094141683122,0.5,0.0
6.844221105527637,-0.14447236180902223,0.25023347094273163,0.5,0.0
6.854271356783919,-0.14321608040201284,0.24805752771717948,0.5,0.0
6.864321608040201,-0.14195979899497502,0.24588158449154207,0.5,0.0
6.874371859296482,-0.140703517587923,0.2437056412659615,0.5,0.0
6.884422110552763,-0.13944723618089938,0.24152969804035251,0.5,0.0
6.894472361809045,-0.13819095477386156,0.23935375481477195,0.5,0.0
6.9045226130653266,-0.13693467336682374,0.2371778115892198,0.5,0.0
6.914572864321608,-0.13567839195981435,0.23500186836363923,0.5,0.0
6.924623115577889,-0.13442211055279074,0.23282592513803024,0.5,0.0
6.93467336683417,-0.1331658291457245,0.23064998191242125,0.5,0.0
6.9447236180904515,-0.1319095477387009,0.2284740386868691,0.5,0.0
6.954773869346733,-0.13065326633166308,0.22629809546128854,0.5,0.0
6.964824120603015,-0.12939698492462526,0.22412215223565113,0.5,0.0
6.974874371859296,-0.12814070351755902,0.22194620901007056,0.5,0.0
6.984924623115577,-0.1268844221105212,0.21977026578446157,0.5,0.0
6.994974874371859,-0.12562814070352601,0.21759432255885258,0.5,0.0
7.005025125628141,-0.12437185929651662,0.21541837933332886,0.5,0.0
7.015075376884422,-0.1231155778894788,0.2132424361077483,0.5,0.0
7.025125628140703,-0.12185929648242677,0.21106649288216772,0.5,0.0
7.035175879396984,-0.12060301507538895,0.2088905496565303,0.5,0.0
7.0452261306532655,-0.11934673366832271,0.20671460643094974,0.5,0.0
7.055276381909547,-0.1180904522612849,0.20453866320542602,0.5,0.0
7.065326633165829,-0.1168341708542755,0.2023627199797886,0.5,0.0
7.07537688442211,-0.11557788944725189,0.20018677675420804,0.5,0.0
7.085427135678391,-0.11432160804018565,0.19801083352859905,0.5,0.0
7.0954773869346734,-0.11306532663313362,0.19583489030299006,0.5,0.0
7.105527638190955,-0.11180904522616686,0.19365894707746634,0.5,0.0
7.115577889447236,-0.11055276381914325,0.19148300385188577,0.5,0.0
7.125628140703517,-0.10929648241202017,0.18930706062619151,0.5,0.0
7.135678391959798,-0.10804020100501077,0.18713111740061095,0.5,0.0
7.14572864321608,-0.10678391959798716,0.18495517417508722,0.5,0.0
7.155778894472361,-0.10552763819094935,0.18277923094950665,0.5,0.0
7.165829145728643,-0.10427135678393995,0.18060328772389767,0.5,0.0
7.175879396984924,-0.10301507537688792,0.1784273444983171,0.5,0.0
7.185929648241205,-0.10175879396980747,0.1762514012727081,0.5,0.0
7.1959798994974875,-0.10050251256281229,0.17407545804709912,0.5,0.0
7.206030150753769,-0.0992462311558171,0.1718995148215754,0.5,0.0
7.21608040201005,-0.09798994974875086,0.16972357159599483,0.5,0.0
7.226130653266331,-0.09673366834169883,0.16754762837035742,0.5,0.0
7.236180904522612,-0.09547738693467522,0.16537168514474843,0.5,0.0
7.246231155778894,-0.0942211055276232,0.16319574191913944,0.5,0.0
7.256281407035175,-0.09296482412059959,0.1610197986935873,0.5,0.0
7.266331658291456,-0.09170854271359019,0.15884385546806357,0.5,0.0
7.276381909547738,-0.09045226130656658,0.15666791224239773,0.5,0.0
7.2864321608040195,-0.08919597989948613,0.15449196901678874,0.5,0.0
7.296482412060302,-0.08793969849247674,0.15231602579120818,0.5,0.0
7.306532663316583,-0.0866834170854105,0.1501400825656276,0.5,0.0
7.316582914572864,-0.08542713567837268,0.14796413934007546,0.5,0.0
7.326633165829145,-0.0841708542713775,0.14578819611446647,0.5,0.0
7.3366834170854265,-0.08291457286432546,0.14361225288885748,0.5,0.0
7.346733668341708,-0.08165829145728765,0.14143630966327692,0.5,0.0
7.356783919597989,-0.08040201005023562,0.13926036643766793,0.5,0.0
7.36683417085427,-0.0791457286431978,0.1370844232121442,0.5,0.0
7.376884422110552,-0.07788944723623104,0.1349084799865352,0.5,0.0
7.3869346733668335,-0.07663316582913637,0.13273253676092622,0.5,0.0
7.396984924623116,-0.07537688442209856,0.13055659353531723,0.5,0.0
7.407035175879397,-0.07412060301506074,0.1283806503097651,0.5,0.0
7.417085427135678,-0.07286432160805134,0.1262047070841561,0.5,0.0
7.427135678391959,-0.07160804020102773,0.12402876385857553,0.5,0.0
7.4371859296482405,-0.0703517587939615,0.12185282063299496,0.5,0.0
7.447236180904522,-0.06909547738692368,0.11967687740738597,0.5,0.0
7.457286432160803,-0.06783919597992849,0.1175009341818054,0.5,0.0
7.467336683417084,-0.06658291457287646,0.11532499095625326,0.5,0.0
7.477386934673366,-0.06532663316583864,0.11314904773061585,0.5,0.0
7.487437185929648,-0.06407035175875819,0.11097310450503528,0.5,0.0
7.49748743718593,-0.06281407035173459,0.10879716127942629,0.5,0.0
7.507537688442211,-0.0615577889447394,0.10662121805387414,0.5,0.0
7.517587939698492,-0.06030150753768737,0.10444527482829358,0.5,0.0
7.527638190954773,-0.05904522613064955,0.10226933160271301,0.5,0.0
7.537688442211055,-0.057788944723625946,0.10009338837710402,0.5,0.0
7.547738693467336,-0.056532663316559706,0.09791744515146661,0.5,0.0
7.557788944723617,-0.05527638190955031,0.09574150192588604,0.5,0.0
7.567839195979898,-0.05402010050251249,0.09356555870036232,0.5,0.0
7.57788944723618,-0.05276381909547467,0.09138961547475333,0.5,0.0
7.587939698492462,-0.051507537688436855,0.08921367224917276,0.5,0.0
7.597989949748744,-0.05025125628142746,0.08703772902353535,0.5,0.0
7.608040201005025,-0.04899497487436122,0.08486178579795478,0.5,0.0
7.618090452261306,-0.04773869346733761,0.08268584257243106,0.5,0.0
7.628140703517587,-0.046482412060314005,0.08050989934682207,0.5,0.0
7.638190954773869,-0.045226130653247765,0.07833395612118466,0.5,0.0
7.64824120603015,-0.04396984924623837,0.07615801289563251,0.5,0.0
7.658291457286431,-0.04271356783921476,0.0739820696699951,0.5,0.0
7.668341708542712,-0.04145728643217694,0.07180612644447137,0.5,0.0
7.6783919597989945,-0.040201005025139125,0.06963018321886238,0.5,0.0
7.688442211055276,-0.038944723618058674,0.06745423999322497,0.5,0.0
7.698492462311558,-0.03768844221104928,0.06527829676761598,0.5,0.0
7.708542713567839,-0.03643216080402567,0.06310235354206384,0.5,0.0
7.71859296482412,-0.03517587939700206,0.06092641031651169,0.5,0.0
7.7286432160804015,-0.033919597989950034,0.058750467090931124,0.5,0.0
7.738693467336683,-0.032663316582898005,0.056574523865322135,0.5,0.0
7.748743718592964,-0.03140703517588861,0.05439858063974157,0.5,0.0
7.758793969849245,-0.03015075376885079,0.05222263741413258,0.5,0.0
7.768844221105526,-0.028894472361798762,0.05004669418858043,0.5,0.0
7.7788944723618085,-0.027638190954775155,0.04787075096297144,0.5,0.0
7.78894472361809,-0.026381909547723126,0.04569480773736245,0.5,0.0
7.798994974874372,-0.025125628140685308,0.043518864511781885,0.5,0.0
7.809045226130653,-0.02386934673364749,0.04134292128620132,0.5,0.0
7.819095477386934,-0.022613065326638093,0.03916697806059233,0.5,0.0
7.829145728643216,-0.021356783919600275,0.03699103483504018,0.5,0.0
7.839195979899497,-0.020100502512562457,0.03481509160943119,0.5,0.0
7.849246231155778,-0.01884422110552464,0.0326391483838222,0.5,0.0
7.859296482412059,-0.01758793969848682,0.030463205158241635,0.5,0.0
7.8693467336683405,-0.016331658291477424,0.028287261932661067,0.5,0.0
7.879396984924623,-0.015075376884453817,0.0261113187070805,0.5,0.0
7.889447236180904,-0.013819095477373367,0.023935375481499932,0.5,0.0
7.899497487437186,-0.01256281407034976,0.021759432255890943,0.5,0.0
7.909547738693467,-0.011306532663311941,0.019583489030310375,0.5,0.0
7.919597989949748,-0.010050251256288334,0.017407545804729807,0.5,0.0
7.92964824120603,-0.008793969849250516,0.01523160257914924,0.5,0.0
7.939698492462311,-0.007537688442212698,0.013055659353511828,0.5,0.0
7.949748743718592,-0.0062814070351890905,0.01087971612793126,0.5,0.0
7.959798994974873,-0.005025125628122851,0.008703772902379114,0.5,0.0
7.9698492462311545,-0.0037688442210850326,0.006527829676798547,0.5,0.0
7.979899497487437,-0.002512562814104058,0.0043518864511611355,0.5,0.0
7.989949748743718,-0.0012562814070093964,0.0021759432256089895,0.5,0.0
8.0,-0.0006265664160410806,0.001085244866853235,0.5,0.0
12.0,-0.4987468671679096,-0.8638549140505916,0.5,0.0
12.010050251256281,-0.5000000000000142,-0.8660254037844481,0.5,0.0
12.020100502512562,-0.5000000000000142,-0.8660254037844481,0.5,0.0
12.030150753768844,-0.5000000000000142,-0.8660254037844481,0.5,0.0
12.040201005025125,-0.5000000000000142,-0.8660254037844766,0.5,0.0
12.050251256281406,-0.49999999999995737,-0.8660254037843629,0.5,0.0
12.06030150753769,-0.4999999999999716,-0.8660254037843629,0.5,0.0
12.07035175879397,-0.5,-0.8660254037844766,0.5,0.0
12.080402010050252,-0.5000000000000142,-0.8660254037844481,0.5,0.0
12.090452261306533,-0.5000000000000142,-0.8660254037844197,0.5,0.0
12.100502512562814,-0.5,-0.8660254037844766,0.5,0.0
12.110552763819095,-0.5000000000000142,-0.8660254037844766,0.5,0.0
12.120603015075377,-0.5000000000000142,-0.8660254037844197,0.5,0.0
12.130653266331658,-0.5000000000000142,-0.8660254037844481,0.5,0.0
12.140703517587939,-0.4999999999999716,-0.8660254037843629,0.5,0.0
12.150753768844222,-0.4999999999999716,-0.8660254037843629,0.5,0.0
12.160804020100503,-0.5,-0.8660254037844481,0.5,0.0
12.170854271356784,-0.5,-0.8660254037844766,0.5,0.0
12.180904522613066,-0.5000000000000142,-0.8660254037844481,0.5,0.0
12.190954773869347,-0.5000000000000142,-0.8660254037844481,0.5,0.0
12.201005025125628,-0.5,-0.8660254037844481,0.5,0.0
12.21105527638191,-0.5000000000000142,-0.8660254037844481,0.5,0.0
12.22110552763819,-0.5000000000000142,-0.8660254037844766,0.5,0.0
12.231155778894472,-0.5000000000000142,-0.8660254037844481,0.5,0.0
12.241206030150753,-0.5000000000000142,-0.8660254037844481,0.5,0.0
12.251256281407034,-0.49999999999995737,-0.8660254037843629,0.5,0.0
12.261306532663317,-0.4999999999999716,-0.8660254037843629,0.5,0.0
12.271356783919598,-0.5000000000000142,-0.8660254037844481,0.5,0.0
12.28140703517588,-0.5,-0.8660254037844766,0.5,0.0
12.291457286432161,-0.5,-0.8660254037844766,0.5,0.0
12.301507537688442,-0.5,-0.8660254037844197,0.5,0.0
12.311557788944723,-0.5000000000000142,-0.8660254037844481,0.5,0.0
12.321608040201005,-0.5000000000000142,-0.8660254037844766,0.5,0.0
12.331658291457286,-0.5000000000000142,-0.8660254037844481,0.5,0.0
12.341708542713567,-0.4999999999999716,-0.8660254037843913,0.5,0.0
12.35175879396985,-0.49999999999995737,-0.8660254037843913,0.5,0.0
12.361809045226131,-0.5000000000000142,-0.8660254037844481,0.5,0.0
12.371859296482413,-0.5000000000000142,-0.8660254037844197,0.5,0.0
12.381909547738694,-0.5,-0.8660254037844481,0.5,0.0
12.391959798994975,-0.5000000000000142,-0.8660254037844766,0.5,0.0
12.402010050251256,-0.5000000000000142,-0.8660254037844766,0.5,0.0
12.412060301507537,-0.5,-0.8660254037844481,0.5,0.0
12.422110552763819,-0.5,-0.8660254037844481,0.5,0.0
12.4321608040201,-0.5000000000000142,-0.8660254037844481,0.5,0.0
12.442211055276381,-0.5000000000000142,-0.8660254037844481,0.5,0.0
12.452261306532662,-0.49999999999995737,-0.8660254037843913,0.5,0.0
12.462311557788945,-0.4999999999999716,-0.8660254037843913,0.5,0.0
12.472361809045227,-0.5000000000000142,-0.8660254037844766,0.5,0.0
12.482412060301508,-0.5000000000000142,-0.8660254037844481,0.5,0.0
12.492462311557789,-0.5000000000000142,-0.8660254037844481,0.5,0.0
12.50251256281407,-0.5,-0.8660254037844766,0.5,0.0
12.512562814070352,-0.5,-0.8660254037844481,0.5,0.0
12.522613065326633,-0.5,-0.8660254037844197,0.5,0.0
12.532663316582914,-0.5000000000000142,-0.8660254037844481,0.5,0.0
12.542713567839195,-0.4999999999999716,-0.8660254037843913,0.5,0.0
12.552763819095478,-0.49999999999995737,-0.8660254037843345,0.5,0.0
12.56281407035176,-0.5000000000000142,-0.8660254037844481,0.5,0.0
12.57286432160804,-0.5000000000000142,-0.8660254037844766,0.5,0.0
12.582914572864322,-0.5000000000000142,-0.8660254037844481,0.5,0.0
12.592964824120603,-0.5000000000000142,-0.8660254037844481,0.5,0.0
12.603015075376884,-0.5,-0.8660254037844766,0.5,0.0
12.613065326633166,-0.5000000000000142,-0.8660254037844481,0.5,0.0
12.623115577889447,-0.5000000000000142,-0.8660254037844481,0.5,0.0
12.633165829145728,-0.5,-0.8660254037844481,0.5,0.0
12.64321608040201,-0.5,-0.8660254037844481,0.5,0.0
12.65326633165829,-0.49999999999994316,-0.8660254037843913,0.5,0.0
12.663316582914574,-0.4999999999999716,-0.8660254037843913,0.5,0.0
12.673366834170855,-0.5000000000000142,-0.8660254037844481,0.5,0.0
12.683417085427136,-0.5000000000000142,-0.8660254037844766,0.5,0.0
12.693467336683417,-0.5000000000000142,-0.8660254037844481,0.5,0.0
12.703517587939698,-0.5,-0.8660254037844197,0.5,0.0
12.71356783919598,-0.5000000000000142,-0.8660254037844481,0.5,0.0
12.72361809045226,-0.5000000000000142,-0.8660254037844766,0.5,0.0
12.733668341708542,-0.5,-0.8660254037844481,0.5,0.0
12.743718592964823,-0.4999999999999716,-0.8660254037843629,0.5,0.0
12.753768844221106,-0.49999999999995737,-0.8660254037844197,0.5,0.0
12.763819095477388,-0.5000000000000142,-0.8660254037844481,0.5,0.0
12.773869346733669,-0.5000000000000284,-0.8660254037844481,0.5,0.0
12.78391959798995,-0.5000000000000142,-0.8660254037844481,0.5,0.0
12.793969849246231,-0.5,-0.8660254037844481,0.5,0.0
12.804020100502512,-0.5,-0.8660254037844481,0.5,0.0
12.814070351758794,-0.5000000000000142,-0.8660254037844481,0.5,0.0
12.824120603015075,-0.5000000000000284,-0.8660254037844766,0.5,0.0
12.834170854271356,-0.5000000000000142,-0.8660254037844766,0.5,0.0
12.844221105527637,-0.5,-0.8660254037844481,0.5,0.0
12.854271356783919,-0.49999999999995737,-0.8660254037843345,0.5,0.0
12.864321608040202,-0.49999999999995737,-0.8660254037843629,0.5,0.0
12.874371859296483,-0.5000000000000142,-0.8660254037844766,0.5,0.0
12.884422110552764,-0.5000000000000142,-0.8660254037844481,0.5,0.0
12.894472361809045,-0.5,-0.8660254037844481,0.5,0.0
12.904522613065327,-0.5,-0.8660254037844766,0.5,0.0
12.914572864321608,-0.5000000000000142,-0.8660254037844481,0.5,0.0
12.924623115577889,-0.5000000000000284,-0.8660254037844197,0.5,0.0
12.93467336683417,-0.5000000000000142,-0.8660254037844766,0.5,0.0
12.944723618090451,-0.5,-0.8660254037844766,0.5,0.0
12.954773869346733,-0.49999999999995737,-0.8660254037843629,0.5,0.0
12.964824120603016,-0.4999999999999716,-0.8660254037843913,0.5,0.0
12.974874371859297,-0.5000000000000142,-0.8660254037844481,0.5,0.0
12.984924623115578,-0.5000000000000142,-0.8660254037844481,0.5,0.0
12.99497487437186,-0.5,-0.8660254037844481,0.5,0.0
13.00502512562814,-0.5,-0.8660254037844766,0.5,0.0
13.015075376884422,-0.5000000000000142,-0.8660254037844766,0.5,0.0
13.025125628140703,-0.5000000000000284,-0.8660254037844481,0.5,0.0
13.035175879396984,-0.5000000000000142,-0.8660254037844339,0.5,0.0
13.045226130653266,-0.5,-0.8660254037844481,0.5,0.0
13.055276381909547,-0.5,-0.8660254037844624,0.5,0.0
13.065326633165828,-0.49999999999995737,-0.8660254037843771,0.5,0.0
13.075376884422111,-0.4999999999999858,-0.8660254037843771,0.5,0.0
13.085427135678392,-0.5,-0.8660254037844481,0.5,0.0
13.095477386934673,-0.5,-0.8660254037844339,0.5,0.0
13.105527638190955,-0.5,-0.8660254037844481,0.5,0.0
13.115577889447236,-0.5000000000000142,-0.8660254037844624,0.5,0.0
13.125628140703517,-0.5000000000000284,-0.8660254037844624,0.5,0.0
13.135678391959798,-0.5000000000000142,-0.8660254037844624,0.5,0.0
13.14572864321608,-0.49999999999995737,-0.8660254037843913,0.5,0.0
13.155778894472363,-0.49999999999995737,-0.8660254037843629,0.5,0.0
13.165829145728644,-0.5000000000000142,-0.8660254037844339,0.5,0.0
13.175879396984925,-0.5000000000000142,-0.8660254037844339,0.5,0.0
13.185929648241206,-0.5,-0.8660254037844624,0.5,0.0
13.195979899497488,-0.5000000000000142,-0.8660254037844766,0.5,0.0
13.206030150753769,-0.5000000000000142,-0.8660254037844624,0.5,0.0
13.21608040201005,-0.5,-0.8660254037844481,0.5,0.0
13.226130653266331,-0.5000000000000142,-0.8660254037844481,0.5,0.0
13.236180904522612,-0.5000000000000142,-0.8660254037844339,0.5,0.0
13.246231155778894,-0.5,-0.8660254037844481,0.5,0.0
13.256281407035175,-0.5,-0.8660254037844908,0.5,0.0
13.266331658291456,-0.4999999999999716,-0.8660254037843771,0.5,0.0
13.27638190954774,-0.4999999999999716,-0.8660254037843629,0.5,0.0
13.28643216080402,-0.5000000000000142,-0.8660254037844481,0.5,0.0
13.296482412060302,-0.5,-0.8660254037844481,0.5,0.0
13.306532663316583,-0.5,-0.8660254037844624,0.5,0.0
13.316582914572864,-0.5,-0.8660254037844766,0.5,0.0
13.326633165829145,-0.5000000000000142,-0.8660254037844624,0.5,0.0
13.336683417085426,-0.5000000000000142,-0.8660254037844339,0.5,0.0
13.346733668341708,-0.49999999999994316,-0.8660254037843629,0.5,0.0
13.35678391959799,-0.49999999999995737,-0.8660254037843629,0.5,0.0
13.366834170854272,-0.5000000000000142,-0.8660254037844624,0.5,0.0
13.376884422110553,-0.5000000000000284,-0.8660254037844766,0.5,0.0
13.386934673366834,-0.5000000000000142,-0.8660254037844624,0.5,0.0
13.396984924623116,-0.5,-0.8660254037844481,0.5,0.0
13.407035175879397,-0.5,-0.8660254037844339,0.5,0.0
13.417085427135678,-0.5000000000000142,-0.8660254037844339,0.5,0.0
13.42713567839196,-0.5000000000000213,-0.8660254037844624,0.5,0.0
13.43718592964824,-0.5000000000000071,-0.8660254037844624,0.5,0.0
13.447236180904522,-0.5,-0.8660254037844624,0.5,0.0
13.457286432160803,-0.5,-0.8660254037844624,0.5,0.0
13.467336683417084,-0.4999999999999645,-0.8660254037843629,0.5,0.0
13.477386934673367,-0.4999999999999787,-0.8660254037843629,0.5,0.0
13.487437185929648,-0.5000000000000142,-0.8660254037844624,0.5,0.0
13.49748743718593,-0.5,-0.8660254037844624,0.5,0.0
13.507537688442211,-0.5000000000000071,-0.8660254037844624,0.5,0.0
13.517587939698492,-0.5000000000000071,-0.8660254037844624,0.5,0.0
13.527638190954773,-0.5000000000000142,-0.8660254037844339,0.5,0.0
13.537688442211055,-0.5000000000000142,-0.8660254037844481,0.5,0.0
13.547738693467336,-0.49999999999995026,-0.8660254037843913,0.5,0.0
13.557788944723619,-0.4999999999999645,-0.8660254037843771,0.5,0.0
13.5678391959799,-0.5000000000000071,-0.8660254037844624,0.5,0.0
13.577889447236181,-0.5000000000000142,-0.8660254037844624,0.5,0.0
13.587939698492463,-0.5000000000000142,-0.8660254037844339,0.5,0.0
13.597989949748744,-0.5,-0.8660254037844339,0.5,0.0
13.608040201005025,-0.5000000000000142,-0.8660254037844624,0.5,0.0
13.618090452261306,-0.5000000000000142,-0.8660254037844624,0.5,0.0
13.628140703517587,-0.5000000000000071,-0.8660254037844624,0.5,0.0
13.638190954773869,-0.5000000000000071,-0.8660254037844624,0.5,0.0
13.64824120603015,-0.5,-0.8660254037844481,0.5,0.0
13.658291457286431,-0.5000000000000142,-0.8660254037844339,0.5,0.0
13.668341708542712,-0.4999999999999645,-0.8660254037843771,0.5,0.0
13.678391959798995,-0.4999999999999645,-0.8660254037843913,0.5,0.0
13.688442211055277,-0.5000000000000071,-0.8660254037844481,0.5,0.0
13.698492462311558,-0.5,-0.8660254037844624,0.5,0.0
13.708542713567839,-0.5000000000000142,-0.8660254037844481,0.5,0.0
13.71859296482412,-0.5000000000000142,-0.8660254037844481,0.5,0.0
13.728643216080402,-0.5000000000000071,-0.8660254037844624,0.5,0.0
13.738693467336683,-0.5000000000000071,-0.8660254037844624,0.5,0.0
13.748743718592964,-0.5,-0.8660254037844481,0.5,0.0
13.758793969849245,-0.4999999999999645,-0.8660254037843913,0.5,0.0
13.768844221105528,-0.4999999999999716,-0.8660254037843771,0.5,0.0
13.77889447236181,-0.5000000000000071,-0.8660254037844481,0.5,0.0
13.78894472361809,-0.5000000000000071,-0.8660254037844481,0.5,0.0
13.798994974874372,-0.5000000000000071,-0.8660254037844481,0.5,0.0
13.809045226130653,-0.5000000000000142,-0.8660254037844624,0.5,0.0
13.819095477386934,-0.5000000000000071,-0.8660254037844481,0.5,0.0
13.829145728643216,-0.5000000000000142,-0.8660254037844624,0.5,0.0
13.839195979899497,-0.5000000000000142,-0.8660254037844624,0.5,0.0
13.849246231155778,-0.5,-0.8660254037844481,0.5,0.0
13.85929648241206,-0.5000000000000071,-0.8660254037844481,0.5,0.0
13.86934673366834,-0.4999999999999645,-0.8660254037843913,0.5,0.0
13.879396984924623,-0.4999999999999716,-0.8660254037843771,0.5,0.0
13.889447236180905,-0.5000000000000142,-0.8660254037844481,0.5,0.0
13.899497487437186,-0.5,-0.8660254037844624,0.5,0.0
13.909547738693467,-0.5000000000000071,-0.8660254037844481,0.5,0.0
13.919597989949748,-0.5000000000000071,-0.8660254037844624,0.5,0.0
13.92964824120603,-0.5000000000000142,-0.8660254037844624,0.5,0.0
13.93969849246231,-0.5000000000000142,-0.8660254037844481,0.5,0.0
13.949748743718592,-0.5,-0.8660254037844481,0.5,0.0
13.959798994974873,-0.4999999999999645,-0.8660254037843771,0.5,0.0
13.969849246231156,-0.4999999999999787,-0.8660254037843771,0.5,0.0
13.979899497487438,-0.5000000000000142,-0.8660254037844481,0.5,0.0
13.989949748743719,-0.5,-0.8660254037844624,0.5,0.0
14.0,-0.5,-0.8660254037844481,0.5,0.0
14.010050251256281,-0.5000000000000142,-0.8660254037844624,0.5,0.0
14.020100502512562,-0.5000000000000142,-0.8660254037844624,0.5,0.0
14.030150753768844,-0.5000000000000071,-0.8660254037844481,0.5,0.0
14.040201005025125,-0.5000000000000071,-0.8660254037844481,0.5,0.0
14.050251256281406,-0.5,-0.8660254037844624,0.5,0.0
14.060301507537687,-0.5000000000000142,-0.8660254037844481,0.5,0.0
14.070351758793969,-0.5000000000000142,-0.8660254037844481,0.5,0.0
14.08040201005025,-0.4999999999999645,-0.8660254037843771,0.5,0.0
14.090452261306533,-0.4999999999999645,-0.8660254037843913,0.5,0.0
14.100502512562814,-0.5,-0.8660254037844624,0.5,0.0
14.110552763819095,-0.5000000000000142,-0.8660254037844481,0.5,0.0
14.120603015075377,-0.5000000000000142,-0.8660254037844481,0.5,0.0
14.130653266331658,-0.5000000000000071,-0.8660254037844624,0.5,0.0
14.140703517587939,-0.5000000000000071,-0.8660254037844481,0.5,0.0
14.15075376884422,-0.4999999999999716,-0.8660254037843629,0.5,0.0
14.160804020100503,-0.4999999999999716,-0.8660254037843771,0.5,0.0
14.170854271356784,-0.5,-0.8660254037844624,0.5,0.0
14.180904522613066,-0.5000000000000071,-0.8660254037844481,0.5,0.0
14.190954773869347,-0.5000000000000142,-0.8660254037844481,0.5,0.0
14.201005025125628,-0.5000000000000142,-0.8660254037844481,0.5,0.0
14.21105527638191,-0.5000000000000071,-0.8660254037844624,0.5,0.0
14.22110552763819,-0.5,-0.8660254037844624,0.5,0.0
14.231155778894472,-0.5000000000000142,-0.8660254037844481,0.5,0.0
14.241206030150753,-0.5000000000000142,-0.8660254037844481,0.5,0.0
14.251256281407034,-0.5000000000000071,-0.8660254037844624,0.5,0.0
14.261306532663315,-0.5000000000000071,-0.8660254037844481,0.5,0.0
14.271356783919597,-0.5,-0.8660254037844481,0.5,0.0
14.281407035175878,-0.4999999999999645,-0.8660254037843771,0.5,0.0
14.291457286432161,-0.4999999999999645,-0.8660254037843771,0.5,0.0
14.301507537688442,-0.5000000000000071,-0.8660254037844481,0.5,0.0
14.311557788944723,-0.5000000000000071,-0.8660254037844624,0.5,0.0
14.321608040201005,-0.5,-0.8660254037844624,0.5,0.0
14.331658291457286,-0.5000000000000142,-0.8660254037844481,0.5,0.0
14.341708542713567,-0.5000000000000142,-0.8660254037844624,0.5,0.0
14.351758793969848,-0.4999999999999645,-0.8660254037843913,0.5,0.0
14.361809045226131,-0.4999999999999645,-0.8660254037843629,0.5,0.0
14.371859296482413,-0.5,-0.8660254037844624,0.5,0.0
14.381909547738694,-0.5000000000000142,-0.8660254037844624,0.5,0.0
14.391959798994975,-0.5000000000000142,-0.8660254037844481,0.5,0.0
14.402010050251256,-0.5000000000000142,-0.8660254037844624,0.5,0.0
14.412060301507537,-0.5000000000000142,-0.8660254037844624,0.5,0.0
14.422110552763819,-0.5,-0.8660254037844339,0.5,0.0
14.4321608040201,-0.5000000000000071,-0.8660254037844624,0.5,0.0
14.442211055276381,-0.5000000000000071,-0.8660254037844624,0.5,0.0
14.452261306532662,-0.5000000000000142,-0.8660254037844339,0.5,0.0
14.462311557788944,-0.5000000000000142,-0.8660254037844624,0.5,0.0
14.472361809045225,-0.5,-0.8660254037844624,0.5,0.0
14.482412060301506,-0.4999999999999645,-0.8660254037843629,0.5,0.0
14.492462311557789,-0.4999999999999716,-0.8660254037843913,0.5,0.0
14.50251256281407,-0.5000000000000142,-0.8660254037844624,0.5,0.0
14.512562814070352,-0.5000000000000142,-0.866025403784441,0.5,0.0
14.522613065326633,-0.5,-0.8660254037844552,0.5,0.0
14.532663316582914,-0.5000000000000071,-0.8660254037844624,0.5,0.0
14.542713567839195,-0.5000000000000071,-0.866025403784441,0.5,0.0
14.552763819095476,-0.4999999999999645,-0.8660254037843842,0.5,0.0
14.56281407035176,-0.4999999999999716,-0.8660254037843842,0.5,0.0
14.57286432160804,-0.5,-0.866025403784441,0.5,0.0
14.582914572864322,-0.5000000000000071,-0.8660254037844624,0.5,0.0
14.592964824120603,-0.5000000000000142,-0.8660254037844552,0.5,0.0
14.603015075376884,-0.5000000000000142,-0.866025403784441,0.5,0.0
14.613065326633166,-0.5000000000000071,-0.8660254037844624,0.5,0.0
14.623115577889447,-0.5,-0.8660254037844624,0.5,0.0
14.633165829145728,-0.5000000000000142,-0.866025403784441,0.5,0.0
14.64321608040201,-0.5000000000000142,-0.8660254037844624,0.5,0.0
14.65326633165829,-0.5000000000000071,-0.8660254037844624,0.5,0.0
14.663316582914572,-0.5000000000000071,-0.8660254037844339,0.5,0.0
14.673366834170853,-0.5,-0.8660254037844624,0.5,0.0
14.683417085427134,-0.4999999999999716,-0.8660254037843913,0.5,0.0
14.693467336683417,-0.4999999999999645,-0.86602540378437,0.5,0.0
14.703517587939698,-0.5000000000000071,-0.8660254037844624,0.5,0.0
14.71356783919598,-0.5000000000000107,-0.8660254037844624,0.5,0.0
14.72361809045226,-0.5000000000000036,-0.866025403784441,0.5,0.0
14.733668341708542,-0.5000000000000107,-0.8660254037844624,0.5,0.0
14.743718592964823,-0.5000000000000107,-0.8660254037844624,0.5,0.0
14.753768844221105,-0.499999999999968,-0.8660254037843629,0.5,0.0
14.763819095477388,-0.499999999999968,-0.8660254037843913,0.5,0.0
14.773869346733669,-0.5,-0.8660254037844624,0.5,0.0
14.78391959798995,-0.5000000000000107,-0.866025403784441,0.5,0.0
14.793969849246231,-0.5000000000000107,-0.8660254037844624,0.5,0.0
14.804020100502512,-0.5000000000000107,-0.8660254037844624,0.5,0.0
14.814070351758794,-0.5000000000000107,-0.866025403784441,0.5,0.0
14.824120603015075,-0.5,-0.8660254037844552,0.5,0.0
14.834170854271356,-0.5000000000000107,-0.8660254037844624,0.5,0.0
14.844221105527637,-0.5000000000000107,-0.866025403784441,0.5,0.0
14.854271356783919,-0.5000000000000107,-0.8660254037844624,0.5,0.0
14.8643216080402,-0.5000000000000107,-0.8660254037844624,0.5,0.0
14.874371859296481,-0.5,-0.866025403784441,0.5,0.0
14.884422110552762,-0.4999999999999645,-0.8660254037843629,0.5,0.0
14.894472361809045,-0.4999999999999645,-0.8660254037843842,0.5,0.0
14.904522613065327,-0.5000000000000142,-0.8660254037844624,0.5,0.0
14.914572864321608,-0.5000000000000107,-0.8660254037844339,0.5,0.0
14.924623115577889,-0.5,-0.8660254037844624,0.5,0.0
14.93467336683417,-0.5000000000000107,-0.8660254037844624,0.5,0.0
14.944723618090451,-0.5000000000000107,-0.866025403784441,0.5,0.0
14.954773869346733,-0.4999999999999645,-0.8660254037843913,0.5,0.0
14.964824120603016,-0.4999999999999645,-0.8660254037843842,0.5,0.0
14.974874371859297,-0.5,-0.866025403784441,0.5,0.0
14.984924623115578,-0.5000000000000107,-0.8660254037844552,0.5,0.0
14.99497487437186,-0.5000000000000107,-0.8660254037844624,0.5,0.0
15.00502512562814,-0.5000000000000107,-0.866025403784441,0.5,0.0
15.015075376884422,-0.5000000000000107,-0.8660254037844624,0.5,0.0
15.025125628140703,-0.5000000000000107,-0.8660254037844624,0.5,0.0
15.035175879396984,-0.5000000000000107,-0.866025403784441,0.5,0.0
15.045226130653266,-0.5,-0.8660254037844624,0.5,0.0
15.055276381909547,-0.5000000000000107,-0.8660254037844552,0.5,0.0
15.065326633165828,-0.5000000000000107,-0.866025403784441,0.5,0.0
15.07537688442211,-0.5000000000000107,-0.8660254037844624,0.5,0.0
15.08542713567839,-0.4999999999999645,-0.8660254037843842,0.5,0.0
15.095477386934673,-0.49999999999995737,-0.8660254037843629,0.5,0.0
15.105527638190955,-0.5000000000000142,-0.8660254037844624,0.5,0.0
15.115577889447236,-0.5000000000000107,-0.8660254037844624,0.5,0.0
15.125628140703517,-0.5000000000000107,-0.8660254037844339,0.5,0.0
15.135678391959798,-0.5000000000000107,-0.8660254037844624,0.5,0.0
15.14572864321608,-0.5,-0.8660254037844624,0.5,0.0
15.15577889447236,-0.499999999999968,-0.8660254037843558,0.5,0.0
15.165829145728644,-0.4999999999999716,-0.8660254037843842,0.5,0.0
15.175879396984925,-0.5000000000000107,-0.8660254037844624,0.5,0.0
15.185929648241206,-0.5000000000000107,-0.866025403784441,0.5,0.0
15.195979899497488,-0.5,-0.8660254037844624,0.5,0.0
15.206030150753769,-0.5000000000000107,-0.8660254037844624,0.5,0.0
15.21608040201005,-0.5000000000000107,-0.8660254037844339,0.5,0.0
15.226130653266331,-0.5000000000000107,-0.8660254037844624,0.5,0.0
15.236180904522612,-0.5000000000000107,-0.8660254037844624,0.5,0.0
15.246231155778894,-0.5,-0.866025403784441,0.5,0.0
15.256281407035175,-0.5000000000000107,-0.8660254037844624,0.5,0.0
15.266331658291456,-0.5000000000000107,-0.8660254037844588,0.5,0.0
15.276381909547737,-0.5000000000000107,-0.866025403784441,0.5,0.0
15.286432160804019,-0.499999999999968,-0.8660254037843842,0.5,0.0
15.296482412060302,-0.4999999999999538,-0.8660254037843877,0.5,0.0
15.306532663316583,-0.5000000000000142,-0.866025403784441,0.5,0.0
15.316582914572864,-0.5000000000000107,-0.8660254037844624,0.5,0.0
15.326633165829145,-0.5000000000000107,-0.8660254037844624,0.5,0.0
15.336683417085426,-0.5000000000000107,-0.8660254037844375,0.5,0.0
15.346733668341708,-0.5,-0.8660254037844588,0.5,0.0
15.356783919597989,-0.5000000000000107,-0.8660254037844624,0.5,0.0
15.36683417085427,-0.499999999999968,-0.8660254037843629,0.5,0.0
15.376884422110553,-0.49999999999996625,-0.8660254037843842,0.5,0.0
15.386934673366834,-0.5000000000000107,-0.8660254037844624,0.5,0.0
15.396984924623116,-0.5,-0.866025403784441,0.5,0.0
15.407035175879397,-0.5000000000000107,-0.8660254037844624,0.5,0.0
15.417085427135678,-0.5000000000000107,-0.8660254037844588,0.5,0.0
15.42713567839196,-0.5000000000000107,-0.8660254037844375,0.5,0.0
15.43718592964824,-0.5000000000000107,-0.8660254037844624,0.5,0.0
15.447236180904522,-0.5000000000000018,-0.8660254037844624,0.5,0.0
15.457286432160803,-0.5000000000000124,-0.866025403784441,0.5,0.0
15.467336683417084,-0.5000000000000107,-0.8660254037844624,0.5,0.0
15.477386934673365,-0.5000000000000107,-0.8660254037844624,0.5,0.0
15.487437185929647,-0.49999999999996625,-0.8660254037843664,0.5,0.0
15.49748743718593,-0.4999999999999538,-0.8660254037843842,0.5,0.0
15.507537688442211,-0.5000000000000107,-0.8660254037844624,0.5,0.0
15.517587939698492,-0.5000000000000107,-0.866025403784441,0.5,0.0
15.527638190954773,-0.5000000000000107,-0.8660254037844624,0.5,0.0
15.537688442211055,-0.5000000000000107,-0.8660254037844624,0.5,0.0
15.547738693467336,-0.5000000000000018,-0.866025403784441,0.5,0.0
15.557788944723617,-0.5000000000000124,-0.8660254037844375,0.5,0.0
15.567839195979898,-0.49999999999996625,-0.8660254037843842,0.5,0.0
15.577889447236181,-0.49999999999996625,-0.8660254037843842,0.5,0.0
15.587939698492463,-0.5000000000000107,-0.8660254037844375,0.5,0.0
15.597989949748744,-0.5,-0.8660254037844624,0.5,0.0
15.608040201005025,-0.5000000000000107,-0.8660254037844624,0.5,0.0
15.618090452261306,-0.5000000000000107,-0.866025403784441,0.5,0.0
15.628140703517587,-0.5000000000000107,-0.8660254037844624,0.5,0.0
15.638190954773869,-0.5000000000000107,-0.8660254037844606,0.5,0.0
15.64824120603015,-0.5000000000000018,-0.8660254037844393,0.5,0.0
15.658291457286431,-0.5000000000000124,-0.8660254037844624,0.5,0.0
15.668341708542712,-0.5000000000000107,-0.8660254037844606,0.5,0.0
15.678391959798994,-0.5000000000000107,-0.8660254037844393,0.5,0.0
15.688442211055275,-0.499999999999968,-0.866025403784386,0.5,0.0
15.698492462311558,-0.4999999999999565,-0.866025403784386,0.5,0.0
15.708542713567839,-0.5000000000000107,-0.8660254037844393,0.5,0.0
15.71859296482412,-0.5000000000000115,-0.8660254037844606,0.5,0.0
15.728643216080402,-0.5000000000000115,-0.8660254037844624,0.5,0.0
15.738693467336683,-0.5000000000000107,-0.8660254037844393,0.5,0.0
15.748743718592964,-0.5,-0.8660254037844606,0.5,0.0
15.758793969849245,-0.5000000000000107,-0.8660254037844624,0.5,0.0
15.768844221105526,-0.49999999999996714,-0.8660254037843629,0.5,0.0
15.77889447236181,-0.49999999999996625,-0.866025403784386,0.5,0.0
15.78894472361809,-0.5000000000000107,-0.8660254037844606,0.5,0.0
15.798994974874372,-0.5,-0.8660254037844393,0.5,0.0
15.809045226130653,-0.5000000000000107,-0.8660254037844624,0.5,0.0
15.819095477386934,-0.5000000000000115,-0.8660254037844615,0.5,0.0
15.829145728643216,-0.5000000000000115,-0.8660254037844393,0.5,0.0
15.839195979899497,-0.5000000000000107,-0.8660254037844615,0.5,0.0
15.849246231155778,-0.5,-0.8660254037844624,0.5,0.0
15.85929648241206,-0.5000000000000111,-0.8660254037844402,0.5,0.0
15.86934673366834,-0.5000000000000111,-0.8660254037844615,0.5,0.0
15.879396984924622,-0.5000000000000111,-0.8660254037844615,0.5,0.0
15.889447236180903,-0.4999999999999667,-0.866025403784362,0.5,0.0
15.899497487437186,-0.49999999999996714,-0.8660254037843851,0.5,0.0
15.909547738693467,-0.5000000000000111,-0.8660254037844619,0.5,0.0
15.919597989949748,-0.5,-0.8660254037844397,0.5,0.0
15.92964824120603,-0.5000000000000111,-0.8660254037844619,0.5,0.0
15.93969849246231,-0.5000000000000111,-0.8660254037844615,0.5,0.0
15.949748743718592,-0.5000000000000111,-0.8660254037844395,0.5,0.0
15.959798994974873,-0.5000000000000111,-0.8660254037844619,0.5,0.0
15.969849246231155,-0.49999999999995587,-0.8660254037843851,0.5,0.0
15.979899497487438,-0.4999999999999668,-0.8660254037843631,0.5,0.0
15.989949748743719,-0.5000000000000111,-0.8660254037844396,0.5,0.0
16.0,-0.5,-0.8660254037844396,0.5,0.0
