rosbagTimestamp,header,seq,stamp,secs,nsecs,frame_id,magnetic_field,x,y,z,magnetic_field_covariance
1749516171279693590,,16054,,1749160858,21756888,"""base_link""",,-9.058157354593277e-06,2.0669348537921904e-05,-2.653242945671082e-05,"[-1.0, 0.0, 0.0, 0.0, 0.0, 0.0, 0.0, 0.0, 0.0]"
1749516171323237757,,16055,,1749160858,41739888,"""base_link""",,-1.157897561788559e-05,1.6286583244800566e-05,-2.8064712882041936e-05,"[-1.0, 0.0, 0.0, 0.0, 0.0, 0.0, 0.0, 0.0, 0.0]"
1749516171563407880,,16056,,1749160858,161741168,"""base_link""",,-8.204661309719086e-06,1.9708716869354244e-05,-2.53589540719986e-05,"[-1.0, 0.0, 0.0, 0.0, 0.0, 0.0, 0.0, 0.0, 0.0]"
1749516171600843366,,16057,,1749160858,181701168,"""base_link""",,-7.061681151390076e-06,2.173373699188232e-05,-2.3488706350326543e-05,"[-1.0, 0.0, 0.0, 0.0, 0.0, 0.0, 0.0, 0.0, 0.0]"
1749516171842504343,,16058,,1749160858,301982424,"""base_link""",,-9.974974393844605e-06,2.034366130828857e-05,-2.480433583259583e-05,"[-1.0, 0.0, 0.0, 0.0, 0.0, 0.0, 0.0, 0.0, 0.0]"
1749516171888377531,,16059,,1749160858,321715424,"""base_link""",,-1.212434247136116e-05,1.9775462150573727e-05,-2.566485702991486e-05,"[-1.0, 0.0, 0.0, 0.0, 0.0, 0.0, 0.0, 0.0, 0.0]"
1749516172119961260,,16060,,1749160858,441683960,"""base_link""",,-1.3219013810157777e-05,2.0245535671710965e-05,-2.54573404788971e-05,"[-1.0, 0.0, 0.0, 0.0, 0.0, 0.0, 0.0, 0.0, 0.0]"
1749516172165933615,,16061,,1749160858,461663728,"""base_link""",,-1.2486224621534348e-05,1.5274350345134732e-05,-2.7591511607170108e-05,"[-1.0, 0.0, 0.0, 0.0, 0.0, 0.0, 0.0, 0.0, 0.0]"
1749516172399546173,,16062,,1749160858,581620264,"""base_link""",,-1.5222166478633882e-05,1.6161310672760006e-05,-2.5583681464195256e-05,"[-1.0, 0.0, 0.0, 0.0, 0.0, 0.0, 0.0, 0.0, 0.0]"
1749516172439413698,,16063,,1749160858,601598264,"""base_link""",,-1.657603085041046e-05,1.529438346624374e-05,-2.6593461632728582e-05,"[-1.0, 0.0, 0.0, 0.0, 0.0, 0.0, 0.0, 0.0, 0.0]"
1749516172679019010,,16064,,1749160858,720837544,"""base_link""",,-1.5667250752449035e-05,1.8223351240158078e-05,-2.3898656666278842e-05,"[-1.0, 0.0, 0.0, 0.0, 0.0, 0.0, 0.0, 0.0, 0.0]"
1749516172722923071,,16065,,1749160858,742071544,"""base_link""",,-1.487502157688141e-05,2.0323073863983152e-05,-2.2890479862689975e-05,"[-1.0, 0.0, 0.0, 0.0, 0.0, 0.0, 0.0, 0.0, 0.0]"
1749516172960778277,,16066,,1749160858,864407800,"""base_link""",,-1.623462736606598e-05,1.8162998557090757e-05,-2.267023772001267e-05,"[-1.0, 0.0, 0.0, 0.0, 0.0, 0.0, 0.0, 0.0, 0.0]"
1749516173000440568,,16067,,1749160858,880352800,"""base_link""",,-1.870301514863968e-05,1.2008744478225706e-05,-2.7029073238372803e-05,"[-1.0, 0.0, 0.0, 0.0, 0.0, 0.0, 0.0, 0.0, 0.0]"
1749516173241918495,,16068,,1749160859,2696592,"""base_link""",,-1.771692931652069e-05,1.5632352232933042e-05,-2.3949639499187475e-05,"[-1.0, 0.0, 0.0, 0.0, 0.0, 0.0, 0.0, 0.0, 0.0]"
1749516173282119090,,16069,,1749160859,23939592,"""base_link""",,-1.981637179851532e-05,1.4841121435165403e-05,-2.5191208720207218e-05,"[-1.0, 0.0, 0.0, 0.0, 0.0, 0.0, 0.0, 0.0, 0.0]"
1749516173519723955,,16070,,1749160859,140917872,"""base_link""",,-1.9881086051464082e-05,1.4909496903419493e-05,-2.3125259578228002e-05,"[-1.0, 0.0, 0.0, 0.0, 0.0, 0.0, 0.0, 0.0, 0.0]"
1749516173565881280,,16071,,1749160859,162171408,"""base_link""",,-1.650379002094269e-05,1.771323978900909e-05,-1.892294436693192e-05,"[-1.0, 0.0, 0.0, 0.0, 0.0, 0.0, 0.0, 0.0, 0.0]"
1749516173805090354,,16072,,1749160859,284434688,"""base_link""",,-2.0320613682270052e-05,1.380568295717239e-05,-2.110181897878647e-05,"[-1.0, 0.0, 0.0, 0.0, 0.0, 0.0, 0.0, 0.0, 0.0]"
1749516173845280207,,16073,,1749160859,305764688,"""base_link""",,-2.1308545768260958e-05,1.396715939044952e-05,-2.1645924448966986e-05,"[-1.0, 0.0, 0.0, 0.0, 0.0, 0.0, 0.0, 0.0, 0.0]"
1749516174082910980,,16074,,1749160859,422764968,"""base_link""",,-2.0316484570503237e-05,1.0707823932170867e-05,-2.043149173259735e-05,"[-1.0, 0.0, 0.0, 0.0, 0.0, 0.0, 0.0, 0.0, 0.0]"
1749516174124825643,,16075,,1749160859,443984968,"""base_link""",,-2.168867737054825e-05,8.316465467214582e-06,-2.3308691382408143e-05,"[-1.0, 0.0, 0.0, 0.0, 0.0, 0.0, 0.0, 0.0, 0.0]"
1749516174366413622,,16076,,1749160859,566266736,"""base_link""",,-2.1537072956562043e-05,8.881349861621855e-06,-2.0027109980583193e-05,"[-1.0, 0.0, 0.0, 0.0, 0.0, 0.0, 0.0, 0.0, 0.0]"
1749516174406081245,,16077,,1749160859,582260736,"""base_link""",,-2.22705140709877e-05,1.126726269721985e-05,1.0548555850982665e-05,"[-1.0, 0.0, 0.0, 0.0, 0.0, 0.0, 0.0, 0.0, 0.0]"
1749516174643591213,,16078,,1749160859,704540992,"""base_link""",,-2.1113409101963043e-05,6.313486397266385e-06,-1.968161761760712e-05,"[-1.0, 0.0, 0.0, 0.0, 0.0, 0.0, 0.0, 0.0, 0.0]"
1749516174677717316,,16079,,1749160859,720475992,"""base_link""",,-2.006608545780182e-05,6.054171919822692e-06,-1.7007347941398622e-05,"[-1.0, 0.0, 0.0, 0.0, 0.0, 0.0, 0.0, 0.0, 0.0]"
1749516174921389838,,16080,,1749160859,842767784,"""base_link""",,-2.096727192401886e-05,6.351578980684278e-06,-1.796974539756775e-05,"[-1.0, 0.0, 0.0, 0.0, 0.0, 0.0, 0.0, 0.0, 0.0]"
1749516174970079797,,16081,,1749160859,864017064,"""base_link""",,-2.0174562931060792e-05,4.168825596570966e-06,-2.010226845741272e-05,"[-1.0, 0.0, 0.0, 0.0, 0.0, 0.0, 0.0, 0.0, 0.0]"
1749516175206884253,,16082,,1749160859,986392808,"""base_link""",,-2.0845611393451692e-05,4.143708571791647e-06,-1.8101742863655093e-05,"[-1.0, 0.0, 0.0, 0.0, 0.0, 0.0, 0.0, 0.0, 0.0]"
1749516175241116643,,16083,,1749160860,2325808,"""base_link""",,-2.2064132988452913e-05,1.8833614885807013e-06,-2.0350533723831176e-05,"[-1.0, 0.0, 0.0, 0.0, 0.0, 0.0, 0.0, 0.0, 0.0]"
1749516175482345757,,16084,,1749160860,124603576,"""base_link""",,-2.0900908112525942e-05,1.3484857976436592e-06,-1.854081600904465e-05,"[-1.0, 0.0, 0.0, 0.0, 0.0, 0.0, 0.0, 0.0, 0.0]"
1749516175518630289,,16085,,1749160860,140547576,"""base_link""",,-1.5240432322025299e-05,3.505797684192655e-06,-1.9979053735733033e-05,"[-1.0, 0.0, 0.0, 0.0, 0.0, 0.0, 0.0, 0.0, 0.0]"
1749516175763050919,,16086,,1749160860,262846344,"""base_link""",,-1.889198273420334e-05,-2.6098378002643844e-07,-2.1319165825843813e-05,"[-1.0, 0.0, 0.0, 0.0, 0.0, 0.0, 0.0, 0.0, 0.0]"
1749516175802187246,,16087,,1749160860,284096344,"""base_link""",,-1.9075536727905274e-05,3.721006214618433e-08,-2.0429405570030214e-05,"[-1.0, 0.0, 0.0, 0.0, 0.0, 0.0, 0.0, 0.0, 0.0]"
1749516176043502247,,16088,,1749160860,406395856,"""base_link""",,-1.7839112877845766e-05,-6.333041936159161e-07,-2.1582904458045962e-05,"[-1.0, 0.0, 0.0, 0.0, 0.0, 0.0, 0.0, 0.0, 0.0]"
1749516176077606166,,16089,,1749160860,422391856,"""base_link""",,-1.850627064704895e-05,-2.731158584356311e-06,-2.317047417163849e-05,"[-1.0, 0.0, 0.0, 0.0, 0.0, 0.0, 0.0, 0.0, 0.0]"
1749516176321285705,,16090,,1749160860,544684880,"""base_link""",,-1.8201738595962525e-05,-3.336614370346072e-06,-2.105102241039276e-05,"[-1.0, 0.0, 0.0, 0.0, 0.0, 0.0, 0.0, 0.0, 0.0]"
1749516176370303764,,16091,,1749160860,565970160,"""base_link""",,-1.8238030374050142e-05,-4.523327201604846e-06,-2.405710220336914e-05,"[-1.0, 0.0, 0.0, 0.0, 0.0, 0.0, 0.0, 0.0, 0.0]"
1749516176604623220,,16092,,1749160860,682907184,"""base_link""",,-1.7411738634109497e-05,-5.741374939680103e-06,-2.1250563859939576e-05,"[-1.0, 0.0, 0.0, 0.0, 0.0, 0.0, 0.0, 0.0, 0.0]"
1749516176641232581,,16093,,1749160860,704183184,"""base_link""",,-1.4220231771469117e-05,-5.755395442247394e-06,-2.048689126968384e-05,"[-1.0, 0.0, 0.0, 0.0, 0.0, 0.0, 0.0, 0.0, 0.0]"
1749516176886181513,,16094,,1749160860,826448696,"""base_link""",,-1.0952441394329071e-05,-6.075745820999148e-06,-1.9205406308174134e-05,"[-1.0, 0.0, 0.0, 0.0, 0.0, 0.0, 0.0, 0.0, 0.0]"
1749516176922040613,,16095,,1749160860,842441696,"""base_link""",,-1.0169760882854463e-05,-4.843075573444369e-06,-2.1771794557571412e-05,"[-1.0, 0.0, 0.0, 0.0, 0.0, 0.0, 0.0, 0.0, 0.0]"
1749516177168363917,,16096,,1749160860,964747488,"""base_link""",,-1.3249385356903076e-05,-7.219226658344272e-06,-2.275182604789734e-05,"[-1.0, 0.0, 0.0, 0.0, 0.0, 0.0, 0.0, 0.0, 0.0]"
1749516177201893875,,16097,,1749160860,980649488,"""base_link""",,-1.524217277765274e-05,-1.0730432718992237e-05,-2.363313734531403e-05,"[-1.0, 0.0, 0.0, 0.0, 0.0, 0.0, 0.0, 0.0, 0.0]"
1749516177441338111,,16098,,1749160861,102980024,"""base_link""",,-1.5210893750190735e-05,-8.573078364133839e-06,-2.2549882531166077e-05,"[-1.0, 0.0, 0.0, 0.0, 0.0, 0.0, 0.0, 0.0, 0.0]"
1749516177479287698,,16099,,1749160861,118940024,"""base_link""",,-1.5588533878326415e-05,-8.065081387758258e-06,-1.9266673922538758e-05,"[-1.0, 0.0, 0.0, 0.0, 0.0, 0.0, 0.0, 0.0, 0.0]"
1749516177722947980,,16100,,1749160861,241196304,"""base_link""",,-1.1804305016994476e-05,-7.696521282196049e-06,-2.339906841516495e-05,"[-1.0, 0.0, 0.0, 0.0, 0.0, 0.0, 0.0, 0.0, 0.0]"
1749516177761825869,,16101,,1749160861,262478072,"""base_link""",,-1.3086685538291932e-05,-7.724893093109135e-06,-2.4397818744182586e-05,"[-1.0, 0.0, 0.0, 0.0, 0.0, 0.0, 0.0, 0.0, 0.0]"
1749516178000169275,,16102,,1749160861,379481352,"""base_link""",,-1.1502400040626526e-05,-8.03502351045609e-06,-2.2623862326145172e-05,"[-1.0, 0.0, 0.0, 0.0, 0.0, 0.0, 0.0, 0.0, 0.0]"
1749516178040377554,,16103,,1749160861,400715352,"""base_link""",,-1.0387425124645233e-05,-9.515683352947238e-06,-2.0643539726734163e-05,"[-1.0, 0.0, 0.0, 0.0, 0.0, 0.0, 0.0, 0.0, 0.0]"
1749516178292716288,,16104,,1749160861,528370888,"""base_link""",,-1.0410173237323761e-05,-1.0283790528774265e-05,-2.24736750125885e-05,"[-1.0, 0.0, 0.0, 0.0, 0.0, 0.0, 0.0, 0.0, 0.0]"
1749516178319861535,,16105,,1749160861,544276888,"""base_link""",,-1.1157074570655823e-05,-1.0848756134510043e-05,-2.0631535351276398e-05,"[-1.0, 0.0, 0.0, 0.0, 0.0, 0.0, 0.0, 0.0, 0.0]"
1749516178561206465,,16106,,1749160861,661266632,"""base_link""",,-1.2104269862174988e-05,-8.497288823127751e-06,-2.3409859836101532e-05,"[-1.0, 0.0, 0.0, 0.0, 0.0, 0.0, 0.0, 0.0, 0.0]"
1749516178601245317,,16107,,1749160861,682598632,"""base_link""",,-1.2384346127510072e-05,-9.96303111314774e-06,-2.3004293441772463e-05,"[-1.0, 0.0, 0.0, 0.0, 0.0, 0.0, 0.0, 0.0, 0.0]"
1749516178842965154,,16108,,1749160861,804888656,"""base_link""",,-1.1085405945777894e-05,-7.812347263097766e-06,-2.109031826257706e-05,"[-1.0, 0.0, 0.0, 0.0, 0.0, 0.0, 0.0, 0.0, 0.0]"
1749516178884797073,,16109,,1749160861,826122656,"""base_link""",,-6.623299419879913e-06,-8.863091468811037e-06,-1.9089792668819427e-05,"[-1.0, 0.0, 0.0, 0.0, 0.0, 0.0, 0.0, 0.0, 0.0]"
1749516179118345818,,16110,,1749160861,943121912,"""base_link""",,-8.357326686382295e-06,-8.830079436302188e-06,-2.1744470298290255e-05,"[-1.0, 0.0, 0.0, 0.0, 0.0, 0.0, 0.0, 0.0, 0.0]"
1749516179165153173,,16111,,1749160861,964422424,"""base_link""",,-7.938313484191895e-06,-1.2810380756855015e-05,-2.369135469198227e-05,"[-1.0, 0.0, 0.0, 0.0, 0.0, 0.0, 0.0, 0.0, 0.0]"
1749516179400097871,,16112,,1749160862,81401216,"""base_link""",,-9.327783435583114e-06,-1.0632689297199254e-05,-2.2498443722724915e-05,"[-1.0, 0.0, 0.0, 0.0, 0.0, 0.0, 0.0, 0.0, 0.0]"
1749516179441322726,,16113,,1749160862,102638216,"""base_link""",,-1.0967521369457246e-05,-1.4652198553085331e-05,-2.4255780875682828e-05,"[-1.0, 0.0, 0.0, 0.0, 0.0, 0.0, 0.0, 0.0, 0.0]"
1749516179679733069,,16114,,1749160862,219636728,"""base_link""",,-8.781702816486359e-06,-1.0361798107624058e-05,-2.2641542553901673e-05,"[-1.0, 0.0, 0.0, 0.0, 0.0, 0.0, 0.0, 0.0, 0.0]"
1749516179723604077,,16115,,1749160862,246195728,"""base_link""",,-1.2571310997009279e-05,-1.1206245422363285e-05,-2.3101601004600526e-05,"[-1.0, 0.0, 0.0, 0.0, 0.0, 0.0, 0.0, 0.0, 0.0]"
1749516179963155320,,16116,,1749160862,363184776,"""base_link""",,-1.105058640241623e-05,-9.556426107883458e-06,-2.3040851950645447e-05,"[-1.0, 0.0, 0.0, 0.0, 0.0, 0.0, 0.0, 0.0, 0.0]"
1749516180001264779,,16117,,1749160862,384466776,"""base_link""",,-9.655006229877472e-06,-9.024791419506075e-06,-2.072652727365494e-05,"[-1.0, 0.0, 0.0, 0.0, 0.0, 0.0, 0.0, 0.0, 0.0]"
1749516180242501165,,16118,,1749160862,501452544,"""base_link""",,-1.1498019099235535e-05,-8.229334652423862e-06,-2.2237789630889894e-05,"[-1.0, 0.0, 0.0, 0.0, 0.0, 0.0, 0.0, 0.0, 0.0]"
1749516180280623605,,16119,,1749160862,522683544,"""base_link""",,-1.3043667376041414e-05,-8.172354847192768e-06,-2.2592200338840484e-05,"[-1.0, 0.0, 0.0, 0.0, 0.0, 0.0, 0.0, 0.0, 0.0]"
1749516180524233253,,16120,,1749160862,645001056,"""base_link""",,-1.417895257472992e-05,-6.906307488679889e-06,-2.1233570575714112e-05,"[-1.0, 0.0, 0.0, 0.0, 0.0, 0.0, 0.0, 0.0, 0.0]"
1749516180565399098,,16121,,1749160862,660970312,"""base_link""",,-1.1173425614833832e-05,-8.313424885272983e-06,-2.4329790472984314e-05,"[-1.0, 0.0, 0.0, 0.0, 0.0, 0.0, 0.0, 0.0, 0.0]"
1749516180799897060,,16122,,1749160862,783214592,"""base_link""",,-1.4083236455917359e-05,-5.175939947366717e-06,-2.17777818441391e-05,"[-1.0, 0.0, 0.0, 0.0, 0.0, 0.0, 0.0, 0.0, 0.0]"
1749516180843826596,,16123,,1749160862,804556592,"""base_link""",,-6.007431447505951e-06,-4.355075955390932e-06,-1.4454534649848939e-05,"[-1.0, 0.0, 0.0, 0.0, 0.0, 0.0, 0.0, 0.0, 0.0]"
1749516181083487525,,16124,,1749160862,921457872,"""base_link""",,-1.4028735458850862e-05,-2.3400191217660933e-06,-2.3305083811283114e-05,"[-1.0, 0.0, 0.0, 0.0, 0.0, 0.0, 0.0, 0.0, 0.0]"
1749516181123456125,,16125,,1749160862,942784872,"""base_link""",,-1.3761350512504578e-05,-2.078238874673846e-06,-2.183985263109207e-05,"[-1.0, 0.0, 0.0, 0.0, 0.0, 0.0, 0.0, 0.0, 0.0]"
1749516181362195739,,16126,,1749160863,59794200,"""base_link""",,-1.4316034317016602e-05,-2.689994499087337e-06,-2.432088851928711e-05,"[-1.0, 0.0, 0.0, 0.0, 0.0, 0.0, 0.0, 0.0, 0.0]"
1749516181402691164,,16127,,1749160863,81028200,"""base_link""",,-1.270114779472351e-05,1.950133219361303e-06,-2.127973735332489e-05,"[-1.0, 0.0, 0.0, 0.0, 0.0, 0.0, 0.0, 0.0, 0.0]"
1749516181640298888,,16128,,1749160863,203330712,"""base_link""",,-1.2172159552574159e-05,-7.963154464960126e-07,-2.278074771165848e-05,"[-1.0, 0.0, 0.0, 0.0, 0.0, 0.0, 0.0, 0.0, 0.0]"
1749516181682447318,,16129,,1749160863,224573712,"""base_link""",,-1.5738952159881594e-05,-2.8005089610815078e-06,-2.4821929633617402e-05,"[-1.0, 0.0, 0.0, 0.0, 0.0, 0.0, 0.0, 0.0, 0.0]"
1749516181920105103,,16130,,1749160863,341536224,"""base_link""",,-1.4022582769393922e-05,1.8679570406675312e-06,-2.32307642698288e-05,"[-1.0, 0.0, 0.0, 0.0, 0.0, 0.0, 0.0, 0.0, 0.0]"
1749516181965523239,,16131,,1749160863,362866248,"""base_link""",,-1.586168259382248e-05,2.8747092932462663e-06,-2.2922591865062716e-05,"[-1.0, 0.0, 0.0, 0.0, 0.0, 0.0, 0.0, 0.0, 0.0]"
1749516182207677783,,16132,,1749160863,485099784,"""base_link""",,-1.665288507938385e-05,6.395053118467306e-07,-2.0399470627307893e-05,"[-1.0, 0.0, 0.0, 0.0, 0.0, 0.0, 0.0, 0.0, 0.0]"
1749516182242176886,,16133,,1749160863,501096784,"""base_link""",,-1.8496081233024597e-05,6.269706785678861e-06,-2.3191089928150178e-05,"[-1.0, 0.0, 0.0, 0.0, 0.0, 0.0, 0.0, 0.0, 0.0]"
1749516182481083123,,16134,,1749160863,623369528,"""base_link""",,-1.735064685344696e-05,5.462009832262991e-06,-2.18793660402298e-05,"[-1.0, 0.0, 0.0, 0.0, 0.0, 0.0, 0.0, 0.0, 0.0]"
1749516182523068253,,16135,,1749160863,644605528,"""base_link""",,-1.658005714416504e-05,6.7040182650089245e-06,-1.9384291768074036e-05,"[-1.0, 0.0, 0.0, 0.0, 0.0, 0.0, 0.0, 0.0, 0.0]"
1749516182773270442,,16136,,1749160863,766960528,"""base_link""",,-1.5945519506931306e-05,8.586461097002027e-06,-2.216639816761017e-05,"[-1.0, 0.0, 0.0, 0.0, 0.0, 0.0, 0.0, 0.0, 0.0]"
1749516182802956862,,16137,,1749160863,782878528,"""base_link""",,-1.6986805200576784e-05,7.126221805810926e-06,-2.2046580910682678e-05,"[-1.0, 0.0, 0.0, 0.0, 0.0, 0.0, 0.0, 0.0, 0.0]"
1749516183040544321,,16138,,1749160863,899899040,"""base_link""",,-1.739286780357361e-05,9.953381121158598e-06,-1.9716045260429382e-05,"[-1.0, 0.0, 0.0, 0.0, 0.0, 0.0, 0.0, 0.0, 0.0]"
1749516183080305718,,16139,,1749160863,921149040,"""base_link""",,-1.69673427939415e-05,9.55124795436859e-06,-2.095821797847748e-05,"[-1.0, 0.0, 0.0, 0.0, 0.0, 0.0, 0.0, 0.0, 0.0]"
1749516183321897540,,16140,,1749160864,43483576,"""base_link""",,-1.6174790263175965e-05,1.1920486390590667e-05,-1.745222806930542e-05,"[-1.0, 0.0, 0.0, 0.0, 0.0, 0.0, 0.0, 0.0, 0.0]"
1749516183363156177,,16141,,1749160864,59418576,"""base_link""",,-1.828467845916748e-05,1.2531638145446776e-05,-2.074953615665436e-05,"[-1.0, 0.0, 0.0, 0.0, 0.0, 0.0, 0.0, 0.0, 0.0]"
1749516183599480235,,16142,,1749160864,181740856,"""base_link""",,-1.50327667593956e-05,1.2506926059722897e-05,-2.2163140773773194e-05,"[-1.0, 0.0, 0.0, 0.0, 0.0, 0.0, 0.0, 0.0, 0.0]"
1749516183642040273,,16143,,1749160864,203002856,"""base_link""",,-1.1305104196071626e-05,1.4639735221862792e-05,-1.811270415782929e-05,"[-1.0, 0.0, 0.0, 0.0, 0.0, 0.0, 0.0, 0.0, 0.0]"
1749516183883060593,,16144,,1749160864,325296880,"""base_link""",,-1.283601075410843e-05,1.5623193979263302e-05,-2.0946323871612552e-05,"[-1.0, 0.0, 0.0, 0.0, 0.0, 0.0, 0.0, 0.0, 0.0]"
1749516183923044039,,16145,,1749160864,341225880,"""base_link""",,-8.435245603322983e-06,1.676370799541473e-05,-2.0305517315864567e-05,"[-1.0, 0.0, 0.0, 0.0, 0.0, 0.0, 0.0, 0.0, 0.0]"
1749516184171678437,,16146,,1749160864,463542648,"""base_link""",,-1.0617423802614213e-05,1.9170805811882015e-05,-1.9818535447120672e-05,"[-1.0, 0.0, 0.0, 0.0, 0.0, 0.0, 0.0, 0.0, 0.0]"
1749516184202481655,,16147,,1749160864,484778648,"""base_link""",,-1.2054634094238281e-05,1.9554969668388366e-05,-1.9896131753921515e-05,"[-1.0, 0.0, 0.0, 0.0, 0.0, 0.0, 0.0, 0.0, 0.0]"
1749516184442890593,,16148,,1749160864,601745928,"""base_link""",,-9.086333215236664e-06,2.0228654146194457e-05,-1.831873953342438e-05,"[-1.0, 0.0, 0.0, 0.0, 0.0, 0.0, 0.0, 0.0, 0.0]"
1749516184484090976,,16149,,1749160864,622979928,"""base_link""",,-9.40697491168976e-06,2.0017403364181515e-05,-2.1602851152420047e-05,"[-1.0, 0.0, 0.0, 0.0, 0.0, 0.0, 0.0, 0.0, 0.0]"
1749516184723757278,,16150,,1749160864,745366208,"""base_link""",,-6.0676906257867815e-06,2.199110239744186e-05,-1.8204429745674136e-05,"[-1.0, 0.0, 0.0, 0.0, 0.0, 0.0, 0.0, 0.0, 0.0]"
1749516184768004269,,16151,,1749160864,761267488,"""base_link""",,-1.0104428976774216e-05,2.2729682922363278e-05,-1.7045515775680548e-05,"[-1.0, 0.0, 0.0, 0.0, 0.0, 0.0, 0.0, 0.0, 0.0]"
1749516185004968653,,16152,,1749160864,883611512,"""base_link""",,-2.065766043961048e-06,2.279388904571533e-05,-1.7030724883079534e-05,"[-1.0, 0.0, 0.0, 0.0, 0.0, 0.0, 0.0, 0.0, 0.0]"
1749516185044202629,,16153,,1749160864,904807512,"""base_link""",,-4.4898621737957e-06,2.3476091027259823e-05,-2.0172017812728885e-05,"[-1.0, 0.0, 0.0, 0.0, 0.0, 0.0, 0.0, 0.0, 0.0]"
1749516185280590080,,16154,,1749160865,21824280,"""base_link""",,-6.525315344333649e-06,2.284951508045196e-05,-2.025307416915894e-05,"[-1.0, 0.0, 0.0, 0.0, 0.0, 0.0, 0.0, 0.0, 0.0]"
1749516185322740166,,16155,,1749160865,43101280,"""base_link""",,-2.6817392557859423e-06,2.139264941215515e-05,-1.9771149754524236e-05,"[-1.0, 0.0, 0.0, 0.0, 0.0, 0.0, 0.0, 0.0, 0.0]"
1749516185571052124,,16156,,1749160865,165420352,"""base_link""",,-7.926199585199356e-07,2.3012569546699522e-05,-1.7336118221282964e-05,"[-1.0, 0.0, 0.0, 0.0, 0.0, 0.0, 0.0, 0.0, 0.0]"
1749516185600162087,,16157,,1749160865,181350352,"""base_link""",,-4.3997690081596376e-07,2.3910315334796903e-05,-2.284364998340607e-05,"[-1.0, 0.0, 0.0, 0.0, 0.0, 0.0, 0.0, 0.0, 0.0]"
1749516185844400975,,16158,,1749160865,303632632,"""base_link""",,2.149753272533417e-08,2.379806637763977e-05,-2.0123997330665594e-05,"[-1.0, 0.0, 0.0, 0.0, 0.0, 0.0, 0.0, 0.0, 0.0]"
1749516185883673172,,16159,,1749160865,324892632,"""base_link""",,-3.919747471809387e-06,2.332029491662979e-05,-1.9833089411258702e-05,"[-1.0, 0.0, 0.0, 0.0, 0.0, 0.0, 0.0, 0.0, 0.0]"
1749516186123369720,,16160,,1749160865,441886632,"""base_link""",,-2.3962935432791713e-06,2.387616783380508e-05,-1.7266641557216647e-05,"[-1.0, 0.0, 0.0, 0.0, 0.0, 0.0, 0.0, 0.0, 0.0]"
1749516186160251898,,16161,,1749160865,463121632,"""base_link""",,-1.4742936939001084e-06,2.1870326995849606e-05,-2.1895320713520055e-05,"[-1.0, 0.0, 0.0, 0.0, 0.0, 0.0, 0.0, 0.0, 0.0]"
1749516186400832415,,16162,,1749160865,580180144,"""base_link""",,-3.912162035703659e-07,2.3951351642608642e-05,-2.1838842332363135e-05,"[-1.0, 0.0, 0.0, 0.0, 0.0, 0.0, 0.0, 0.0, 0.0]"
1749516186441527653,,16163,,1749160865,601416144,"""base_link""",,-1.7695937305688858e-06,2.2216035425662992e-05,-2.1766844391822818e-05,"[-1.0, 0.0, 0.0, 0.0, 0.0, 0.0, 0.0, 0.0, 0.0]"
1749516186682373224,,16164,,1749160865,723732656,"""base_link""",,1.944980397820473e-06,2.4024750292301177e-05,-1.8429216742515567e-05,"[-1.0, 0.0, 0.0, 0.0, 0.0, 0.0, 0.0, 0.0, 0.0]"
1749516186720068237,,16165,,1749160865,739667656,"""base_link""",,1.1138990521430969e-07,2.8460115194320678e-05,-2.3838222026824956e-05,"[-1.0, 0.0, 0.0, 0.0, 0.0, 0.0, 0.0, 0.0, 0.0]"
1749516186967384742,,16166,,1749160865,861926728,"""base_link""",,-1.9642192870378496e-06,2.3311737179756163e-05,-1.9988453388214117e-05,"[-1.0, 0.0, 0.0, 0.0, 0.0, 0.0, 0.0, 0.0, 0.0]"
1749516187003962673,,16167,,1749160865,883251728,"""base_link""",,-4.3896485120058065e-06,2.2422887384891506e-05,-2.103875875473023e-05,"[-1.0, 0.0, 0.0, 0.0, 0.0, 0.0, 0.0, 0.0, 0.0]"
1749516187245319361,,16168,,1749160866,5558008,"""base_link""",,-6.535306572914124e-07,2.6946535706520077e-05,-1.9756883382797246e-05,"[-1.0, 0.0, 0.0, 0.0, 0.0, 0.0, 0.0, 0.0, 0.0]"
1749516187281442664,,16169,,1749160866,21470008,"""base_link""",,-2.502339892089367e-06,2.698928117752075e-05,-2.2608488798141483e-05,"[-1.0, 0.0, 0.0, 0.0, 0.0, 0.0, 0.0, 0.0, 0.0]"
1749516187524560591,,16170,,1749160866,143826032,"""base_link""",,-1.787439361214638e-06,2.5523576140403746e-05,-2.225370109081269e-05,"[-1.0, 0.0, 0.0, 0.0, 0.0, 0.0, 0.0, 0.0, 0.0]"
1749516187570057531,,16171,,1749160866,165062056,"""base_link""",,2.0682547241449356e-06,2.5679117441177367e-05,-2.2130495309829718e-05,"[-1.0, 0.0, 0.0, 0.0, 0.0, 0.0, 0.0, 0.0, 0.0]"
1749516187800029731,,16172,,1749160866,281993568,"""base_link""",,-4.438105970621109e-07,2.495225518941879e-05,-2.2431272268295294e-05,"[-1.0, 0.0, 0.0, 0.0, 0.0, 0.0, 0.0, 0.0, 0.0]"
1749516187844824610,,16173,,1749160866,303247568,"""base_link""",,-2.916591987013817e-06,2.5510358810424804e-05,-2.2016832232475284e-05,"[-1.0, 0.0, 0.0, 0.0, 0.0, 0.0, 0.0, 0.0, 0.0]"
1749516188079614916,,16174,,1749160866,420302592,"""base_link""",,-5.16367070376873e-06,2.3685832321643828e-05,-2.181080877780915e-05,"[-1.0, 0.0, 0.0, 0.0, 0.0, 0.0, 0.0, 0.0, 0.0]"
1749516188121408096,,16175,,1749160866,441538592,"""base_link""",,-3.2314941287040713e-06,2.650034427642822e-05,-1.8442937731742863e-05,"[-1.0, 0.0, 0.0, 0.0, 0.0, 0.0, 0.0, 0.0, 0.0]"
1749516188368462998,,16176,,1749160866,563808640,"""base_link""",,-5.689022690057755e-06,2.3428764939308164e-05,-2.310748398303986e-05,"[-1.0, 0.0, 0.0, 0.0, 0.0, 0.0, 0.0, 0.0, 0.0]"
1749516188402869136,,16177,,1749160866,585072640,"""base_link""",,-5.225479602813721e-06,2.593995332717895e-05,-2.3386335372924808e-05,"[-1.0, 0.0, 0.0, 0.0, 0.0, 0.0, 0.0, 0.0, 0.0]"
1749516188645651387,,16178,,1749160866,702100896,"""base_link""",,-2.898280695080757e-06,2.3423559963703152e-05,-2.230870425701142e-05,"[-1.0, 0.0, 0.0, 0.0, 0.0, 0.0, 0.0, 0.0, 0.0]"
1749516188680930189,,16179,,1749160866,723355896,"""base_link""",,-4.204212501645088e-06,2.320352792739868e-05,-2.5105872750282292e-05,"[-1.0, 0.0, 0.0, 0.0, 0.0, 0.0, 0.0, 0.0, 0.0]"
1749516188920176798,,16180,,1749160866,840343408,"""base_link""",,-4.902712628245354e-06,2.3280054330825802e-05,-2.399116456508637e-05,"[-1.0, 0.0, 0.0, 0.0, 0.0, 0.0, 0.0, 0.0, 0.0]"
1749516188969544874,,16181,,1749160866,861577200,"""base_link""",,-6.244444102048874e-06,2.3350217938423156e-05,-2.4441358447074894e-05,"[-1.0, 0.0, 0.0, 0.0, 0.0, 0.0, 0.0, 0.0, 0.0]"
1749516189201942034,,16182,,1749160866,983948736,"""base_link""",,-6.444817036390305e-06,2.2933743894100188e-05,-2.1171715855598453e-05,"[-1.0, 0.0, 0.0, 0.0, 0.0, 0.0, 0.0, 0.0, 0.0]"
1749516189240004272,,16183,,1749160866,999869736,"""base_link""",,-1.0179493576288224e-05,2.2652843594551083e-05,-2.1944200992584232e-05,"[-1.0, 0.0, 0.0, 0.0, 0.0, 0.0, 0.0, 0.0, 0.0]"
1749516189479466629,,16184,,1749160867,122147992,"""base_link""",,-9.619974344968796e-06,2.2439682483673094e-05,-2.00609564781189e-05,"[-1.0, 0.0, 0.0, 0.0, 0.0, 0.0, 0.0, 0.0, 0.0]"
1749516189521401063,,16185,,1749160867,143384992,"""base_link""",,-5.694152414798737e-06,2.242953777313232e-05,-2.0635649561882023e-05,"[-1.0, 0.0, 0.0, 0.0, 0.0, 0.0, 0.0, 0.0, 0.0]"
1749516189767789348,,16186,,1749160867,265713784,"""base_link""",,-6.451661139726639e-06,2.1881644427776336e-05,-2.230824530124665e-05,"[-1.0, 0.0, 0.0, 0.0, 0.0, 0.0, 0.0, 0.0, 0.0]"
1749516189803021283,,16187,,1749160867,281709784,"""base_link""",,-3.6100640892982484e-06,2.6545220613479613e-05,-2.3418751358985905e-05,"[-1.0, 0.0, 0.0, 0.0, 0.0, 0.0, 0.0, 0.0, 0.0]"
1749516190042686641,,16188,,1749160867,403973320,"""base_link""",,-8.025403320789337e-06,2.2650036215782162e-05,-2.0987108349800114e-05,"[-1.0, 0.0, 0.0, 0.0, 0.0, 0.0, 0.0, 0.0, 0.0]"
1749516190082423878,,16189,,1749160867,425267320,"""base_link""",,-1.1705191433429718e-05,2.112002670764923e-05,-1.9916537404060367e-05,"[-1.0, 0.0, 0.0, 0.0, 0.0, 0.0, 0.0, 0.0, 0.0]"
1749516190322011914,,16190,,1749160867,542277856,"""base_link""",,-9.46953296661377e-06,2.050867974758148e-05,-2.0848011970520025e-05,"[-1.0, 0.0, 0.0, 0.0, 0.0, 0.0, 0.0, 0.0, 0.0]"
1749516190360048656,,16191,,1749160867,563530648,"""base_link""",,-1.3549885153770447e-05,1.9680435955524442e-05,-2.3293235898017888e-05,"[-1.0, 0.0, 0.0, 0.0, 0.0, 0.0, 0.0, 0.0, 0.0]"
1749516190601447002,,16192,,1749160867,680478928,"""base_link""",,-8.337996900081634e-06,2.0012229681015012e-05,-2.1757450699806217e-05,"[-1.0, 0.0, 0.0, 0.0, 0.0, 0.0, 0.0, 0.0, 0.0]"
1749516190649435522,,16193,,1749160867,701712928,"""base_link""",,-1.1178119480609895e-05,1.614778339862823e-05,-1.9049787521362307e-05,"[-1.0, 0.0, 0.0, 0.0, 0.0, 0.0, 0.0, 0.0, 0.0]"
1749516190885007798,,16194,,1749160867,824027208,"""base_link""",,-1.145632565021515e-05,1.948478817939758e-05,-2.1219660341739657e-05,"[-1.0, 0.0, 0.0, 0.0, 0.0, 0.0, 0.0, 0.0, 0.0]"
1749516190921149926,,16195,,1749160867,840021208,"""base_link""",,-1.3699169456958772e-05,1.715784519910812e-05,-2.273640930652619e-05,"[-1.0, 0.0, 0.0, 0.0, 0.0, 0.0, 0.0, 0.0, 0.0]"
1749516191162791941,,16196,,1749160867,962327744,"""base_link""",,-1.4857208728790284e-05,1.7045722901821134e-05,-2.1475072205066684e-05,"[-1.0, 0.0, 0.0, 0.0, 0.0, 0.0, 0.0, 0.0, 0.0]"
1749516191202582411,,16197,,1749160867,983562744,"""base_link""",,-1.6847501695156098e-05,1.9159094989299772e-05,-2.3929268121719364e-05,"[-1.0, 0.0, 0.0, 0.0, 0.0, 0.0, 0.0, 0.0, 0.0]"
1749516191442210231,,16198,,1749160868,100494792,"""base_link""",,-1.6616247594356538e-05,1.9637653231620785e-05,-2.0032534003257755e-05,"[-1.0, 0.0, 0.0, 0.0, 0.0, 0.0, 0.0, 0.0, 0.0]"
1749516191482167486,,16199,,1749160868,121823792,"""base_link""",,-1.8067680299282075e-05,1.5760038793087003e-05,-2.1995793282985693e-05,"[-1.0, 0.0, 0.0, 0.0, 0.0, 0.0, 0.0, 0.0, 0.0]"
1749516191719557359,,16200,,1749160868,244113584,"""base_link""",,-1.779065281152725e-05,1.7015656828880306e-05,-2.0797386765480046e-05,"[-1.0, 0.0, 0.0, 0.0, 0.0, 0.0, 0.0, 0.0, 0.0]"
1749516191763650560,,16201,,1749160868,265347120,"""base_link""",,-1.6764622926712038e-05,1.883572936058044e-05,-1.7588070034980777e-05,"[-1.0, 0.0, 0.0, 0.0, 0.0, 0.0, 0.0, 0.0, 0.0]"
1749516192001011430,,16202,,1749160868,382336376,"""base_link""",,-1.9533583521842957e-05,1.4275516569614408e-05,-2.0827659964561467e-05,"[-1.0, 0.0, 0.0, 0.0, 0.0, 0.0, 0.0, 0.0, 0.0]"
1749516192043371105,,16203,,1749160868,403601376,"""base_link""",,-1.6344721615314484e-05,1.1257186532020567e-05,-2.0281170308589935e-05,"[-1.0, 0.0, 0.0, 0.0, 0.0, 0.0, 0.0, 0.0, 0.0]"
1749516192282680682,,16204,,1749160868,520591400,"""base_link""",,-2.2788654267787933e-05,1.1697100102901457e-05,-1.9647760689258576e-05,"[-1.0, 0.0, 0.0, 0.0, 0.0, 0.0, 0.0, 0.0, 0.0]"
1749516192324284049,,16205,,1749160868,541845400,"""base_link""",,-2.4383205175399782e-05,1.1181521415710447e-05,-2.1657165884971618e-05,"[-1.0, 0.0, 0.0, 0.0, 0.0, 0.0, 0.0, 0.0, 0.0]"
1749516192562007135,,16206,,1749160868,664198216,"""base_link""",,-2.3410877585411074e-05,9.231477975845335e-06,-1.9300594925880432e-05,"[-1.0, 0.0, 0.0, 0.0, 0.0, 0.0, 0.0, 0.0, 0.0]"
1749516192603837256,,16207,,1749160868,685464216,"""base_link""",,-2.248838245868683e-05,1.1373449862003324e-05,-2.2164931893348695e-05,"[-1.0, 0.0, 0.0, 0.0, 0.0, 0.0, 0.0, 0.0, 0.0]"
1749516192844055555,,16208,,1749160868,802454008,"""base_link""",,-2.313913553953171e-05,6.290800124406812e-06,-2.0046767592430116e-05,"[-1.0, 0.0, 0.0, 0.0, 0.0, 0.0, 0.0, 0.0, 0.0]"
1749516192883436592,,16209,,1749160868,823697008,"""base_link""",,-2.6414644718170166e-05,8.229635655879973e-06,-1.743823140859604e-05,"[-1.0, 0.0, 0.0, 0.0, 0.0, 0.0, 0.0, 0.0, 0.0]"
1749516193120971738,,16210,,1749160868,940693776,"""base_link""",,-2.464022934436798e-05,4.612878337502477e-06,-1.805374771356583e-05,"[-1.0, 0.0, 0.0, 0.0, 0.0, 0.0, 0.0, 0.0, 0.0]"
1749516193161115972,,16211,,1749160868,961994800,"""base_link""",,-2.446398288011551e-05,8.486966788768767e-06,-1.5938957035541536e-05,"[-1.0, 0.0, 0.0, 0.0, 0.0, 0.0, 0.0, 0.0, 0.0]"
1749516193402540521,,16212,,1749160869,84254824,"""base_link""",,-2.57441520690918e-05,1.093270257115362e-06,-1.7975404858589172e-05,"[-1.0, 0.0, 0.0, 0.0, 0.0, 0.0, 0.0, 0.0, 0.0]"
1749516193444746612,,16213,,1749160869,105505824,"""base_link""",,-2.44565486907959e-05,3.0456837266683555e-06,-1.9932721555233e-05,"[-1.0, 0.0, 0.0, 0.0, 0.0, 0.0, 0.0, 0.0, 0.0]"
1749516193682124657,,16214,,1749160869,222530592,"""base_link""",,-2.3057793080806732e-05,7.09835998713968e-07,-1.841190755367279e-05,"[-1.0, 0.0, 0.0, 0.0, 0.0, 0.0, 0.0, 0.0, 0.0]"
1749516193724053959,,16215,,1749160869,243749592,"""base_link""",,-2.18095064163208e-05,1.7999924719333622e-06,-2.2359699010849e-05,"[-1.0, 0.0, 0.0, 0.0, 0.0, 0.0, 0.0, 0.0, 0.0]"
1749516193968716012,,16216,,1749160869,366039384,"""base_link""",,-1.9072318077087404e-05,-1.1154297739267375e-06,-2.0508156716823577e-05,"[-1.0, 0.0, 0.0, 0.0, 0.0, 0.0, 0.0, 0.0, 0.0]"
1749516194001712461,,16217,,1749160869,382033384,"""base_link""",,-2.1423459053039553e-05,-4.863122478127482e-06,-2.04940527677536e-05,"[-1.0, 0.0, 0.0, 0.0, 0.0, 0.0, 0.0, 0.0, 0.0]"
1749516194246099469,,16218,,1749160869,504357920,"""base_link""",,-2.121693342924118e-05,-5.6897800415754344e-06,-2.0195005834102633e-05,"[-1.0, 0.0, 0.0, 0.0, 0.0, 0.0, 0.0, 0.0, 0.0]"
1749516194283163167,,16219,,1749160869,525591920,"""base_link""",,-2.0275527238845825e-05,-8.392520248889924e-06,-1.8581803143024444e-05,"[-1.0, 0.0, 0.0, 0.0, 0.0, 0.0, 0.0, 0.0, 0.0]"
1749516194524752255,,16220,,1749160869,642577200,"""base_link""",,-1.7579370737075807e-05,-7.268351316452029e-06,-2.103410065174103e-05,"[-1.0, 0.0, 0.0, 0.0, 0.0, 0.0, 0.0, 0.0, 0.0]"
1749516194560864417,,16221,,1749160869,663862224,"""base_link""",,-1.448606550693512e-05,-8.76283943653107e-06,-2.29377344250679e-05,"[-1.0, 0.0, 0.0, 0.0, 0.0, 0.0, 0.0, 0.0, 0.0]"
1749516194800613786,,16222,,1749160869,780776736,"""base_link""",,-1.7331361770629882e-05,-7.581707835197451e-06,-2.1023693680763247e-05,"[-1.0, 0.0, 0.0, 0.0, 0.0, 0.0, 0.0, 0.0, 0.0]"
1749516194842749908,,16223,,1749160869,802046736,"""base_link""",,-2.0126967132091524e-05,-8.751605451107028e-06,-2.160622924566269e-05,"[-1.0, 0.0, 0.0, 0.0, 0.0, 0.0, 0.0, 0.0, 0.0]"
1749516195084022507,,16224,,1749160869,924334992,"""base_link""",,-1.9025923311710357e-05,-8.925688266754152e-06,-2.0168861746788027e-05,"[-1.0, 0.0, 0.0, 0.0, 0.0, 0.0, 0.0, 0.0, 0.0]"
1749516195121901191,,16225,,1749160869,945602992,"""base_link""",,-1.7438040673732758e-05,-1.1794100701808933e-05,-2.16978058218956e-05,"[-1.0, 0.0, 0.0, 0.0, 0.0, 0.0, 0.0, 0.0, 0.0]"
1749516195361637925,,16226,,1749160870,62637320,"""base_link""",,-1.7167635262012482e-05,-9.293393790721896e-06,-2.019656151533127e-05,"[-1.0, 0.0, 0.0, 0.0, 0.0, 0.0, 0.0, 0.0, 0.0]"
1749516195401427439,,16227,,1749160870,83901320,"""base_link""",,-1.673601269721985e-05,-1.1772791296243672e-05,-2.1999864280223846e-05,"[-1.0, 0.0, 0.0, 0.0, 0.0, 0.0, 0.0, 0.0, 0.0]"
1749516195645166867,,16228,,1749160870,206184344,"""base_link""",,-1.5608087182044983e-05,-7.892446219921114e-06,-2.0092469453811647e-05,"[-1.0, 0.0, 0.0, 0.0, 0.0, 0.0, 0.0, 0.0, 0.0]"
1749516195679090167,,16229,,1749160870,222121344,"""base_link""",,-1.8115177750587465e-05,-6.550445407629016e-06,-1.8834079802036286e-05,"[-1.0, 0.0, 0.0, 0.0, 0.0, 0.0, 0.0, 0.0, 0.0]"
1749516195922531066,,16230,,1749160870,344439344,"""base_link""",,-1.3313241302967072e-05,-8.973492681980137e-06,-2.251477837562561e-05,"[-1.0, 0.0, 0.0, 0.0, 0.0, 0.0, 0.0, 0.0, 0.0]"
1749516195964435956,,16231,,1749160870,365741880,"""base_link""",,-1.0658720880746842e-05,-7.762042433023456e-06,-2.071170061826706e-05,"[-1.0, 0.0, 0.0, 0.0, 0.0, 0.0, 0.0, 0.0, 0.0]"
1749516196202091632,,16232,,1749160870,482643160,"""base_link""",,-1.5288153290748598e-05,-9.963769465684894e-06,-2.1538348495960235e-05,"[-1.0, 0.0, 0.0, 0.0, 0.0, 0.0, 0.0, 0.0, 0.0]"
1749516196255108784,,16233,,1749160870,503971160,"""base_link""",,-1.534147709608078e-05,-8.942907303571705e-06,-2.2566233575344088e-05,"[-1.0, 0.0, 0.0, 0.0, 0.0, 0.0, 0.0, 0.0, 0.0]"
1749516196481537373,,16234,,1749160870,620950696,"""base_link""",,-1.539772301912308e-05,-1.0275283455848697e-05,-1.9664527475833892e-05,"[-1.0, 0.0, 0.0, 0.0, 0.0, 0.0, 0.0, 0.0, 0.0]"
1749516196523537466,,16235,,1749160870,642177696,"""base_link""",,-1.9181402027606967e-05,-1.1448323726654054e-05,-2.063772976398468e-05,"[-1.0, 0.0, 0.0, 0.0, 0.0, 0.0, 0.0, 0.0, 0.0]"
1749516196763682224,,16236,,1749160870,764540488,"""base_link""",,-1.5459713339805603e-05,-1.2159412354230883e-05,-1.9677436351776125e-05,"[-1.0, 0.0, 0.0, 0.0, 0.0, 0.0, 0.0, 0.0, 0.0]"
1749516196803129221,,16237,,1749160870,780492488,"""base_link""",,-1.9116128981113436e-05,-1.2030946463346483e-05,-2.022618651390076e-05,"[-1.0, 0.0, 0.0, 0.0, 0.0, 0.0, 0.0, 0.0, 0.0]"
1749516197045002369,,16238,,1749160870,902819256,"""base_link""",,-1.2926019728183747e-05,-1.0643804818391803e-05,-2.025527060031891e-05,"[-1.0, 0.0, 0.0, 0.0, 0.0, 0.0, 0.0, 0.0, 0.0]"
1749516197082877996,,16239,,1749160870,923980256,"""base_link""",,-1.0822422802448274e-05,-1.1833766847848895e-05,-1.6780003905296326e-05,"[-1.0, 0.0, 0.0, 0.0, 0.0, 0.0, 0.0, 0.0, 0.0]"
1749516197326085291,,16240,,1749160871,46290768,"""base_link""",,-1.6036957502365112e-05,-1.0253350436687472e-05,-1.942870318889618e-05,"[-1.0, 0.0, 0.0, 0.0, 0.0, 0.0, 0.0, 0.0, 0.0]"
1749516197360335875,,16241,,1749160871,62286280,"""base_link""",,-1.2086427211761475e-05,-1.2499143183231356e-05,-1.995682418346405e-05,"[-1.0, 0.0, 0.0, 0.0, 0.0, 0.0, 0.0, 0.0, 0.0]"
1749516197604087315,,16242,,1749160871,184570536,"""base_link""",,-1.2963694334030153e-05,-1.1882917582988741e-05,-1.8699946999549865e-05,"[-1.0, 0.0, 0.0, 0.0, 0.0, 0.0, 0.0, 0.0, 0.0]"
1749516197643731834,,16243,,1749160871,205820536,"""base_link""",,-1.2281224876642228e-05,-1.3671152293682102e-05,-2.112952917814255e-05,"[-1.0, 0.0, 0.0, 0.0, 0.0, 0.0, 0.0, 0.0, 0.0]"
1749516197879336438,,16244,,1749160871,322801048,"""base_link""",,-1.2680086493492128e-05,-8.982424437999727e-06,-1.8214251101017e-05,"[-1.0, 0.0, 0.0, 0.0, 0.0, 0.0, 0.0, 0.0, 0.0]"
1749516197922263027,,16245,,1749160871,344128048,"""base_link""",,-1.590636968612671e-05,-2.7822427451610584e-06,-1.228044480085373e-05,"[-1.0, 0.0, 0.0, 0.0, 0.0, 0.0, 0.0, 0.0, 0.0]"
1749516198160844807,,16246,,1749160871,461047584,"""base_link""",,-1.4598695933818817e-05,-1.215677633881569e-05,-1.9451722502708436e-05,"[-1.0, 0.0, 0.0, 0.0, 0.0, 0.0, 0.0, 0.0, 0.0]"
1749516198200737817,,16247,,1749160871,482370584,"""base_link""",,-1.2214818596839906e-05,-1.1720164865255358e-05,-1.625250279903412e-05,"[-1.0, 0.0, 0.0, 0.0, 0.0, 0.0, 0.0, 0.0, 0.0]"
1749516198443313114,,16248,,1749160871,599291608,"""base_link""",,-9.302785992622375e-06,-1.1661963909864428e-05,-2.0469385385513307e-05,"[-1.0, 0.0, 0.0, 0.0, 0.0, 0.0, 0.0, 0.0, 0.0]"
1749516198482059970,,16249,,1749160871,620619608,"""base_link""",,-7.663561403751374e-06,-1.3493755459785464e-05,-1.890431046485901e-05,"[-1.0, 0.0, 0.0, 0.0, 0.0, 0.0, 0.0, 0.0, 0.0]"
1749516198721877931,,16250,,1749160871,742871352,"""base_link""",,-7.663515210151673e-06,-1.347635090351105e-05,-1.809736043214798e-05,"[-1.0, 0.0, 0.0, 0.0, 0.0, 0.0, 0.0, 0.0, 0.0]"
1749516198761735846,,16251,,1749160871,764134888,"""base_link""",,-8.114738762378693e-06,-1.473004519939423e-05,-2.1911802887916562e-05,"[-1.0, 0.0, 0.0, 0.0, 0.0, 0.0, 0.0, 0.0, 0.0]"
1749516199001244885,,16252,,1749160871,881154168,"""base_link""",,-6.166258454322815e-06,-1.431798040866852e-05,-2.05414667725563e-05,"[-1.0, 0.0, 0.0, 0.0, 0.0, 0.0, 0.0, 0.0, 0.0]"
1749516199044484603,,16253,,1749160871,902404168,"""base_link""",,-3.0955597758293155e-06,-1.4561340212821965e-05,-2.192367762327194e-05,"[-1.0, 0.0, 0.0, 0.0, 0.0, 0.0, 0.0, 0.0, 0.0]"
1749516199282935160,,16254,,1749160872,24706656,"""base_link""",,-1.0235462337732315e-06,-1.6388809680938723e-05,-1.9794245064258573e-05,"[-1.0, 0.0, 0.0, 0.0, 0.0, 0.0, 0.0, 0.0, 0.0]"
1749516199324804522,,16255,,1749160872,45983656,"""base_link""",,-2.7687691152095796e-06,-1.6058728098869327e-05,-1.771665513515472e-05,"[-1.0, 0.0, 0.0, 0.0, 0.0, 0.0, 0.0, 0.0, 0.0]"
1749516199558272038,,16256,,1749160872,162955680,"""base_link""",,3.5478223115205766e-06,-1.3426457345485691e-05,-2.17183455824852e-05,"[-1.0, 0.0, 0.0, 0.0, 0.0, 0.0, 0.0, 0.0, 0.0]"
1749516199602045499,,16257,,1749160872,184200680,"""base_link""",,1.2401384115219116e-05,-1.1604767292737965e-05,-2.2774766385555267e-05,"[-1.0, 0.0, 0.0, 0.0, 0.0, 0.0, 0.0, 0.0, 0.0]"
1749516199845775538,,16258,,1749160872,306483216,"""base_link""",,7.514002919197083e-06,-1.1334075778722768e-05,-2.2581230103969576e-05,"[-1.0, 0.0, 0.0, 0.0, 0.0, 0.0, 0.0, 0.0, 0.0]"
1749516199884641906,,16259,,1749160872,322479216,"""base_link""",,1.3670487701892854e-05,-1.2499760836362843e-05,-2.4960874021053315e-05,"[-1.0, 0.0, 0.0, 0.0, 0.0, 0.0, 0.0, 0.0, 0.0]"
1749516200119451806,,16260,,1749160872,439467728,"""base_link""",,8.390855789184571e-06,-9.734435379505162e-06,-2.1827964484691622e-05,"[-1.0, 0.0, 0.0, 0.0, 0.0, 0.0, 0.0, 0.0, 0.0]"
1749516200161320288,,16261,,1749160872,460710752,"""base_link""",,1.3759545981884003e-05,-7.691729068756108e-06,-2.367154508829117e-05,"[-1.0, 0.0, 0.0, 0.0, 0.0, 0.0, 0.0, 0.0, 0.0]"
1749516200400951916,,16262,,1749160872,583056520,"""base_link""",,1.3552325963974e-05,-7.119019329547885e-06,-2.3975735902786256e-05,"[-1.0, 0.0, 0.0, 0.0, 0.0, 0.0, 0.0, 0.0, 0.0]"
1749516200447295102,,16263,,1749160872,604293520,"""base_link""",,1.208581030368805e-05,-7.180242240428928e-06,-2.5101140141487122e-05,"[-1.0, 0.0, 0.0, 0.0, 0.0, 0.0, 0.0, 0.0, 0.0]"
1749516200682475012,,16264,,1749160872,721224520,"""base_link""",,1.697288602590561e-05,-2.864657714962962e-06,-2.2209542989730836e-05,"[-1.0, 0.0, 0.0, 0.0, 0.0, 0.0, 0.0, 0.0, 0.0]"
1749516200720362299,,16265,,1749160872,742554520,"""base_link""",,2.2251765429973603e-05,-1.951660588383677e-06,-2.005731463432312e-05,"[-1.0, 0.0, 0.0, 0.0, 0.0, 0.0, 0.0, 0.0, 0.0]"
1749516200957955323,,16266,,1749160872,859526592,"""base_link""",,1.7285197973251343e-05,5.235945805907223e-07,-2.182094156742096e-05,"[-1.0, 0.0, 0.0, 0.0, 0.0, 0.0, 0.0, 0.0, 0.0]"
1749516200999915320,,16267,,1749160872,880778592,"""base_link""",,1.5430492162704467e-05,2.352807857096192e-06,-2.2517900168895724e-05,"[-1.0, 0.0, 0.0, 0.0, 0.0, 0.0, 0.0, 0.0, 0.0]"
1749516201242781043,,16268,,1749160873,3101616,"""base_link""",,1.7499090731143952e-05,3.893486410379408e-06,-2.269517630338669e-05,"[-1.0, 0.0, 0.0, 0.0, 0.0, 0.0, 0.0, 0.0, 0.0]"
1749516201281437625,,16269,,1749160873,24299616,"""base_link""",,1.4945425093173981e-05,6.60409405827522e-06,-2.472892999649048e-05,"[-1.0, 0.0, 0.0, 0.0, 0.0, 0.0, 0.0, 0.0, 0.0]"
1749516201519343655,,16270,,1749160873,141288896,"""base_link""",,1.7908746004104616e-05,5.898586660623548e-06,-2.47690886259079e-05,"[-1.0, 0.0, 0.0, 0.0, 0.0, 0.0, 0.0, 0.0, 0.0]"
1749516201561036775,,16271,,1749160873,162565920,"""base_link""",,1.5906360745429995e-05,7.149224728345868e-06,-2.6054003834724427e-05,"[-1.0, 0.0, 0.0, 0.0, 0.0, 0.0, 0.0, 0.0, 0.0]"
1749516201800668666,,16272,,1749160873,279535176,"""base_link""",,1.6759127378463747e-05,1.0995215177536007e-05,-2.3099182546138765e-05,"[-1.0, 0.0, 0.0, 0.0, 0.0, 0.0, 0.0, 0.0, 0.0]"
1749516201850238741,,16273,,1749160873,300864176,"""base_link""",,1.547873467206955e-05,9.263051301240919e-06,-2.2721251845359805e-05,"[-1.0, 0.0, 0.0, 0.0, 0.0, 0.0, 0.0, 0.0, 0.0]"
1749516202082004233,,16274,,1749160873,423137712,"""base_link""",,1.601659804582596e-05,1.3810248672962186e-05,-2.2887162864208224e-05,"[-1.0, 0.0, 0.0, 0.0, 0.0, 0.0, 0.0, 0.0, 0.0]"
1749516202134738981,,16275,,1749160873,444389712,"""base_link""",,1.6708432137966158e-05,1.5902711451053616e-05,-2.3545186221599582e-05,"[-1.0, 0.0, 0.0, 0.0, 0.0, 0.0, 0.0, 0.0, 0.0]"
1749516202359509906,,16276,,1749160873,561432040,"""base_link""",,1.6027967631816864e-05,1.5411913394927976e-05,-2.467390894889832e-05,"[-1.0, 0.0, 0.0, 0.0, 0.0, 0.0, 0.0, 0.0, 0.0]"
1749516202399740160,,16277,,1749160873,582641040,"""base_link""",,1.2531296908855438e-05,1.573526412248611e-05,-2.377529293298722e-05,"[-1.0, 0.0, 0.0, 0.0, 0.0, 0.0, 0.0, 0.0, 0.0]"
1749516202647559398,,16278,,1749160873,699653808,"""base_link""",,1.1340434849262238e-05,1.4344769716262814e-05,-2.106477022171021e-05,"[-1.0, 0.0, 0.0, 0.0, 0.0, 0.0, 0.0, 0.0, 0.0]"
1749516202677147941,,16279,,1749160873,720889808,"""base_link""",,1.2503646314144135e-05,1.4817616343498229e-05,-2.0251749455928808e-05,"[-1.0, 0.0, 0.0, 0.0, 0.0, 0.0, 0.0, 0.0, 0.0]"
1749516202926773003,,16280,,1749160873,843209832,"""base_link""",,9.872746467590332e-06,1.4976838231086728e-05,-2.3344078660011297e-05,"[-1.0, 0.0, 0.0, 0.0, 0.0, 0.0, 0.0, 0.0, 0.0]"
1749516202958576531,,16281,,1749160873,859206600,"""base_link""",,1.503376215696335e-05,1.358387768268585e-05,-2.354411631822586e-05,"[-1.0, 0.0, 0.0, 0.0, 0.0, 0.0, 0.0, 0.0, 0.0]"
1749516203202067922,,16282,,1749160873,981479112,"""base_link""",,7.607711851596833e-06,1.5674754977226253e-05,-2.103647887706757e-05,"[-1.0, 0.0, 0.0, 0.0, 0.0, 0.0, 0.0, 0.0, 0.0]"
1749516203250358838,,16283,,1749160874,2716112,"""base_link""",,1.0162007808685304e-05,1.4519882202148435e-05,-2.3922105133533483e-05,"[-1.0, 0.0, 0.0, 0.0, 0.0, 0.0, 0.0, 0.0, 0.0]"
1749516203480082480,,16284,,1749160874,119708904,"""base_link""",,7.355405390262604e-06,1.6126069426536556e-05,-2.2316576540470128e-05,"[-1.0, 0.0, 0.0, 0.0, 0.0, 0.0, 0.0, 0.0, 0.0]"
1749516203528244603,,16285,,1749160874,140975904,"""base_link""",,5.105975642800331e-06,1.595151126384735e-05,-2.5572717189788824e-05,"[-1.0, 0.0, 0.0, 0.0, 0.0, 0.0, 0.0, 0.0, 0.0]"
1749516203759227310,,16286,,1749160874,263320976,"""base_link""",,5.459266528487206e-06,1.5827754139900206e-05,-2.2331801056861882e-05,"[-1.0, 0.0, 0.0, 0.0, 0.0, 0.0, 0.0, 0.0, 0.0]"
1749516203801354330,,16287,,1749160874,284597976,"""base_link""",,6.861744821071625e-06,1.7997261881828306e-05,-1.9437491893768316e-05,"[-1.0, 0.0, 0.0, 0.0, 0.0, 0.0, 0.0, 0.0, 0.0]"
1749516204047228592,,16288,,1749160874,401522488,"""base_link""",,8.964988589286805e-06,1.593044102191925e-05,-2.4236956238746646e-05,"[-1.0, 0.0, 0.0, 0.0, 0.0, 0.0, 0.0, 0.0, 0.0]"
1749516204080872953,,16289,,1749160874,422773488,"""base_link""",,7.888379693031312e-06,1.4937195181846616e-05,-2.1780732274055485e-05,"[-1.0, 0.0, 0.0, 0.0, 0.0, 0.0, 0.0, 0.0, 0.0]"
1749516204327404473,,16290,,1749160874,545075464,"""base_link""",,4.116756096482277e-06,1.611751765012741e-05,-2.109908908605576e-05,"[-1.0, 0.0, 0.0, 0.0, 0.0, 0.0, 0.0, 0.0, 0.0]"
1749516204360623737,,16291,,1749160874,561069720,"""base_link""",,5.463461205363274e-06,1.3934063911437985e-05,-2.375899106264115e-05,"[-1.0, 0.0, 0.0, 0.0, 0.0, 0.0, 0.0, 0.0, 0.0]"
1749516204601926608,,16292,,1749160874,683299512,"""base_link""",,5.375975742936134e-06,1.567364633083343e-05,-2.2944898903369907e-05,"[-1.0, 0.0, 0.0, 0.0, 0.0, 0.0, 0.0, 0.0, 0.0]"
1749516204640239232,,16293,,1749160874,699295512,"""base_link""",,6.4145714044570924e-06,1.3183359801769254e-05,-2.5994351506233218e-05,"[-1.0, 0.0, 0.0, 0.0, 0.0, 0.0, 0.0, 0.0, 0.0]"
1749516204883694948,,16294,,1749160874,821608048,"""base_link""",,7.557931542396546e-06,1.5140193700790402e-05,-2.3162190616130833e-05,"[-1.0, 0.0, 0.0, 0.0, 0.0, 0.0, 0.0, 0.0, 0.0]"
1749516204927022681,,16295,,1749160874,842857048,"""base_link""",,6.734636425971985e-06,1.1724811047315594e-05,-2.2125642001628877e-05,"[-1.0, 0.0, 0.0, 0.0, 0.0, 0.0, 0.0, 0.0, 0.0]"
1749516205158769188,,16296,,1749160874,959826608,"""base_link""",,8.944369852542878e-06,1.395260542631149e-05,-2.209440469741822e-05,"[-1.0, 0.0, 0.0, 0.0, 0.0, 0.0, 0.0, 0.0, 0.0]"
1749516205202937245,,16297,,1749160874,981151608,"""base_link""",,1.0705094039440155e-05,1.26201793551445e-05,-1.951640248298645e-05,"[-1.0, 0.0, 0.0, 0.0, 0.0, 0.0, 0.0, 0.0, 0.0]"
1749516205448170874,,16298,,1749160875,103390632,"""base_link""",,7.409445941448212e-06,1.3682731986045835e-05,-2.3908290266990662e-05,"[-1.0, 0.0, 0.0, 0.0, 0.0, 0.0, 0.0, 0.0, 0.0]"
1749516205482543335,,16299,,1749160875,124654632,"""base_link""",,1.1712928116321565e-05,2.1263413131237028e-05,-2.3268049955368047e-05,"[-1.0, 0.0, 0.0, 0.0, 0.0, 0.0, 0.0, 0.0, 0.0]"
1749516205725600277,,16300,,1749160875,241658144,"""base_link""",,6.43889605998993e-06,1.4742115139961242e-05,-1.8683412671089175e-05,"[-1.0, 0.0, 0.0, 0.0, 0.0, 0.0, 0.0, 0.0, 0.0]"
1749516205759996026,,16301,,1749160875,262932936,"""base_link""",,1.117795705795288e-05,1.1632071435451504e-05,-2.3319953680038452e-05,"[-1.0, 0.0, 0.0, 0.0, 0.0, 0.0, 0.0, 0.0, 0.0]"
1749516206003909013,,16302,,1749160875,385199216,"""base_link""",,9.538620710372924e-06,1.2413629889488219e-05,-2.010508477687836e-05,"[-1.0, 0.0, 0.0, 0.0, 0.0, 0.0, 0.0, 0.0, 0.0]"
1749516206044064953,,16303,,1749160875,401197216,"""base_link""",,1.2362240254878998e-05,1.1584886908531186e-05,-2.286549210548401e-05,"[-1.0, 0.0, 0.0, 0.0, 0.0, 0.0, 0.0, 0.0, 0.0]"
1749516206279390437,,16304,,1749160875,523452216,"""base_link""",,1.0404668748378754e-05,1.0994312167167661e-05,-2.2835974395275116e-05,"[-1.0, 0.0, 0.0, 0.0, 0.0, 0.0, 0.0, 0.0, 0.0]"
1749516206329429601,,16305,,1749160875,539385216,"""base_link""",,1.0042911767959596e-05,1.2297597527503967e-05,-1.9096410274505617e-05,"[-1.0, 0.0, 0.0, 0.0, 0.0, 0.0, 0.0, 0.0, 0.0]"
1749516206558872943,,16306,,1749160875,661725264,"""base_link""",,8.486999571323395e-06,4.392819479107854e-06,-2.3880611360073092e-05,"[-1.0, 0.0, 0.0, 0.0, 0.0, 0.0, 0.0, 0.0, 0.0]"
1749516206603329887,,16307,,1749160875,683003264,"""base_link""",,1.0374873131513595e-05,4.988365620374677e-06,-2.2626562416553497e-05,"[-1.0, 0.0, 0.0, 0.0, 0.0, 0.0, 0.0, 0.0, 0.0]"
1749516206847633576,,16308,,1749160875,805297032,"""base_link""",,7.996157556772233e-06,8.890410885214779e-07,-2.2424231469631196e-05,"[-1.0, 0.0, 0.0, 0.0, 0.0, 0.0, 0.0, 0.0, 0.0]"
1749516206880057269,,16309,,1749160875,821201032,"""base_link""",,1.2183170765638351e-05,2.9508650302886934e-06,-2.3767438530921938e-05,"[-1.0, 0.0, 0.0, 0.0, 0.0, 0.0, 0.0, 0.0, 0.0]"
1749516207120095525,,16310,,1749160875,943513032,"""base_link""",,7.920286804437638e-06,7.449004799127555e-07,-1.985188722610474e-05,"[-1.0, 0.0, 0.0, 0.0, 0.0, 0.0, 0.0, 0.0, 0.0]"
1749516207159827567,,16311,,1749160875,959508032,"""base_link""",,8.232422173023225e-06,-4.772350192070037e-07,-2.458358854055405e-05,"[-1.0, 0.0, 0.0, 0.0, 0.0, 0.0, 0.0, 0.0, 0.0]"
1749516207407365269,,16312,,1749160876,87090312,"""base_link""",,1.0285014659166336e-05,1.0082413442432854e-06,-2.2310087084770203e-05,"[-1.0, 0.0, 0.0, 0.0, 0.0, 0.0, 0.0, 0.0, 0.0]"
1749516207450104402,,16313,,1749160876,103057312,"""base_link""",,5.082225054502488e-06,-7.810935378074673e-07,-2.1863989531993868e-05,"[-1.0, 0.0, 0.0, 0.0, 0.0, 0.0, 0.0, 0.0, 0.0]"
1749516207684853768,,16314,,1749160876,225355592,"""base_link""",,1.0646406561136246e-05,2.2734863683581327e-06,-2.0282991230487823e-05,"[-1.0, 0.0, 0.0, 0.0, 0.0, 0.0, 0.0, 0.0, 0.0]"
1749516207732480331,,16315,,1749160876,241324592,"""base_link""",,9.218711405992508e-06,-4.2002499103546413e-07,-2.1917098760604858e-05,"[-1.0, 0.0, 0.0, 0.0, 0.0, 0.0, 0.0, 0.0, 0.0]"
1749516207962583246,,16316,,1749160876,363573128,"""base_link""",,8.29213261604309e-06,-2.011508308351043e-06,-2.2567638754844668e-05,"[-1.0, 0.0, 0.0, 0.0, 0.0, 0.0, 0.0, 0.0, 0.0]"
1749516208004015608,,16317,,1749160876,384901128,"""base_link""",,6.202469766139984e-06,-2.2686740383505853e-06,-2.478790581226349e-05,"[-1.0, 0.0, 0.0, 0.0, 0.0, 0.0, 0.0, 0.0, 0.0]"
1749516208245704870,,16318,,1749160876,507134664,"""base_link""",,4.320977628231049e-06,-4.5852191746234925e-06,-2.3434002697467805e-05,"[-1.0, 0.0, 0.0, 0.0, 0.0, 0.0, 0.0, 0.0, 0.0]"
1749516208283557318,,16319,,1749160876,523131664,"""base_link""",,5.029118806123733e-06,-5.4166764020919834e-06,-2.458571195602417e-05,"[-1.0, 0.0, 0.0, 0.0, 0.0, 0.0, 0.0, 0.0, 0.0]"
1749516208531306129,,16320,,1749160876,645410200,"""base_link""",,4.137483984231949e-06,-5.575466901063922e-06,-2.2203655540943147e-05,"[-1.0, 0.0, 0.0, 0.0, 0.0, 0.0, 0.0, 0.0, 0.0]"
1749516208565422931,,16321,,1749160876,661464736,"""base_link""",,1.6407240182161333e-06,-7.530055940151218e-06,-2.5141641497612e-05,"[-1.0, 0.0, 0.0, 0.0, 0.0, 0.0, 0.0, 0.0, 0.0]"
1749516208804705498,,16322,,1749160876,783673504,"""base_link""",,6.356459110975266e-07,-6.358709931373599e-06,-2.0551759004592897e-05,"[-1.0, 0.0, 0.0, 0.0, 0.0, 0.0, 0.0, 0.0, 0.0]"
1749516208847573674,,16323,,1749160876,804946504,"""base_link""",,3.6445248872041703e-06,-9.323942661285402e-06,-2.036522626876831e-05,"[-1.0, 0.0, 0.0, 0.0, 0.0, 0.0, 0.0, 0.0, 0.0]"
1749516209082193765,,16324,,1749160876,921914528,"""base_link""",,4.979202523827553e-06,-9.026030451059346e-06,-2.2009608149528504e-05,"[-1.0, 0.0, 0.0, 0.0, 0.0, 0.0, 0.0, 0.0, 0.0]"
1749516209120918467,,16325,,1749160876,943165528,"""base_link""",,3.2966777682304382e-06,-1.012850627303124e-05,-2.366788536310196e-05,"[-1.0, 0.0, 0.0, 0.0, 0.0, 0.0, 0.0, 0.0, 0.0]"
1749516209364074077,,16326,,1749160877,65495112,"""base_link""",,-3.9812717586755756e-07,-7.460922002792361e-06,-2.1277986466884615e-05,"[-1.0, 0.0, 0.0, 0.0, 0.0, 0.0, 0.0, 0.0, 0.0]"
1749516209401802308,,16327,,1749160877,81398112,"""base_link""",,-1.7356932163238526e-06,-9.499093145132068e-06,-2.4469549953937532e-05,"[-1.0, 0.0, 0.0, 0.0, 0.0, 0.0, 0.0, 0.0, 0.0]"
1749516209645789550,,16328,,1749160877,203775648,"""base_link""",,1.3630252331495285e-06,-7.374743372201923e-06,-2.4055567383766177e-05,"[-1.0, 0.0, 0.0, 0.0, 0.0, 0.0, 0.0, 0.0, 0.0]"
1749516209683290015,,16329,,1749160877,225011648,"""base_link""",,1.4118567109107972e-06,-8.359507471323018e-06,-2.7450534701347353e-05,"[-1.0, 0.0, 0.0, 0.0, 0.0, 0.0, 0.0, 0.0, 0.0]"
1749516209933505093,,16330,,1749160877,341980672,"""base_link""",,-3.3806785941123966e-07,-9.559378772974018e-06,-2.4047769606113435e-05,"[-1.0, 0.0, 0.0, 0.0, 0.0, 0.0, 0.0, 0.0, 0.0]"
1749516209962974661,,16331,,1749160877,363218184,"""base_link""",,-5.984361097216606e-06,-9.728031605482106e-06,-2.143508642911911e-05,"[-1.0, 0.0, 0.0, 0.0, 0.0, 0.0, 0.0, 0.0, 0.0]"
1749516210202557348,,16332,,1749160877,485571952,"""base_link""",,-2.238224633038044e-06,-1.0323370993137364e-05,-2.459688186645508e-05,"[-1.0, 0.0, 0.0, 0.0, 0.0, 0.0, 0.0, 0.0, 0.0]"
1749516210246614524,,16333,,1749160877,501471952,"""base_link""",,-2.712508663535118e-06,-9.168107807636264e-06,-2.2541579604148866e-05,"[-1.0, 0.0, 0.0, 0.0, 0.0, 0.0, 0.0, 0.0, 0.0]"
1749516210483990453,,16334,,1749160877,623831000,"""base_link""",,-3.3414661884307864e-06,-9.831939637660983e-06,-2.3062694072723388e-05,"[-1.0, 0.0, 0.0, 0.0, 0.0, 0.0, 0.0, 0.0, 0.0]"
1749516210522309512,,16335,,1749160877,645073000,"""base_link""",,-8.325690031051637e-06,-1.0047884285449985e-05,-2.6320120692253113e-05,"[-1.0, 0.0, 0.0, 0.0, 0.0, 0.0, 0.0, 0.0, 0.0]"
1749516210763334374,,16336,,1749160877,762013720,"""base_link""",,-7.398899644613267e-06,-9.798397123813633e-06,-2.3909802734851837e-05,"[-1.0, 0.0, 0.0, 0.0, 0.0, 0.0, 0.0, 0.0, 0.0]"
1749516210803296709,,16337,,1749160877,783341720,"""base_link""",,-4.5164197683334356e-06,-9.781815111637117e-06,-2.0486606657505037e-05,"[-1.0, 0.0, 0.0, 0.0, 0.0, 0.0, 0.0, 0.0, 0.0]"
1749516211048271080,,16338,,1749160877,905610744,"""base_link""",,-5.039085075259209e-06,-9.795707464218142e-06,-1.7613445222377776e-05,"[-1.0, 0.0, 0.0, 0.0, 0.0, 0.0, 0.0, 0.0, 0.0]"
1749516211080952839,,16339,,1749160877,921527744,"""base_link""",,-9.685955941677094e-06,-1.2566643953323368e-05,-2.3818813264369966e-05,"[-1.0, 0.0, 0.0, 0.0, 0.0, 0.0, 0.0, 0.0, 0.0]"
1749516211333757626,,16340,,1749160878,43818768,"""base_link""",,-9.639300405979157e-06,-1.1192548274993901e-05,-2.2382311522960663e-05,"[-1.0, 0.0, 0.0, 0.0, 0.0, 0.0, 0.0, 0.0, 0.0]"
1749516211362260160,,16341,,1749160878,65147048,"""base_link""",,-1.0687775909900666e-05,-1.0871528089046482e-05,-2.5729995965957643e-05,"[-1.0, 0.0, 0.0, 0.0, 0.0, 0.0, 0.0, 0.0, 0.0]"
1749516211599976548,,16342,,1749160878,182090792,"""base_link""",,-1.1303717643022537e-05,-1.2119561433792118e-05,-2.251935452222824e-05,"[-1.0, 0.0, 0.0, 0.0, 0.0, 0.0, 0.0, 0.0, 0.0]"
1749516211637571680,,16343,,1749160878,203375792,"""base_link""",,-5.842292308807374e-06,-8.653542399406437e-06,-2.6041150093078615e-05,"[-1.0, 0.0, 0.0, 0.0, 0.0, 0.0, 0.0, 0.0, 0.0]"
1749516211879611454,,16344,,1749160878,320348328,"""base_link""",,-7.662779092788697e-06,-1.0705250501632694e-05,-2.369457185268402e-05,"[-1.0, 0.0, 0.0, 0.0, 0.0, 0.0, 0.0, 0.0, 0.0]"
1749516211935756585,,16345,,1749160878,341612328,"""base_link""",,-1.001429855823517e-05,-1.0393412411212923e-05,-2.0672288537025454e-05,"[-1.0, 0.0, 0.0, 0.0, 0.0, 0.0, 0.0, 0.0, 0.0]"
1749516212159204947,,16346,,1749160878,463943120,"""base_link""",,-1.0604589432477952e-05,-1.0224644839763645e-05,-2.2034160792827606e-05,"[-1.0, 0.0, 0.0, 0.0, 0.0, 0.0, 0.0, 0.0, 0.0]"
1749516212205054410,,16347,,1749160878,485177120,"""base_link""",,-8.553335070610046e-06,-9.556777775287632e-06,-2.2213894128799438e-05,"[-1.0, 0.0, 0.0, 0.0, 0.0, 0.0, 0.0, 0.0, 0.0]"
1749516212440740560,,16348,,1749160878,602195376,"""base_link""",,-1.0034307837486268e-05,-1.013775616884232e-05,-2.2416633367538453e-05,"[-1.0, 0.0, 0.0, 0.0, 0.0, 0.0, 0.0, 0.0, 0.0]"
1749516212484534799,,16349,,1749160878,623436376,"""base_link""",,-1.1730756610631943e-05,-1.1287204921245578e-05,-2.1950283646583558e-05,"[-1.0, 0.0, 0.0, 0.0, 0.0, 0.0, 0.0, 0.0, 0.0]"
1749516212737649101,,16350,,1749160878,740409144,"""base_link""",,-1.0032878071069718e-05,-1.1017966270446782e-05,-2.2409853339195254e-05,"[-1.0, 0.0, 0.0, 0.0, 0.0, 0.0, 0.0, 0.0, 0.0]"
1749516212760113914,,16351,,1749160878,761678192,"""base_link""",,-1.0786164551973343e-05,-1.1919675767421725e-05,-1.6638308763504028e-05,"[-1.0, 0.0, 0.0, 0.0, 0.0, 0.0, 0.0, 0.0, 0.0]"
1749516213005739438,,16352,,1749160878,883967984,"""base_link""",,-1.0842841118574143e-05,-1.3854639232158664e-05,-1.9866667687892913e-05,"[-1.0, 0.0, 0.0, 0.0, 0.0, 0.0, 0.0, 0.0, 0.0]"
1749516213041945950,,16353,,1749160878,899963984,"""base_link""",,-1.6349005699157714e-05,-1.5065149962902072e-05,-1.985504180192947e-05,"[-1.0, 0.0, 0.0, 0.0, 0.0, 0.0, 0.0, 0.0, 0.0]"
1749516213282998103,,16354,,1749160879,22296008,"""base_link""",,-1.4094731211662294e-05,-1.3858640193939212e-05,-2.1105149388313293e-05,"[-1.0, 0.0, 0.0, 0.0, 0.0, 0.0, 0.0, 0.0, 0.0]"
1749516213321647497,,16355,,1749160879,43546008,"""base_link""",,-1.39749675989151e-05,-1.2447622418403628e-05,-1.6208337247371676e-05,"[-1.0, 0.0, 0.0, 0.0, 0.0, 0.0, 0.0, 0.0, 0.0]"
1749516213564769352,,16356,,1749160879,165768056,"""base_link""",,-1.412172019481659e-05,-1.1919558048248293e-05,-2.0268340408802034e-05,"[-1.0, 0.0, 0.0, 0.0, 0.0, 0.0, 0.0, 0.0, 0.0]"
1749516213600528490,,16357,,1749160879,181764056,"""base_link""",,-1.0798254609107971e-05,-1.4167001843452457e-05,-2.2991997003555297e-05,"[-1.0, 0.0, 0.0, 0.0, 0.0, 0.0, 0.0, 0.0, 0.0]"
1749516213844166396,,16358,,1749160879,304022824,"""base_link""",,-1.1219611018896104e-05,-1.1361779272556308e-05,-2.042081356048584e-05,"[-1.0, 0.0, 0.0, 0.0, 0.0, 0.0, 0.0, 0.0, 0.0]"
1749516213882047727,,16359,,1749160879,325381824,"""base_link""",,-1.4026027917861939e-05,-1.1957590281963351e-05,-1.9879963994026186e-05,"[-1.0, 0.0, 0.0, 0.0, 0.0, 0.0, 0.0, 0.0, 0.0]"
1749516214123803718,,16360,,1749160879,442293592,"""base_link""",,-1.2243231385946274e-05,-8.695001900196079e-06,-2.1176262199878693e-05,"[-1.0, 0.0, 0.0, 0.0, 0.0, 0.0, 0.0, 0.0, 0.0]"
1749516214159790443,,16361,,1749160879,463538128,"""base_link""",,-1.009565368294716e-05,-6.928499042987826e-06,-2.299947738647461e-05,"[-1.0, 0.0, 0.0, 0.0, 0.0, 0.0, 0.0, 0.0, 0.0]"
1749516214405308348,,16362,,1749160879,585850408,"""base_link""",,-1.1457281559705735e-05,-9.899189323186878e-06,-2.248757779598236e-05,"[-1.0, 0.0, 0.0, 0.0, 0.0, 0.0, 0.0, 0.0, 0.0]"
1749516214441753045,,16363,,1749160879,601846408,"""base_link""",,-1.6226515173912048e-05,-8.996272832155231e-06,-2.0821437239646913e-05,"[-1.0, 0.0, 0.0, 0.0, 0.0, 0.0, 0.0, 0.0, 0.0]"
1749516214680792887,,16364,,1749160879,724140176,"""base_link""",,-1.1873105168342591e-05,-9.364894032478336e-06,-2.38875612616539e-05,"[-1.0, 0.0, 0.0, 0.0, 0.0, 0.0, 0.0, 0.0, 0.0]"
1749516214722558668,,16365,,1749160879,740128176,"""base_link""",,-1.004052609205246e-05,-7.976754754781727e-06,-2.152550667524338e-05,"[-1.0, 0.0, 0.0, 0.0, 0.0, 0.0, 0.0, 0.0, 0.0]"
1749516214964204743,,16366,,1749160879,862367480,"""base_link""",,-1.1172331124544145e-05,-8.592721074819568e-06,-2.2580036520957947e-05,"[-1.0, 0.0, 0.0, 0.0, 0.0, 0.0, 0.0, 0.0, 0.0]"
1749516215000672649,,16367,,1749160879,883633480,"""base_link""",,-9.777623414993287e-06,-9.008059650659565e-06,-2.505220174789429e-05,"[-1.0, 0.0, 0.0, 0.0, 0.0, 0.0, 0.0, 0.0, 0.0]"
1749516215239615022,,16368,,1749160880,600016,"""base_link""",,-9.22873467206955e-06,-9.57453474402428e-06,-2.2692053020000458e-05,"[-1.0, 0.0, 0.0, 0.0, 0.0, 0.0, 0.0, 0.0, 0.0]"
1749516215283816602,,16369,,1749160880,21890016,"""base_link""",,-8.172410726547241e-06,-9.415961802005771e-06,-2.4162568151950837e-05,"[-1.0, 0.0, 0.0, 0.0, 0.0, 0.0, 0.0, 0.0, 0.0]"
1749516215529898023,,16370,,1749160880,144217296,"""base_link""",,-5.441507324576378e-06,-9.555971622467044e-06,-2.258112281560898e-05,"[-1.0, 0.0, 0.0, 0.0, 0.0, 0.0, 0.0, 0.0, 0.0]"
1749516215563132093,,16371,,1749160880,165439576,"""base_link""",,-7.2889707982540135e-06,-1.1884713172912602e-05,-2.0962829887866974e-05,"[-1.0, 0.0, 0.0, 0.0, 0.0, 0.0, 0.0, 0.0, 0.0]"
1749516215806879269,,16372,,1749160880,282418344,"""base_link""",,-5.82686997950077e-07,-1.1050605773925785e-05,-2.224499583244324e-05,"[-1.0, 0.0, 0.0, 0.0, 0.0, 0.0, 0.0, 0.0, 0.0]"
1749516215844707697,,16373,,1749160880,303699344,"""base_link""",,2.7395082637667658e-06,-1.3202463090419773e-05,-2.1928828954696655e-05,"[-1.0, 0.0, 0.0, 0.0, 0.0, 0.0, 0.0, 0.0, 0.0]"
1749516216079982398,,16374,,1749160880,420737624,"""base_link""",,2.913864888250828e-06,-1.0605529695749286e-05,-2.2912301123142243e-05,"[-1.0, 0.0, 0.0, 0.0, 0.0, 0.0, 0.0, 0.0, 0.0]"
1749516216124532203,,16375,,1749160880,441997624,"""base_link""",,3.0112436041235925e-06,-1.1736635863780979e-05,-2.4443806707859042e-05,"[-1.0, 0.0, 0.0, 0.0, 0.0, 0.0, 0.0, 0.0, 0.0]"
1749516216363966685,,16376,,1749160880,564296208,"""base_link""",,2.105342037975788e-06,-9.428517520427708e-06,-2.2533878684043887e-05,"[-1.0, 0.0, 0.0, 0.0, 0.0, 0.0, 0.0, 0.0, 0.0]"
1749516216408714098,,16377,,1749160880,580164208,"""base_link""",,9.088532999157906e-07,-7.480438053607944e-06,-2.2671180963516236e-05,"[-1.0, 0.0, 0.0, 0.0, 0.0, 0.0, 0.0, 0.0, 0.0]"
1749516216645301419,,16378,,1749160880,702504488,"""base_link""",,2.1014036610722544e-06,-7.725967466831211e-06,-2.2805406153202056e-05,"[-1.0, 0.0, 0.0, 0.0, 0.0, 0.0, 0.0, 0.0, 0.0]"
1749516216679195044,,16379,,1749160880,723763488,"""base_link""",,3.3423744142055513e-06,-8.756341040134434e-06,-2.4357648193836212e-05,"[-1.0, 0.0, 0.0, 0.0, 0.0, 0.0, 0.0, 0.0, 0.0]"
1749516216939310163,,16380,,1749160880,840785768,"""base_link""",,6.489142030477524e-06,-7.219758629798892e-06,-2.3892860114574434e-05,"[-1.0, 0.0, 0.0, 0.0, 0.0, 0.0, 0.0, 0.0, 0.0]"
1749516216965014389,,16381,,1749160880,862049536,"""base_link""",,4.811748117208481e-06,-9.079729020595555e-06,-2.4444352090358735e-05,"[-1.0, 0.0, 0.0, 0.0, 0.0, 0.0, 0.0, 0.0, 0.0]"
1749516217204403470,,16382,,1749160880,984290048,"""base_link""",,7.2354562580585486e-06,-5.531908944249156e-06,-2.3198170959949495e-05,"[-1.0, 0.0, 0.0, 0.0, 0.0, 0.0, 0.0, 0.0, 0.0]"
1749516217244264709,,16383,,1749160881,5643048,"""base_link""",,6.276263296604157e-06,-2.8149571269750622e-06,-2.187006622552872e-05,"[-1.0, 0.0, 0.0, 0.0, 0.0, 0.0, 0.0, 0.0, 0.0]"
1749516217481806481,,16384,,1749160881,122614840,"""base_link""",,9.59399938583374e-06,-3.528586030006412e-06,-2.2825953364372255e-05,"[-1.0, 0.0, 0.0, 0.0, 0.0, 0.0, 0.0, 0.0, 0.0]"
1749516217536553231,,16385,,1749160881,143848840,"""base_link""",,1.0926158726215363e-05,-7.367339916527299e-07,-2.2583383321762085e-05,"[-1.0, 0.0, 0.0, 0.0, 0.0, 0.0, 0.0, 0.0, 0.0]"
1749516217765203030,,16386,,1749160881,266127376,"""base_link""",,1.1874276399612428e-05,8.17614980041978e-07,-2.265312522649765e-05,"[-1.0, 0.0, 0.0, 0.0, 0.0, 0.0, 0.0, 0.0, 0.0]"
1749516217807367099,,16387,,1749160881,287368376,"""base_link""",,1.4667420089244844e-05,1.913339644670483e-06,-2.7749013900756836e-05,"[-1.0, 0.0, 0.0, 0.0, 0.0, 0.0, 0.0, 0.0, 0.0]"
1749516218044879959,,16388,,1749160881,404389888,"""base_link""",,1.4101332426071168e-05,4.84751872718334e-06,-2.1273063123226167e-05,"[-1.0, 0.0, 0.0, 0.0, 0.0, 0.0, 0.0, 0.0, 0.0]"
1749516218086812540,,16389,,1749160881,425610888,"""base_link""",,1.9613440334796905e-05,4.8890925943851446e-06,-2.2223937511444094e-05,"[-1.0, 0.0, 0.0, 0.0, 0.0, 0.0, 0.0, 0.0, 0.0]"
1749516218323666285,,16390,,1749160881,542595656,"""base_link""",,1.6490894556045534e-05,8.284245431423185e-06,-2.111918926239014e-05,"[-1.0, 0.0, 0.0, 0.0, 0.0, 0.0, 0.0, 0.0, 0.0]"
1749516218362322859,,16391,,1749160881,563923168,"""base_link""",,1.577361077070236e-05,1.1824437975883483e-05,-1.8389783799648286e-05,"[-1.0, 0.0, 0.0, 0.0, 0.0, 0.0, 0.0, 0.0, 0.0]"
1749516218603897451,,16392,,1749160881,686213912,"""base_link""",,1.5488803386688235e-05,9.356814622879025e-06,-2.0990759134292605e-05,"[-1.0, 0.0, 0.0, 0.0, 0.0, 0.0, 0.0, 0.0, 0.0]"
1749516218643629354,,16393,,1749160881,702138912,"""base_link""",,2.037048786878586e-05,1.27090647816658e-05,-2.0461431145668032e-05,"[-1.0, 0.0, 0.0, 0.0, 0.0, 0.0, 0.0, 0.0, 0.0]"
1749516218883580784,,16394,,1749160881,824445192,"""base_link""",,1.4203302562236786e-05,1.2345220148563383e-05,-2.0252542197704315e-05,"[-1.0, 0.0, 0.0, 0.0, 0.0, 0.0, 0.0, 0.0, 0.0]"
1749516218927004257,,16395,,1749160881,840388192,"""base_link""",,1.33059099316597e-05,1.7097447812557217e-05,-2.011041641235352e-05,"[-1.0, 0.0, 0.0, 0.0, 0.0, 0.0, 0.0, 0.0, 0.0]"
1749516219164862644,,16396,,1749160881,962709496,"""base_link""",,1.0747571289539337e-05,1.3332597911357878e-05,-2.0641961693763735e-05,"[-1.0, 0.0, 0.0, 0.0, 0.0, 0.0, 0.0, 0.0, 0.0]"
1749516219200901137,,16397,,1749160881,983995496,"""base_link""",,8.980683982372284e-06,1.0373377054929731e-05,-2.4051329493522646e-05,"[-1.0, 0.0, 0.0, 0.0, 0.0, 0.0, 0.0, 0.0, 0.0]"
1749516219440490680,,16398,,1749160882,100988264,"""base_link""",,9.99869704246521e-06,1.360688805580139e-05,-2.1585439145565033e-05,"[-1.0, 0.0, 0.0, 0.0, 0.0, 0.0, 0.0, 0.0, 0.0]"
1749516219480450737,,16399,,1749160882,122234264,"""base_link""",,6.6401921212673194e-06,1.349469870328903e-05,-2.264726608991623e-05,"[-1.0, 0.0, 0.0, 0.0, 0.0, 0.0, 0.0, 0.0, 0.0]"
1749516219722328354,,16400,,1749160882,239199032,"""base_link""",,9.663508832454682e-06,1.7699091136455534e-05,-1.7644271254539493e-05,"[-1.0, 0.0, 0.0, 0.0, 0.0, 0.0, 0.0, 0.0, 0.0]"
1749516219763819731,,16401,,1749160882,265803568,"""base_link""",,1.2509840726852417e-05,1.5560860931873318e-05,-1.9162684679031377e-05,"[-1.0, 0.0, 0.0, 0.0, 0.0, 0.0, 0.0, 0.0, 0.0]"
1749516220009527525,,16402,,1749160882,382802592,"""base_link""",,9.334346652030945e-06,1.4494463801383969e-05,-2.0905743539333348e-05,"[-1.0, 0.0, 0.0, 0.0, 0.0, 0.0, 0.0, 0.0, 0.0]"
1749516220041448873,,16403,,1749160882,404056592,"""base_link""",,8.972879499197007e-06,1.3416934013366698e-05,-2.074931561946869e-05,"[-1.0, 0.0, 0.0, 0.0, 0.0, 0.0, 0.0, 0.0, 0.0]"
1749516220281034095,,16404,,1749160882,520974592,"""base_link""",,7.384859770536423e-06,1.547308266162872e-05,-1.9515237212181096e-05,"[-1.0, 0.0, 0.0, 0.0, 0.0, 0.0, 0.0, 0.0, 0.0]"
1749516220324734895,,16405,,1749160882,542301592,"""base_link""",,5.2479982376098636e-06,1.4923472702503201e-05,-2.147915363311768e-05,"[-1.0, 0.0, 0.0, 0.0, 0.0, 0.0, 0.0, 0.0, 0.0]"
1749516220560504769,,16406,,1749160882,664622384,"""base_link""",,6.244374811649323e-06,1.6637633740901943e-05,-2.132857143878937e-05,"[-1.0, 0.0, 0.0, 0.0, 0.0, 0.0, 0.0, 0.0, 0.0]"
1749516220610528104,,16407,,1749160882,680526384,"""base_link""",,6.092000007629395e-06,1.409288942813873e-05,-2.2804544866085058e-05,"[-1.0, 0.0, 0.0, 0.0, 0.0, 0.0, 0.0, 0.0, 0.0]"
1749516220842461584,,16408,,1749160882,802809896,"""base_link""",,1.0200956463813782e-05,1.754427999258041e-05,-2.165959477424622e-05,"[-1.0, 0.0, 0.0, 0.0, 0.0, 0.0, 0.0, 0.0, 0.0]"
1749516220885955078,,16409,,1749160882,824068896,"""base_link""",,8.108009397983552e-06,1.9033893942832945e-05,-1.9788005948066717e-05,"[-1.0, 0.0, 0.0, 0.0, 0.0, 0.0, 0.0, 0.0, 0.0]"
1749516221117424967,,16410,,1749160882,941066688,"""base_link""",,1.0423696041107179e-05,2.0910918712615963e-05,-2.2321014106273656e-05,"[-1.0, 0.0, 0.0, 0.0, 0.0, 0.0, 0.0, 0.0, 0.0]"
1749516221161567003,,16411,,1749160882,962308712,"""base_link""",,1.0131710767745971e-05,1.7327985167503354e-05,-2.1231290698051457e-05,"[-1.0, 0.0, 0.0, 0.0, 0.0, 0.0, 0.0, 0.0, 0.0]"
1749516221405178709,,16412,,1749160883,84653712,"""base_link""",,4.396510124206543e-06,1.8855917453765867e-05,-2.3096305131912237e-05,"[-1.0, 0.0, 0.0, 0.0, 0.0, 0.0, 0.0, 0.0, 0.0]"
1749516221440898257,,16413,,1749160883,100591712,"""base_link""",,4.175421595573426e-06,1.8033741414546963e-05,-2.4389088153839117e-05,"[-1.0, 0.0, 0.0, 0.0, 0.0, 0.0, 0.0, 0.0, 0.0]"
1749516221684679208,,16414,,1749160883,222867736,"""base_link""",,1.828592084348202e-06,1.864439398050308e-05,-2.2924074530601505e-05,"[-1.0, 0.0, 0.0, 0.0, 0.0, 0.0, 0.0, 0.0, 0.0]"
1749516221723357899,,16415,,1749160883,244193736,"""base_link""",,7.347078993916512e-07,1.7633472383022305e-05,-2.382951676845551e-05,"[-1.0, 0.0, 0.0, 0.0, 0.0, 0.0, 0.0, 0.0, 0.0]"
1749516221962185134,,16416,,1749160883,361140272,"""base_link""",,4.255887866020203e-06,2.1108257770538328e-05,-2.2852745652198797e-05,"[-1.0, 0.0, 0.0, 0.0, 0.0, 0.0, 0.0, 0.0, 0.0]"
1749516222007004970,,16417,,1749160883,382412272,"""base_link""",,-8.523968979716302e-07,1.9443003833293912e-05,-2.2955971956253057e-05,"[-1.0, 0.0, 0.0, 0.0, 0.0, 0.0, 0.0, 0.0, 0.0]"
1749516222239663924,,16418,,1749160883,504670064,"""base_link""",,1.726667769253254e-06,2.0268017053604124e-05,-2.3700147867202762e-05,"[-1.0, 0.0, 0.0, 0.0, 0.0, 0.0, 0.0, 0.0, 0.0]"
1749516222281685197,,16419,,1749160883,520665064,"""base_link""",,1.0803429409861566e-06,1.9616170227527617e-05,-2.2646820545196537e-05,"[-1.0, 0.0, 0.0, 0.0, 0.0, 0.0, 0.0, 0.0, 0.0]"
1749516222521605646,,16420,,1749160883,643026600,"""base_link""",,-3.9417948573827745e-07,2.1804821491241453e-05,-2.358711808919907e-05,"[-1.0, 0.0, 0.0, 0.0, 0.0, 0.0, 0.0, 0.0, 0.0]"
1749516222561173424,,16421,,1749160883,664200136,"""base_link""",,2.6009907945990564e-06,2.1618057787418363e-05,-2.6158872246742254e-05,"[-1.0, 0.0, 0.0, 0.0, 0.0, 0.0, 0.0, 0.0, 0.0]"
1749516222814305081,,16422,,1749160883,781178648,"""base_link""",,4.501384496688843e-06,1.9690816104412076e-05,-2.3922190070152287e-05,"[-1.0, 0.0, 0.0, 0.0, 0.0, 0.0, 0.0, 0.0, 0.0]"
1749516222842872378,,16423,,1749160883,802523648,"""base_link""",,3.235367685556412e-06,1.804494708776474e-05,-2.6490879058837897e-05,"[-1.0, 0.0, 0.0, 0.0, 0.0, 0.0, 0.0, 0.0, 0.0]"
1749516223084350372,,16424,,1749160883,924771416,"""base_link""",,4.8874069005250936e-06,2.024262398481369e-05,-2.458710372447968e-05,"[-1.0, 0.0, 0.0, 0.0, 0.0, 0.0, 0.0, 0.0, 0.0]"
1749516223126919141,,16425,,1749160883,940722416,"""base_link""",,4.161080345511437e-06,2.4214617908000942e-05,-2.5331526994705204e-05,"[-1.0, 0.0, 0.0, 0.0, 0.0, 0.0, 0.0, 0.0, 0.0]"
1749516223358116463,,16426,,1749160884,62981488,"""base_link""",,2.907579764723778e-06,2.0783051848411558e-05,-2.0412135124206546e-05,"[-1.0, 0.0, 0.0, 0.0, 0.0, 0.0, 0.0, 0.0, 0.0]"
1749516223402529434,,16427,,1749160884,84309488,"""base_link""",,1.0187189280986786e-05,2.274045646190643e-05,-2.3507767915725712e-05,"[-1.0, 0.0, 0.0, 0.0, 0.0, 0.0, 0.0, 0.0, 0.0]"
1749516223641413601,,16428,,1749160884,201284488,"""base_link""",,7.389333844184876e-06,2.0343844592571257e-05,-2.164606153964997e-05,"[-1.0, 0.0, 0.0, 0.0, 0.0, 0.0, 0.0, 0.0, 0.0]"
1749516223679498654,,16429,,1749160884,222603488,"""base_link""",,6.883475184440613e-06,2.1850933134555813e-05,-2.3082605004310614e-05,"[-1.0, 0.0, 0.0, 0.0, 0.0, 0.0, 0.0, 0.0, 0.0]"
1749516223927248911,,16430,,1749160884,344865000,"""base_link""",,8.625727891921997e-06,1.7613880336284636e-05,-2.2116900980472568e-05,"[-1.0, 0.0, 0.0, 0.0, 0.0, 0.0, 0.0, 0.0, 0.0]"
1749516223958947711,,16431,,1749160884,360808256,"""base_link""",,1.0983365774154664e-05,1.9318775832653042e-05,-2.4882054328918463e-05,"[-1.0, 0.0, 0.0, 0.0, 0.0, 0.0, 0.0, 0.0, 0.0]"
1749516224204621094,,16432,,1749160884,483081280,"""base_link""",,1.149689331650734e-05,1.674128770828247e-05,-2.3141478002071384e-05,"[-1.0, 0.0, 0.0, 0.0, 0.0, 0.0, 0.0, 0.0, 0.0]"
1749516224242447092,,16433,,1749160884,504339280,"""base_link""",,1.285034716129303e-05,1.1837823688983914e-05,-2.680017948150635e-05,"[-1.0, 0.0, 0.0, 0.0, 0.0, 0.0, 0.0, 0.0, 0.0]"
1749516224481368209,,16434,,1749160884,621351792,"""base_link""",,9.441830962896348e-06,9.21206548810005e-06,-2.493128925561905e-05,"[-1.0, 0.0, 0.0, 0.0, 0.0, 0.0, 0.0, 0.0, 0.0]"
1749516224520168486,,16435,,1749160884,642577792,"""base_link""",,1.1471457034349442e-05,4.8814874142408336e-06,-2.6928824186325074e-05,"[-1.0, 0.0, 0.0, 0.0, 0.0, 0.0, 0.0, 0.0, 0.0]"
1749516224763632324,,16436,,1749160884,764896608,"""base_link""",,9.428226947784425e-06,1.2054822407662833e-06,-2.9047089815139773e-05,"[-1.0, 0.0, 0.0, 0.0, 0.0, 0.0, 0.0, 0.0, 0.0]"
1749516224805320742,,16437,,1749160884,786164608,"""base_link""",,5.304213613271714e-06,-4.417086392641071e-06,-2.8065612912178042e-05,"[-1.0, 0.0, 0.0, 0.0, 0.0, 0.0, 0.0, 0.0, 0.0]"
1749516225039287290,,16438,,1749160884,903156376,"""base_link""",,1.203071177005768e-05,-9.090436995029453e-06,-3.097670078277588e-05,"[-1.0, 0.0, 0.0, 0.0, 0.0, 0.0, 0.0, 0.0, 0.0]"
1749516225081189212,,16439,,1749160884,924416376,"""base_link""",,1.2280355393886567e-05,-9.706035256385806e-06,-3.078131675720215e-05,"[-1.0, 0.0, 0.0, 0.0, 0.0, 0.0, 0.0, 0.0, 0.0]"
1749516225333091387,,16440,,1749160885,46710656,"""base_link""",,9.148436784744262e-06,-1.1776274442672734e-05,-3.171064257621765e-05,"[-1.0, 0.0, 0.0, 0.0, 0.0, 0.0, 0.0, 0.0, 0.0]"
1749516225364993825,,16441,,1749160885,62658680,"""base_link""",,6.901958584785462e-06,-1.2235628068447116e-05,-2.9884472489356997e-05,"[-1.0, 0.0, 0.0, 0.0, 0.0, 0.0, 0.0, 0.0, 0.0]"
1749516225604260206,,16442,,1749160885,184914960,"""base_link""",,3.88336218893528e-06,-1.5532758831977848e-05,-3.136858344078064e-05,"[-1.0, 0.0, 0.0, 0.0, 0.0, 0.0, 0.0, 0.0, 0.0]"
1749516225642188307,,16443,,1749160885,200951960,"""base_link""",,1.7791736871004105e-06,-1.7482396960258487e-05,-3.229606151580811e-05,"[-1.0, 0.0, 0.0, 0.0, 0.0, 0.0, 0.0, 0.0, 0.0]"
1749516225882447351,,16444,,1749160885,323225240,"""base_link""",,-9.438365697860718e-07,-1.8491278588771826e-05,-3.135185241699219e-05,"[-1.0, 0.0, 0.0, 0.0, 0.0, 0.0, 0.0, 0.0, 0.0]"
1749516225919870451,,16445,,1749160885,344490240,"""base_link""",,-3.5715855658054355e-06,-1.9680950045585636e-05,-3.381575644016266e-05,"[-1.0, 0.0, 0.0, 0.0, 0.0, 0.0, 0.0, 0.0, 0.0]"
1749516226163343943,,16446,,1749160885,461480496,"""base_link""",,-3.907950967550278e-06,-2.1203438937664038e-05,-3.153595328330994e-05,"[-1.0, 0.0, 0.0, 0.0, 0.0, 0.0, 0.0, 0.0, 0.0]"
1749516226216177512,,16447,,1749160885,482709496,"""base_link""",,-7.143184542655945e-06,-2.2509634494781498e-05,-3.302069902420044e-05,"[-1.0, 0.0, 0.0, 0.0, 0.0, 0.0, 0.0, 0.0, 0.0]"
1749516226444921517,,16448,,1749160885,604996776,"""base_link""",,-7.33756497502327e-06,-1.6762506961822514e-05,-3.4065186977386475e-05,"[-1.0, 0.0, 0.0, 0.0, 0.0, 0.0, 0.0, 0.0, 0.0]"
1749516226485919420,,16449,,1749160885,620992776,"""base_link""",,-1.1779706180095672e-05,-1.1876904964447025e-05,-3.410812616348267e-05,"[-1.0, 0.0, 0.0, 0.0, 0.0, 0.0, 0.0, 0.0, 0.0]"
1749516226725541370,,16450,,1749160885,743314800,"""base_link""",,-1.3530007004737855e-05,-1.4275658130645757e-05,-3.4382808208465577e-05,"[-1.0, 0.0, 0.0, 0.0, 0.0, 0.0, 0.0, 0.0, 0.0]"
1749516226762184084,,16451,,1749160885,764586776,"""base_link""",,-1.4127157628536224e-05,-1.4715290069580084e-05,-3.4708538651466374e-05,"[-1.0, 0.0, 0.0, 0.0, 0.0, 0.0, 0.0, 0.0, 0.0]"
1749516227020109324,,16452,,1749160885,881551568,"""base_link""",,-1.9476726651191714e-05,-9.271281212568287e-06,-3.330655992031098e-05,"[-1.0, 0.0, 0.0, 0.0, 0.0, 0.0, 0.0, 0.0, 0.0]"
1749516227039861850,,16453,,1749160885,902783568,"""base_link""",,-2.062121629714966e-05,-1.0822620987892155e-05,-3.432749807834625e-05,"[-1.0, 0.0, 0.0, 0.0, 0.0, 0.0, 0.0, 0.0, 0.0]"
1749516227283184402,,16454,,1749160886,25097360,"""base_link""",,-2.0975542068481446e-05,-4.894030839204793e-06,-3.2709604501724246e-05,"[-1.0, 0.0, 0.0, 0.0, 0.0, 0.0, 0.0, 0.0, 0.0]"
1749516227326515738,,16455,,1749160886,46332360,"""base_link""",,-2.3746739327907563e-05,-1.21043892577291e-06,-3.8003715872764586e-05,"[-1.0, 0.0, 0.0, 0.0, 0.0, 0.0, 0.0, 0.0, 0.0]"
1749516227562911546,,16456,,1749160886,163360664,"""base_link""",,-1.9580690562725068e-05,-1.7455179244279904e-06,-3.4192398190498356e-05,"[-1.0, 0.0, 0.0, 0.0, 0.0, 0.0, 0.0, 0.0, 0.0]"
1749516227607186218,,16457,,1749160886,184657664,"""base_link""",,-2.8591942787170413e-05,3.2107308506965297e-07,-2.788447439670563e-05,"[-1.0, 0.0, 0.0, 0.0, 0.0, 0.0, 0.0, 0.0, 0.0]"
1749516227840535683,,16458,,1749160886,301594432,"""base_link""",,-1.746678948402405e-05,4.404095187783237e-06,-3.4943094849586485e-05,"[-1.0, 0.0, 0.0, 0.0, 0.0, 0.0, 0.0, 0.0, 0.0]"
1749516227882236441,,16459,,1749160886,322843432,"""base_link""",,-1.8557463586330414e-05,5.518340319395062e-06,-3.211447298526764e-05,"[-1.0, 0.0, 0.0, 0.0, 0.0, 0.0, 0.0, 0.0, 0.0]"
1749516228120188001,,16460,,1749160886,439882504,"""base_link""",,-2.188884913921356e-05,5.118338018655773e-06,-3.6115440726280214e-05,"[-1.0, 0.0, 0.0, 0.0, 0.0, 0.0, 0.0, 0.0, 0.0]"
1749516228165930482,,16461,,1749160886,466464272,"""base_link""",,-2.4108579754829407e-05,4.136443138122555e-06,-3.6184555292129516e-05,"[-1.0, 0.0, 0.0, 0.0, 0.0, 0.0, 0.0, 0.0, 0.0]"
1749516228402675068,,16462,,1749160886,583409064,"""base_link""",,-2.30998232960701e-05,4.105510562658306e-06,-3.7833246588706975e-05,"[-1.0, 0.0, 0.0, 0.0, 0.0, 0.0, 0.0, 0.0, 0.0]"
1749516228443961520,,16463,,1749160886,604670064,"""base_link""",,-2.6402202248573306e-05,4.390743374824519e-06,-4.1653016209602355e-05,"[-1.0, 0.0, 0.0, 0.0, 0.0, 0.0, 0.0, 0.0, 0.0]"
1749516228685043560,,16464,,1749160886,721666344,"""base_link""",,-2.4211688339710235e-05,4.9477260559797235e-06,-4.2132872343063354e-05,"[-1.0, 0.0, 0.0, 0.0, 0.0, 0.0, 0.0, 0.0, 0.0]"
1749516228727825755,,16465,,1749160886,742915344,"""base_link""",,-2.1249665319919586e-05,6.302378326654428e-06,-5.0166708230972295e-05,"[-1.0, 0.0, 0.0, 0.0, 0.0, 0.0, 0.0, 0.0, 0.0]"
1749516228964712263,,16466,,1749160886,865240648,"""base_link""",,-1.4718355238437653e-05,1.1088269948959344e-05,-5.051103234291077e-05,"[-1.0, 0.0, 0.0, 0.0, 0.0, 0.0, 0.0, 0.0, 0.0]"
1749516229004901155,,16467,,1749160886,886516648,"""base_link""",,-1.3511176407337189e-05,1.870856881141662e-05,-5.524768233299256e-05,"[-1.0, 0.0, 0.0, 0.0, 0.0, 0.0, 0.0, 0.0, 0.0]"
1749516229242116540,,16468,,1749160887,3466416,"""base_link""",,-8.347786217927933e-06,1.577679812908172e-05,-6.32615327835083e-05,"[-1.0, 0.0, 0.0, 0.0, 0.0, 0.0, 0.0, 0.0, 0.0]"
1749516229285959809,,16469,,1749160887,24742416,"""base_link""",,-6.657859683036804e-06,1.597276479005813e-05,-5.855801105499268e-05,"[-1.0, 0.0, 0.0, 0.0, 0.0, 0.0, 0.0, 0.0, 0.0]"
1749516229521831000,,16470,,1749160887,141715696,"""base_link""",,-1.1418680101633073e-05,2.0732104778289788e-05,-6.134133338928223e-05,"[-1.0, 0.0, 0.0, 0.0, 0.0, 0.0, 0.0, 0.0, 0.0]"
1749516229559596231,,16471,,1749160887,162995744,"""base_link""",,-1.641640365123749e-05,1.934607177972793e-05,-6.102108359336853e-05,"[-1.0, 0.0, 0.0, 0.0, 0.0, 0.0, 0.0, 0.0, 0.0]"
1749516229805613149,,16472,,1749160887,279941536,"""base_link""",,-2.3517395555973056e-05,1.7441658675670618e-05,-5.5543273687362676e-05,"[-1.0, 0.0, 0.0, 0.0, 0.0, 0.0, 0.0, 0.0, 0.0]"
1749516229843271608,,16473,,1749160887,301270536,"""base_link""",,-2.7325865626335145e-05,1.8956136703491205e-05,-6.0425966978073126e-05,"[-1.0, 0.0, 0.0, 0.0, 0.0, 0.0, 0.0, 0.0, 0.0]"
1749516230086520398,,16474,,1749160887,423549768,"""base_link""",,-2.9184678196907044e-05,2.060978710651397e-05,-5.268896222114563e-05,"[-1.0, 0.0, 0.0, 0.0, 0.0, 0.0, 0.0, 0.0, 0.0]"
1749516230124720112,,16475,,1749160887,444808768,"""base_link""",,-2.8974196314811708e-05,1.7775279283523552e-05,-5.017338395118714e-05,"[-1.0, 0.0, 0.0, 0.0, 0.0, 0.0, 0.0, 0.0, 0.0]"
1749516230364285849,,16476,,1749160887,561778560,"""base_link""",,-2.7849397063255312e-05,2.206678837537765e-05,-5.651578903198243e-05,"[-1.0, 0.0, 0.0, 0.0, 0.0, 0.0, 0.0, 0.0, 0.0]"
1749516230405404620,,16477,,1749160887,583012560,"""base_link""",,-2.6678085327148438e-05,2.3659665882587427e-05,-5.593543648719788e-05,"[-1.0, 0.0, 0.0, 0.0, 0.0, 0.0, 0.0, 0.0, 0.0]"
1749516230639844584,,16478,,1749160887,700030608,"""base_link""",,-2.9627737402915957e-05,2.3554937541484827e-05,-5.7167524099349975e-05,"[-1.0, 0.0, 0.0, 0.0, 0.0, 0.0, 0.0, 0.0, 0.0]"
1749516230683811211,,16479,,1749160887,726661608,"""base_link""",,-2.5849038362503054e-05,2.001590281724929e-05,-5.68227767944336e-05,"[-1.0, 0.0, 0.0, 0.0, 0.0, 0.0, 0.0, 0.0, 0.0]"
1749516230919490293,,16480,,1749160887,843643144,"""base_link""",,-2.914392650127411e-05,2.2336009144783015e-05,-5.47762393951416e-05,"[-1.0, 0.0, 0.0, 0.0, 0.0, 0.0, 0.0, 0.0, 0.0]"
1749516230963308571,,16481,,1749160887,864877912,"""base_link""",,-2.8403383493423465e-05,2.141772806644439e-05,-5.7950371503829956e-05,"[-1.0, 0.0, 0.0, 0.0, 0.0, 0.0, 0.0, 0.0, 0.0]"
