rosbagTimestamp,header,seq,stamp,secs,nsecs,frame_id,speed,speed2d,direction,northsouth,westeast,updown,temperature,pitch,roll,pressure,humidity,heading,levelx,levely,levelz
1749516171201980051,,11996,,1749160857,986830472,'',1.350000023841858,0.0,344.0,0.317874550819397,1.3085376024246216,0.07927808910608292,21.190000534057617,11.6,3.6,858.2899780273438,41.41999816894531,68.0,nan,0.0,0.0
1749516171408001377,,11997,,1749160858,89928150,'',1.350000023841858,0.0,345.0,0.41467952728271484,1.4962483644485474,0.017838971689343452,21.239999771118164,12.2,-7.4,858.2999877929688,41.27000045776367,54.0,nan,0.0,0.0
1749516171587837516,,11998,,1749160858,179842472,'',1.2699999809265137,0.0,351.0,0.4943370521068573,1.1742182970046997,-0.06665085256099701,21.239999771118164,12.2,-7.4,858.2999877929688,41.27000045776367,54.0,nan,0.0,0.0
1749516171599378560,,11999,,1749160858,185731172,'',1.2699999809265137,0.0,351.0,0.4943370521068573,1.1742182970046997,-0.06665085256099701,21.170000076293945,-9.8,-4.6,858.3200073242188,41.369998931884766,26.0,nan,0.0,0.0
1749516171803924262,,12000,,1749160858,287855863,'',1.25,0.0,342.0,0.3347648084163666,1.2004151344299316,-0.04563695937395096,21.239999771118164,-0.9,12.7,858.2999877929688,41.29999923706055,56.0,nan,0.0,0.0
1749516171983139371,,12001,,1749160858,377501010,'',1.350000023841858,0.0,350.0,0.3809784948825836,1.190292239189148,0.021567773073911667,21.239999771118164,-0.9,12.7,858.2999877929688,41.29999923706055,56.0,nan,0.0,0.0
1749516172010033557,,12002,,1749160858,390967369,'',1.350000023841858,0.0,350.0,0.5951487421989441,1.210179328918457,0.016312558203935623,21.260000228881836,16.3,14.2,858.2899780273438,41.13999938964844,81.0,nan,0.0,0.0
1749516172189620520,,12003,,1749160858,480683326,'',1.5299999713897705,0.0,347.0,0.6026063561439514,1.408443808555603,0.05339967459440231,21.200000762939453,16.3,14.2,858.2899780273438,41.13999938964844,81.0,nan,0.0,0.0
1749516172201551991,,12004,,1749160858,486594676,'',1.5299999713897705,0.0,347.0,0.6026063561439514,1.408443808555603,0.05339967459440231,21.200000762939453,3.0,-9.3,858.2999877929688,41.27000045776367,29.0,nan,0.0,0.0
1749516172405943096,,12005,,1749160858,588808298,'',1.5299999713897705,0.0,351.0,-0.9063612222671509,0.8907434940338135,0.9769556522369385,21.1200008392334,16.5,-0.7,858.2899780273438,41.5099983215332,80.0,nan,0.0,0.0
1749516172584825755,,12006,,1749160858,678440809,'',1.440000057220459,0.0,358.0,-1.4288160800933838,-0.6936866044998169,0.11391422152519226,21.1200008392334,16.5,-0.7,858.2899780273438,41.5099983215332,80.0,nan,0.0,0.0
1749516172609576510,,12007,,1749160858,690751314,'',1.440000057220459,0.0,358.0,-1.4263032674789429,-0.6968657970428467,0.11250688880681992,21.200000762939453,-6.1,-15.3,858.2999877929688,41.279998779296875,6.0,nan,0.0,0.0
1749516172789645529,,12008,,1749160858,780652523,'',1.559999942779541,0.0,354.0,-1.5318846702575684,-0.05686192214488983,0.30065974593162537,21.0,-6.1,-15.3,858.2999877929688,41.279998779296875,6.0,nan,0.0,0.0
1749516172801064270,,12009,,1749160858,786498785,'',1.559999942779541,0.0,354.0,-1.5294184684753418,-0.054393619298934937,0.3105011582374573,21.0,3.5,10.0,858.2999877929688,41.5099983215332,59.0,nan,0.0,0.0
1749516173007357174,,12010,,1749160858,889689207,'',1.559999942779541,0.0,350.0,0.8254138827323914,1.2217457294464111,0.1776144653558731,21.18000030517578,4.4,1.1,858.2999877929688,41.29999923706055,52.0,nan,0.0,0.0
1749516173187386350,,12011,,1749160858,979548692,'',1.5099999904632568,0.0,343.0,0.6686965823173523,1.358309030532837,0.1925305724143982,21.18000030517578,4.4,1.1,858.2999877929688,41.29999923706055,52.0,nan,0.0,0.0
1749516173213579943,,12012,,1749160858,992552518,'',1.5099999904632568,0.0,343.0,0.6650278568267822,1.3597724437713623,0.19692808389663696,21.170000076293945,17.6,2.6,858.2999877929688,41.400001525878906,85.0,nan,0.0,0.0
1749516173403707983,,12013,,1749160859,87698698,'',1.4800000190734863,0.0,346.0,0.7819756865501404,1.2378877401351929,0.19874536991119385,21.06999969482422,-1.6,1.9,858.2899780273438,41.650001525878906,42.0,nan,0.0,0.0
1749516173583331752,,12014,,1749160859,177485227,'',1.159999966621399,0.0,35.0,0.8353663086891174,1.2124844789505005,0.10594264417886734,21.06999969482422,-1.6,1.9,858.2899780273438,41.650001525878906,42.0,nan,0.0,0.0
1749516173609763403,,12015,,1749160859,190842151,'',1.159999966621399,0.0,35.0,0.7983778119087219,0.8319485187530518,0.06054915487766266,21.110000610351562,14.8,5.6,858.2999877929688,41.529998779296875,78.0,nan,0.0,0.0
1749516173789380705,,12016,,1749160859,280530691,'',1.6200000047683716,0.0,350.0,1.0351628065109253,1.2532854080200195,0.10242866724729538,21.0,14.8,5.6,858.2999877929688,41.529998779296875,78.0,nan,0.0,0.0
1749516173800863507,,12017,,1749160859,286454200,'',1.6200000047683716,0.0,350.0,1.0351628065109253,1.2532854080200195,0.10242866724729538,21.0,6.0,6.7,858.3099975585938,41.86000061035156,61.0,nan,0.0,0.0
1749516174005422449,,12018,,1749160859,388636589,'',1.6200000047683716,0.0,353.0,0.9372745752334595,0.9387145042419434,0.13182586431503296,21.229999542236328,6.1,10.5,858.2999877929688,41.310001373291016,64.0,nan,0.0,0.0
1749516174185358366,,12019,,1749160859,478424549,'',1.059999942779541,0.0,357.0,1.03646719455719,0.8114608526229858,0.13498936593532562,21.229999542236328,6.1,10.5,858.2999877929688,41.310001373291016,64.0,nan,0.0,0.0
1749516174209137070,,12020,,1749160859,490497827,'',1.059999942779541,0.0,357.0,0.821039617061615,0.649256706237793,0.10876151919364929,21.200000762939453,2.0,-3.9,858.2999877929688,41.40999984741211,38.0,nan,0.0,0.0
1749516174389185431,,12021,,1749160859,580505371,'',1.159999966621399,0.0,5.0,1.05459725856781,0.49046769738197327,0.060600265860557556,2.0,2.0,-3.9,858.2999877929688,41.40999984741211,38.0,nan,0.0,0.0
1749516174400877791,,12022,,1749160859,586436748,'',1.159999966621399,0.0,5.0,1.0555763244628906,0.4886484444141388,0.05657075345516205,2.0,15.6,-6.6,858.280029296875,41.18000030517578,75.0,nan,0.0,0.0
1749516174607366087,,12023,,1749160859,689550399,'',1.159999966621399,0.0,4.0,1.4591680765151978,0.6206230521202087,0.1150403842329979,21.389999389648438,15.4,6.4,858.2899780273438,40.86000061035156,80.0,nan,0.0,0.0
1749516174787607699,,12024,,1749160859,779511451,'',1.2100000381469727,0.0,1.0,1.1180113554000854,0.4696829319000244,0.08500120788812637,21.389999389648438,15.4,6.4,858.2899780273438,40.86000061035156,80.0,nan,0.0,0.0
1749516174812929865,,12025,,1749160859,792370319,'',1.2100000381469727,0.0,1.0,1.129464864730835,0.44140028953552246,0.10047109425067902,21.40999984741211,2.8,6.2,858.280029296875,40.7599983215332,54.0,nan,0.0,0.0
1749516175003605553,,12026,,1749160859,887757539,'',1.1299999952316284,0.0,4.0,1.0942268371582031,0.2674983739852905,0.10911960899829865,21.56999969482422,4.5,6.7,858.2899780273438,40.380001068115234,58.0,nan,0.0,0.0
1749516175182564122,,12027,,1749160859,977249383,'',1.090000033378601,0.0,4.0,1.1144822835922241,0.1497296541929245,0.16831815242767334,21.56999969482422,4.5,6.7,858.2899780273438,40.380001068115234,58.0,nan,0.0,0.0
1749516175209204009,,12028,,1749160859,990486621,'',1.090000033378601,0.0,4.0,1.089747428894043,-0.003952492959797382,0.13093692064285278,21.530000686645508,15.7,7.9,858.2899780273438,40.5099983215332,81.0,nan,0.0,0.0
1749516175389209809,,12029,,1749160860,80404758,'',1.1799999475479126,0.0,5.0,1.1725528240203857,-0.09248556941747665,0.1653195321559906,2.0,15.7,7.9,858.2899780273438,40.5099983215332,81.0,nan,0.0,0.0
1749516175401208118,,12030,,1749160860,86401224,'',1.1799999475479126,0.0,5.0,1.1725528240203857,-0.09248556941747665,0.1653195321559906,2.0,5.9,-12.7,858.2999877929688,40.869998931884766,13.0,nan,0.0,0.0
1749516175603141352,,12031,,1749160860,187486886,'',1.5299999713897705,0.0,0.0,1.52035391330719,-0.11216883361339569,0.1301622986793518,21.34000015258789,20.8,1.4,858.280029296875,40.939998626708984,96.0,nan,0.0,0.0
1749516175782566898,,12032,,1749160860,277196645,'',1.5,0.0,0.0,1.50298011302948,-0.28314369916915894,0.043365877121686935,21.34000015258789,20.8,1.4,858.280029296875,40.939998626708984,96.0,nan,0.0,0.0
1749516175809110325,,12033,,1749160860,290456295,'',1.5,0.0,0.0,1.4386780261993408,-0.4132806956768036,0.03417537733912468,21.31999969482422,-14.9,19.9,858.2899780273438,40.939998626708984,48.0,nan,0.0,0.0
1749516175988958296,,12034,,1749160860,380412101,'',1.2799999713897705,0.0,10.0,1.221562147140503,-0.37970590591430664,-0.024675920605659485,2.0,-14.9,19.9,858.2899780273438,40.939998626708984,48.0,nan,0.0,0.0
1749516176000527098,,12035,,1749160860,386312484,'',1.2799999713897705,0.0,10.0,1.221562147140503,-0.37970590591430664,-0.024675920605659485,2.0,-2.0,17.5,858.2999877929688,40.970001220703125,57.0,nan,0.0,0.0
1749516176207003493,,12036,,1749160860,489470005,'',1.2799999713897705,0.0,9.0,1.1389559507369995,-0.6973504424095154,0.04436355456709862,21.260000228881836,5.9,2.9,858.2899780273438,41.15999984741211,55.0,nan,0.0,0.0
1749516176386913583,,12037,,1749160860,579375505,'',1.100000023841858,0.0,9.0,0.8890702128410339,-0.6466069221496582,0.0612449087202549,21.260000228881836,5.9,2.9,858.2899780273438,41.15999984741211,55.0,nan,0.0,0.0
1749516176412784382,,12038,,1749160860,592318773,'',1.100000023841858,0.0,9.0,0.8890702128410339,-0.6466069221496582,0.0612449087202549,21.34000015258789,-0.4,7.6,858.280029296875,40.959999084472656,49.0,nan,0.0,0.0
1749516176603378560,,12039,,1749160860,687530279,'',1.399999976158142,0.0,4.0,1.1471092700958252,-0.8006367087364197,0.1059308797121048,21.200000762939453,17.2,2.7,858.2999877929688,41.29999923706055,84.0,nan,0.0,0.0
1749516176782505486,,12040,,1749160860,777252674,'',0.9900000095367432,0.0,4.0,1.07155179977417,-0.8993759751319885,0.10487887263298035,21.200000762939453,17.2,2.7,858.2999877929688,41.29999923706055,84.0,nan,0.0,0.0
1749516176809147423,,12041,,1749160860,790468454,'',0.9900000095367432,0.0,4.0,0.687373161315918,-0.6563314199447632,0.0571926049888134,21.200000762939453,-20.1,-0.3,858.280029296875,41.400001525878906,21.0,nan,0.0,0.0
1749516176988831805,,12042,,1749160860,880390882,'',1.0,0.0,3.0,0.7218100428581238,-0.6974932551383972,0.044232796877622604,21.200000762939453,-20.1,-0.3,858.280029296875,41.400001525878906,21.0,nan,0.0,0.0
1749516177000718207,,12043,,1749160860,886242151,'',1.0,0.0,3.0,0.7218100428581238,-0.6974932551383972,0.044232796877622604,21.200000762939453,-7.8,2.3,858.2899780273438,41.290000915527344,33.0,nan,0.0,0.0
1749516177202939243,,12044,,1749160860,987423658,'',1.190000057220459,0.0,6.0,0.7428305745124817,-0.9245613813400269,0.013745765201747417,21.239999771118164,12.6,-1.1,858.2999877929688,41.220001220703125,64.0,nan,0.0,0.0
1749516177383237692,,12045,,1749160861,77124357,'',1.4199999570846558,0.0,6.0,0.6403170228004456,-0.9981508851051331,0.022111140191555023,21.239999771118164,12.6,-1.1,858.2999877929688,41.220001220703125,64.0,nan,0.0,0.0
1749516177409197688,,12046,,1749160861,90392827,'',1.4199999570846558,0.0,6.0,0.8021883368492126,-1.174627661705017,0.03526709973812103,21.190000534057617,10.6,15.3,858.2899780273438,41.22999954223633,71.0,nan,0.0,0.0
1749516177588662823,,12047,,1749160861,180286645,'',1.3799999952316284,0.0,3.0,0.7346959710121155,-1.1571186780929565,0.042404185980558395,21.190000534057617,10.6,15.3,858.2899780273438,41.22999954223633,71.0,nan,0.0,0.0
1749516177600477765,,12048,,1749160861,186298847,'',1.3799999952316284,0.0,3.0,0.7346959710121155,-1.1571186780929565,0.042404185980558395,21.190000534057617,-1.3,7.4,858.2899780273438,41.310001373291016,46.0,nan,0.0,0.0
1749516177803011362,,12049,,1749160861,287339925,'',1.590000033378601,0.0,4.0,0.7225013375282288,-1.4050153493881226,0.10160574316978455,21.1299991607666,-1.5,7.5,858.280029296875,41.58000183105469,47.0,nan,0.0,0.0
1749516178008841491,,12050,,1749160861,390297174,'',1.590000033378601,0.0,4.0,0.4822717607021332,-1.1693686246871948,0.08480001240968704,21.209999084472656,-1.2,-0.6,858.2899780273438,41.279998779296875,34.0,nan,0.0,0.0
1749516178188797441,,12051,,1749160861,480218410,'',1.5399999618530273,0.0,10.0,0.42576587200164795,-1.467508316040039,0.10329785197973251,21.209999084472656,-1.2,-0.6,858.2899780273438,41.279998779296875,34.0,nan,0.0,0.0
1749516178200411532,,12052,,1749160861,486134767,'',1.5399999618530273,0.0,10.0,0.4241458773612976,-1.4687062501907349,0.09342540800571442,21.209999084472656,8.7,-2.5,858.2899780273438,41.209999084472656,47.0,nan,0.0,0.0
1749516178402896804,,12053,,1749160861,587262392,'',1.6399999856948853,0.0,9.0,0.45769569277763367,-1.5722981691360474,0.10194594413042068,21.18000030517578,7.6,4.6,858.2899780273438,41.380001068115234,57.0,nan,0.0,0.0
1749516178608374589,,12054,,1749160861,690207481,'',1.6399999856948853,0.0,9.0,0.4837580919265747,-1.5723720788955688,0.08809137344360352,21.209999084472656,6.2,3.0,858.2899780273438,41.34000015258789,52.0,nan,0.0,0.0
1749516178788626049,,12055,,1749160861,780141353,'',1.5800000429153442,0.0,7.0,0.48582252860069275,-1.5086208581924438,0.13957063853740692,21.209999084472656,6.2,3.0,858.2899780273438,41.34000015258789,52.0,nan,0.0,0.0
1749516178800386771,,12056,,1749160861,786118745,'',1.5800000429153442,0.0,7.0,0.47637584805488586,-1.5115927457809448,0.1418149471282959,21.209999084472656,-19.7,-0.7,858.2899780273438,41.220001220703125,20.0,nan,0.0,0.0
1749516179003195790,,12057,,1749160861,887284755,'',1.340000033378601,0.0,8.0,0.3684218227863312,-1.289005994796753,0.1304083615541458,21.280000686645508,-6.1,-2.4,858.27001953125,41.22999954223633,24.0,nan,0.0,0.0
1749516179208398891,,12058,,1749160861,990230083,'',1.340000033378601,0.0,8.0,0.2716747522354126,-1.3444868326187134,0.12873367965221405,21.100000381469727,9.6,-4.8,858.2899780273438,41.58000183105469,45.0,nan,0.0,0.0
1749516179388758118,,12059,,1749160862,80167770,'',1.590000033378601,0.0,15.0,0.18663723766803741,-1.5749168395996094,0.09711301326751709,21.100000381469727,9.6,-4.8,858.2899780273438,41.58000183105469,45.0,nan,0.0,0.0
1749516179400468849,,12060,,1749160862,86101770,'',1.590000033378601,0.0,15.0,0.18926513195037842,-1.5746359825134277,0.09262964129447937,21.100000381469727,5.5,-2.8,858.2999877929688,42.0,39.0,nan,0.0,0.0
1749516179602510126,,12061,,1749160862,187203168,'',1.75,0.0,8.0,0.4787518382072449,-1.6763381958007812,0.06249843165278435,20.860000610351562,-3.5,2.0,858.2899780273438,42.2599983215332,35.0,nan,0.0,0.0
1749516179808282810,,12062,,1749160862,290118694,'',1.75,0.0,7.0,0.5299270153045654,-1.7235443592071533,0.07464705407619476,20.860000610351562,-6.2,3.8,858.280029296875,42.18000030517578,36.0,nan,0.0,0.0
1749516179988639996,,12063,,1749160862,380161523,'',1.440000057220459,0.0,5.0,0.49747225642204285,-1.3492604494094849,0.04160897061228752,20.860000610351562,-6.2,3.8,858.280029296875,42.18000030517578,36.0,nan,0.0,0.0
1749516180000452588,,12064,,1749160862,386052846,'',1.440000057220459,0.0,5.0,0.49747225642204285,-1.3492604494094849,0.04160897061228752,20.989999771118164,-5.9,-6.0,858.2899780273438,41.86000061035156,18.0,nan,0.0,0.0
1749516180202872644,,12065,,1749160862,487205743,'',1.6299999952316284,0.0,11.0,0.4050755202770233,-1.5817432403564453,0.02386060170829296,20.950000762939453,13.1,4.9,858.2999877929688,41.970001220703125,71.0,nan,0.0,0.0
1749516180408625689,,12066,,1749160862,590142011,'',1.6299999952316284,0.0,11.0,0.5787265300750732,-1.6515893936157227,0.022068442776799202,20.920000076293945,5.7,-9.1,858.2999877929688,42.06999969482422,23.0,nan,0.0,0.0
1749516180588282374,,12067,,1749160862,679967641,'',1.5299999713897705,0.0,7.0,0.6784348487854004,-1.3718425035476685,0.023961812257766724,20.920000076293945,5.7,-9.1,858.2999877929688,42.06999969482422,23.0,nan,0.0,0.0
1749516180600144436,,12068,,1749160862,685948848,'',1.5299999713897705,0.0,7.0,0.6839781403541565,-1.3690509796142578,0.025945521891117096,20.969999313354492,-4.3,-2.8,858.2899780273438,41.93000030517578,27.0,nan,0.0,0.0
1749516180802587185,,12069,,1749160862,787259101,'',1.590000033378601,0.0,5.0,0.8238660097122192,-1.3556879758834839,0.04453037306666374,20.940000534057617,2.8,-8.5,858.2899780273438,42.029998779296875,22.0,nan,0.0,0.0
1749516181008455392,,12070,,1749160862,890098571,'',1.590000033378601,0.0,10.0,0.7467241287231445,-1.3129234313964844,-0.03514338657259941,21.0,-5.4,-2.0,858.2899780273438,41.86000061035156,27.0,nan,0.0,0.0
1749516181188512854,,12071,,1749160862,980023622,'',1.409999966621399,0.0,12.0,0.6898831725120544,-1.2283082008361816,-0.024448584765195847,21.0,-5.4,-2.0,858.2899780273438,41.86000061035156,27.0,nan,0.0,0.0
1749516181199891381,,12072,,1749160862,985842943,'',1.409999966621399,0.0,12.0,0.7043313384056091,-1.220301628112793,-0.021138636395335197,21.0,1.3,6.8,858.2899780273438,41.869998931884766,49.0,nan,0.0,0.0
1749516181403970535,,12073,,1749160863,87807416,'',1.340000033378601,0.0,16.0,0.6881332993507385,-1.1500626802444458,-0.038869261741638184,20.920000076293945,-0.8,-13.7,858.2899780273438,42.09000015258789,6.0,nan,0.0,0.0
1749516181608212026,,12074,,1749160863,189974784,'',1.340000033378601,0.0,11.0,0.8878461122512817,-1.1684765815734863,0.017722096294164658,20.860000610351562,8.6,7.0,858.2899780273438,42.220001220703125,63.0,nan,0.0,0.0
1749516181787643561,,12075,,1749160863,279816150,'',1.090000033378601,0.0,16.0,0.6413610577583313,-0.8837418556213379,-0.012502122670412064,20.860000610351562,8.6,7.0,858.2899780273438,42.220001220703125,63.0,nan,0.0,0.0
1749516181799982979,,12076,,1749160863,285844802,'',1.090000033378601,0.0,16.0,0.6413610577583313,-0.8837418556213379,-0.012502122670412064,20.780000686645508,-15.1,-2.0,858.280029296875,42.47999954223633,22.0,nan,0.0,0.0
1749516182002121641,,12077,,1749160863,387014150,'',1.0299999713897705,0.0,25.0,0.5362870097160339,-0.8689978122711182,-0.03912929445505142,20.889999389648438,-6.9,-2.1,858.27001953125,42.099998474121094,28.0,nan,0.0,0.0
1749516182208121286,,12078,,1749160863,489996433,'',1.0299999713897705,0.0,20.0,0.7108052372932434,-0.812407374382019,-0.043075080960989,20.959999084472656,6.5,-1.1,858.2899780273438,41.939998626708984,49.0,nan,0.0,0.0
1749516182387889089,,12079,,1749160863,579830884,'',1.2400000095367432,0.0,12.0,1.0094702243804932,-0.7100010514259338,-0.058892738074064255,20.959999084472656,6.5,-1.1,858.2899780273438,41.939998626708984,49.0,nan,0.0,0.0
1749516182399563631,,12080,,1749160863,585727453,'',1.2400000095367432,0.0,12.0,1.0142114162445068,-0.703142523765564,-0.05971381068229675,20.969999313354492,16.5,-6.8,858.27001953125,41.84000015258789,78.0,nan,0.0,0.0
1749516182602091608,,12081,,1749160863,686886072,'',1.1399999856948853,0.0,6.0,1.0416470766067505,-0.4503856599330902,-0.033526964485645294,20.950000762939453,1.5,-1.2,858.2999877929688,41.9900016784668,41.0,nan,0.0,0.0
1749516182808540035,,12082,,1749160863,790145635,'',1.1399999856948853,0.0,20.0,0.8485773205757141,-0.5290189385414124,-0.04399323835968971,20.8700008392334,-3.1,-4.7,858.2899780273438,42.189998626708984,27.0,nan,0.0,0.0
1749516182988210993,,12083,,1749160863,879711151,'',1.0199999809265137,0.0,14.0,0.9400689601898193,-0.39636892080307007,-0.04197577014565468,20.8700008392334,-3.1,-4.7,858.2899780273438,42.189998626708984,27.0,nan,0.0,0.0
1749516182999639566,,12084,,1749160863,885777235,'',1.0199999809265137,0.0,14.0,0.957017183303833,-0.3535151183605194,-0.04177490249276161,20.90999984741211,6.3,-2.7,858.27001953125,42.08000183105469,49.0,nan,0.0,0.0
1749516183204032503,,12085,,1749160863,987797737,'',1.0700000524520874,0.0,12.0,1.051093578338623,-0.19847555458545685,-0.020721938461065292,20.940000534057617,4.1,-2.6,858.2899780273438,41.9900016784668,43.0,nan,0.0,0.0
1749516183383818365,,12086,,1749160864,77555656,'',1.3200000524520874,0.0,6.0,1.0615310668945312,-0.11363492161035538,-0.049731913954019547,20.940000534057617,4.1,-2.6,858.2899780273438,41.9900016784668,43.0,nan,0.0,0.0
1749516183409667586,,12087,,1749160864,90742588,'',1.3200000524520874,0.0,6.0,1.3030308485031128,-0.025387508794665337,-0.05412621796131134,20.850000381469727,14.4,-20.1,858.27001953125,42.2599983215332,325.0,nan,0.0,0.0
1749516183589602577,,12088,,1749160864,180628776,'',1.3300000429153442,0.0,8.0,1.332086205482483,0.04531550407409668,-0.044642288237810135,20.799999237060547,14.4,-20.1,858.27001953125,42.2599983215332,325.0,nan,0.0,0.0
1749516183601494234,,12089,,1749160864,186582565,'',1.3300000429153442,0.0,8.0,1.332086205482483,0.04531550407409668,-0.044642288237810135,20.799999237060547,-5.5,-10.5,858.2899780273438,42.31999969482422,16.0,nan,0.0,0.0
1749516183807977808,,12090,,1749160864,289720058,'',1.3300000429153442,0.0,11.0,1.3733946084976196,0.13870711624622345,-0.04673675075173378,20.790000915527344,4.2,-2.5,858.2899780273438,42.349998474121094,44.0,nan,0.0,0.0
1749516183987589558,,12091,,1749160864,379630327,'',1.1299999952316284,0.0,9.0,1.100204348564148,0.2201680988073349,-0.07467488944530487,20.790000915527344,4.2,-2.5,858.2899780273438,42.349998474121094,44.0,nan,0.0,0.0
1749516183999597112,,12092,,1749160864,385662317,'',1.1299999952316284,0.0,9.0,1.100204348564148,0.2201680988073349,-0.07467488944530487,20.940000534057617,-4.4,-6.6,858.280029296875,41.9900016784668,25.0,nan,0.0,0.0
1749516184203665876,,12093,,1749160864,487707138,'',1.6799999475479126,0.0,20.0,1.651620626449585,0.18630942702293396,-0.1498408168554306,20.65999984741211,-6.8,-5.4,858.3099975585938,42.70000076293945,26.0,nan,0.0,0.0
1749516184383097579,,12094,,1749160864,577448606,'',1.1799999475479126,0.0,12.0,1.583680272102356,0.48935791850090027,-0.1810382753610611,20.65999984741211,-6.8,-5.4,858.3099975585938,42.70000076293945,26.0,nan,0.0,0.0
1749516184409361190,,12095,,1749160864,590621232,'',1.1799999475479126,0.0,12.0,1.064381718635559,0.48513203859329224,-0.12937763333320618,20.75,1.0,-18.7,858.280029296875,42.54999923706055,357.0,nan,0.0,0.0
1749516184589678772,,12096,,1749160864,680707693,'',1.2000000476837158,0.0,10.0,1.0124210119247437,0.6265557408332825,-0.13759222626686096,20.799999237060547,1.0,-18.7,858.280029296875,42.54999923706055,357.0,nan,0.0,0.0
1749516184601129052,,12097,,1749160864,686502695,'',1.2000000476837158,0.0,10.0,1.0124210119247437,0.6265557408332825,-0.13759222626686096,20.799999237060547,10.9,7.4,858.2999877929688,42.29999923706055,68.0,nan,0.0,0.0
1749516184807943172,,12098,,1749160864,789724588,'',1.2000000476837158,0.0,6.0,0.9457530975341797,0.807714581489563,-0.14503279328346252,20.799999237060547,1.6,6.8,858.2999877929688,42.400001525878906,52.0,nan,0.0,0.0
1749516184987431017,,12099,,1749160864,879601240,'',1.1100000143051147,0.0,10.0,0.8163847923278809,0.7373324036598206,-0.11856122314929962,20.799999237060547,1.6,6.8,858.2999877929688,42.400001525878906,52.0,nan,0.0,0.0
1749516185013335211,,12100,,1749160864,892558813,'',1.1100000143051147,0.0,10.0,0.8163847923278809,0.7373324036598206,-0.11856122314929962,20.93000030517578,-3.5,0.7,858.2899780273438,42.060001373291016,38.0,nan,0.0,0.0
1749516185203557686,,12101,,1749160864,987679719,'',1.0700000524520874,0.0,10.0,0.7523885369300842,0.7489870190620422,-0.09752926230430603,20.8799991607666,-2.3,4.0,858.2899780273438,42.189998626708984,45.0,nan,0.0,0.0
1749516185382993401,,12102,,1749160865,77385187,'',1.2999999523162842,0.0,1.0,0.7223305106163025,0.7739778161048889,-0.12339461594820023,20.8799991607666,-2.3,4.0,858.2899780273438,42.189998626708984,45.0,nan,0.0,0.0
1749516185409375568,,12103,,1749160865,90663671,'',1.2999999523162842,0.0,1.0,0.8703914880752563,0.9446699619293213,-0.14667698740959167,20.93000030517578,19.7,3.9,858.2899780273438,42.02000045776367,88.0,nan,0.0,0.0
1749516185590009791,,12104,,1749160865,180728435,'',1.3799999952316284,0.0,6.0,0.8202047348022461,1.0855990648269653,-0.14653880894184113,20.0,19.7,3.9,858.2899780273438,42.02000045776367,88.0,nan,0.0,0.0
1749516185600894108,,12105,,1749160865,186468124,'',1.3799999952316284,0.0,6.0,0.8202047348022461,1.0855990648269653,-0.14653880894184113,20.0,-8.0,8.4,858.2899780273438,41.97999954223633,43.0,nan,0.0,0.0
1749516185807463414,,12106,,1749160865,289589166,'',1.3799999952316284,0.0,41.0,30.732393264770508,11.611709594726562,-2.2828290462493896,20.020000457763672,8.0,2.9,858.280029296875,44.4900016784668,58.0,nan,0.0,0.0
1749516185986878272,,12107,,1749160865,379420757,'',1.4299999475479126,0.0,6.0,0.7718398571014404,1.1874656677246094,-0.1371014565229416,20.020000457763672,8.0,2.9,858.280029296875,44.4900016784668,58.0,nan,0.0,0.0
1749516186013096019,,12108,,1749160865,392414808,'',1.4299999475479126,0.0,6.0,0.7775529026985168,1.1837013959884644,-0.13727200031280518,20.920000076293945,4.9,1.0,858.27001953125,42.119998931884766,50.0,nan,0.0,0.0
1749516186203524670,,12109,,1749160865,487653017,'',1.409999966621399,0.0,3.0,0.6636406183242798,1.238362193107605,-0.14331842958927155,20.90999984741211,-2.1,3.1,858.2999877929688,42.02000045776367,43.0,nan,0.0,0.0
1749516186383008762,,12110,,1749160865,577350854,'',1.4500000476837158,0.0,0.0,0.6073237061500549,1.266967535018921,-0.14300760626792908,20.90999984741211,-2.1,3.1,858.2999877929688,42.02000045776367,43.0,nan,0.0,0.0
1749516186407245941,,12111,,1749160865,589528799,'',1.4500000476837158,0.0,0.0,0.6377995610237122,1.2824305295944214,-0.1471119374036789,20.920000076293945,5.4,-2.5,858.280029296875,42.08000183105469,45.0,nan,0.0,0.0
1749516186587378281,,12112,,1749160865,679402351,'',1.5,0.0,10.0,0.7315665483474731,1.29600989818573,-0.15822678804397583,20.920000076293945,5.4,-2.5,858.280029296875,42.08000183105469,45.0,nan,0.0,0.0
1749516186613092204,,12113,,1749160865,692428588,'',1.5,0.0,10.0,0.7315665483474731,1.29600989818573,-0.15822678804397583,20.899999618530273,9.4,-2.7,858.280029296875,42.099998474121094,54.0,nan,0.0,0.0
1749516186803457001,,12114,,1749160865,787568807,'',1.2899999618530273,0.0,360.0,0.4335373640060425,1.2053261995315552,-0.14266856014728546,20.93000030517578,2.8,3.8,858.27001953125,42.099998474121094,51.0,nan,0.0,0.0
1749516186982803877,,12115,,1749160865,877320528,'',1.3899999856948853,0.0,0.0,0.42971542477607727,1.2077089548110962,-0.1342669278383255,20.93000030517578,2.8,3.8,858.27001953125,42.099998474121094,51.0,nan,0.0,0.0
1749516187009166534,,12116,,1749160865,890455722,'',1.3899999856948853,0.0,0.0,0.5789497494697571,1.2617560625076294,-0.14761017262935638,20.950000762939453,8.8,10.9,858.2899780273438,41.959999084472656,66.0,nan,0.0,0.0
1749516187189274845,,12117,,1749160865,980420827,'',1.5199999809265137,0.0,3.0,0.535760760307312,1.4118472337722778,-0.14852866530418396,2.0,8.8,10.9,858.2899780273438,41.959999084472656,66.0,nan,0.0,0.0
1749516187200810615,,12118,,1749160865,986277341,'',1.5199999809265137,0.0,3.0,0.535760760307312,1.4118472337722778,-0.14852866530418396,2.0,5.5,2.6,858.2999877929688,42.16999816894531,53.0,nan,0.0,0.0
1749516187403195983,,12119,,1749160866,87357282,'',1.5,0.0,2.0,0.5466585755348206,1.3717658519744873,-0.13643674552440643,20.84000015258789,10.6,11.6,858.280029296875,42.25,69.0,nan,0.0,0.0
1749516187582685787,,12120,,1749160866,177248716,'',1.9199999570846558,0.0,2.0,0.5905306935310364,1.354995608329773,-0.1321551650762558,20.84000015258789,10.6,11.6,858.280029296875,42.25,69.0,nan,0.0,0.0
1749516187609159340,,12121,,1749160866,190368413,'',1.9199999570846558,0.0,2.0,0.8164196610450745,1.715829849243164,-0.1593024879693985,20.760000228881836,3.0,6.9,858.2899780273438,42.4900016784668,55.0,nan,0.0,0.0
1749516187788766667,,12122,,1749160866,280287027,'',1.6799999475479126,0.0,6.0,0.7947679162025452,1.470747947692871,-0.13776066899299622,20.760000228881836,3.0,6.9,858.2899780273438,42.4900016784668,55.0,nan,0.0,0.0
1749516187800954589,,12123,,1749160866,286257266,'',1.6799999475479126,0.0,6.0,0.7947679162025452,1.470747947692871,-0.13776066899299622,20.760000228881836,-10.5,2.9,858.2899780273438,42.5,34.0,nan,0.0,0.0
1749516188002567413,,12124,,1749160866,387332677,'',1.5099999904632568,0.0,7.0,0.7486924529075623,1.2999892234802246,-0.11487457901239395,20.81999969482422,11.1,10.6,858.2899780273438,42.349998474121094,70.0,nan,0.0,0.0
1749516188208666632,,12125,,1749160866,490287065,'',1.5099999904632568,0.0,7.0,0.7542534470558167,1.480833888053894,-0.06190917268395424,20.790000915527344,-0.6,-0.3,858.2899780273438,42.400001525878906,40.0,nan,0.0,0.0
1749516188388331972,,12126,,1749160866,580206871,'',1.649999976158142,0.0,2.0,0.7254951596260071,1.4825516939163208,-0.026407407596707344,20.790000915527344,-0.6,-0.3,858.2899780273438,42.400001525878906,40.0,nan,0.0,0.0
1749516188400106387,,12127,,1749160866,586048364,'',1.649999976158142,0.0,2.0,0.7254951596260071,1.4825516939163208,-0.026407407596707344,20.729999542236328,10.3,-1.8,858.280029296875,42.4900016784668,55.0,nan,0.0,0.0
1749516188602883058,,12128,,1749160866,687215089,'',1.809999942779541,0.0,354.0,0.5936432480812073,1.7087591886520386,-0.0023947181180119514,20.93000030517578,-10.1,-12.4,858.2999877929688,42.0,10.0,nan,0.0,0.0
1749516188808629322,,12129,,1749160866,790169715,'',1.809999942779541,0.0,354.0,0.33417123556137085,1.1669011116027832,-0.02104632556438446,20.969999313354492,-13.7,-5.4,858.280029296875,41.939998626708984,21.0,nan,0.0,0.0
1749516188988651839,,12130,,1749160866,880171060,'',1.3899999856948853,0.0,350.0,0.3461800813674927,1.349025011062622,0.006271981634199619,20.969999313354492,-13.7,-5.4,858.280029296875,41.939998626708984,21.0,nan,0.0,0.0
1749516189000510770,,12131,,1749160866,886139869,'',1.3899999856948853,0.0,350.0,0.346567302942276,1.3496464490890503,0.022798165678977966,20.969999313354492,10.7,9.9,858.2999877929688,41.869998931884766,68.0,nan,0.0,0.0
1749516189202842253,,12132,,1749160866,987185716,'',1.4800000190734863,0.0,345.0,0.297272264957428,1.4444336891174316,0.04805055260658264,21.1200008392334,6.7,0.3,858.2999877929688,41.529998779296875,53.0,nan,0.0,0.0
1749516189406511864,,12133,,1749160867,89161396,'',1.4800000190734863,0.0,345.0,0.3938615620136261,1.4093437194824219,0.026262281462550163,20.90999984741211,8.6,-2.5,858.2999877929688,42.02000045776367,52.0,nan,0.0,0.0
1749516189586461644,,12134,,1749160867,179048299,'',1.5700000524520874,0.0,349.0,0.46408939361572266,1.457419514656067,-0.010073062032461166,20.90999984741211,8.6,-2.5,858.2999877929688,42.02000045776367,52.0,nan,0.0,0.0
1749516189612362323,,12135,,1749160867,192106246,'',1.5700000524520874,0.0,349.0,0.46408939361572266,1.457419514656067,-0.010073062032461166,20.90999984741211,-0.9,4.9,858.2999877929688,42.16999816894531,48.0,nan,0.0,0.0
1749516189803794540,,12136,,1749160867,287592887,'',1.2400000095367432,0.0,348.0,0.3508624732494354,1.1836920976638794,0.0018244233215227723,21.020000457763672,-7.7,5.9,858.280029296875,41.849998474121094,41.0,nan,0.0,0.0
1749516190009553580,,12137,,1749160867,390458106,'',1.2400000095367432,0.0,348.0,0.6027129888534546,1.150811791419983,0.0006975529831834137,20.989999771118164,18.6,3.5,858.2899780273438,41.88999938964844,85.0,nan,0.0,0.0
1749516190188376843,,12138,,1749160867,480078697,'',1.309999942779541,0.0,3.0,0.6935580968856812,1.1016935110092163,-0.01218945812433958,20.989999771118164,18.6,3.5,858.2899780273438,41.88999938964844,85.0,nan,0.0,0.0
1749516190200362515,,12139,,1749160867,486097335,'',1.309999942779541,0.0,3.0,0.6907630562782288,1.1033679246902466,-0.018045777454972267,20.989999771118164,-0.8,-3.4,858.3099975585938,42.04999923706055,35.0,nan,0.0,0.0
1749516190402651641,,12140,,1749160867,587178230,'',1.3600000143051147,0.0,3.0,0.7642188668251038,1.1265701055526733,-0.0030414939392358065,20.899999618530273,17.2,5.5,858.2899780273438,42.16999816894531,80.0,nan,0.0,0.0
1749516190608776731,,12141,,1749160867,690359830,'',1.3600000143051147,0.0,3.0,0.9071424603462219,1.2202403545379639,0.010303998365998268,20.959999084472656,0.2,4.1,858.2999877929688,41.939998626708984,48.0,nan,0.0,0.0
1749516190788472748,,12142,,1749160867,780056238,'',1.0499999523162842,0.0,2.0,0.7046880125999451,0.7794275879859924,-0.002724356483668089,20.959999084472656,0.2,4.1,858.2999877929688,41.939998626708984,48.0,nan,0.0,0.0
1749516190800658093,,12143,,1749160867,786048173,'',1.0499999523162842,0.0,2.0,0.7088883519172668,0.7756080031394958,-0.0030822730623185635,20.950000762939453,-8.6,8.3,858.2899780273438,42.02000045776367,43.0,nan,0.0,0.0
1749516191002894280,,12144,,1749160867,887103557,'',1.0700000524520874,0.0,7.0,0.8052465319633484,0.7026547193527222,0.023639477789402008,20.959999084472656,9.9,15.0,858.2899780273438,41.93000030517578,71.0,nan,0.0,0.0
1749516191208653258,,12145,,1749160867,990043401,'',1.0700000524520874,0.0,6.0,0.9492896199226379,0.6970141530036926,0.023686720058321953,20.959999084472656,8.9,-0.4,858.2999877929688,41.95000076293945,56.0,nan,0.0,0.0
1749516191388992763,,12146,,1749160868,80247640,'',1.3799999952316284,0.0,4.0,1.1608028411865234,0.7539151906967163,0.03523743152618408,20.959999084472656,8.9,-0.4,858.2999877929688,41.95000076293945,56.0,nan,0.0,0.0
1749516191400424160,,12147,,1749160868,85854053,'',1.3799999952316284,0.0,4.0,1.1608028411865234,0.7539151906967163,0.03523743152618408,20.989999771118164,19.5,4.9,858.2899780273438,41.93000030517578,90.0,nan,0.0,0.0
1749516191602352379,,12148,,1749160868,187041759,'',1.7599999904632568,0.0,4.0,1.5756261348724365,0.7988535165786743,0.05479750409722328,20.940000534057617,5.8,18.4,858.2999877929688,42.099998474121094,67.0,nan,0.0,0.0
1749516191806140087,,12149,,1749160868,289038181,'',1.7599999904632568,0.0,1.0,1.059654712677002,0.4722820520401001,0.024116382002830505,20.989999771118164,-0.8,-1.5,858.2999877929688,41.880001068115234,37.0,nan,0.0,0.0
1749516191986157633,,12150,,1749160868,378831386,'',1.4500000476837158,0.0,4.0,0.9729011058807373,0.2519085109233856,-0.0023459976073354483,20.989999771118164,-0.8,-1.5,858.2999877929688,41.880001068115234,37.0,nan,0.0,0.0
1749516192012049030,,12151,,1749160868,391850948,'',1.4500000476837158,0.0,4.0,0.9734755754470825,0.24858343601226807,0.008995315991342068,21.010000228881836,18.4,4.9,858.2899780273438,41.779998779296875,87.0,nan,0.0,0.0
1749516192202276177,,12152,,1749160868,486985921,'',1.3200000524520874,0.0,3.0,1.297956943511963,0.2551100254058838,0.053738005459308624,21.0,-8.1,13.3,858.3099975585938,41.880001068115234,49.0,nan,0.0,0.0
1749516192408327760,,12153,,1749160868,589928388,'',1.3200000524520874,0.0,2.0,1.2787846326828003,0.06168043985962868,0.09728120267391205,21.010000228881836,20.3,4.9,858.2999877929688,41.810001373291016,92.0,nan,0.0,0.0
1749516192588085114,,12154,,1749160868,679939270,'',1.440000057220459,0.0,5.0,1.4263111352920532,-0.149894580245018,0.04968130588531494,21.010000228881836,20.3,4.9,858.2999877929688,41.810001373291016,92.0,nan,0.0,0.0
1749516192599778101,,12155,,1749160868,685782432,'',1.440000057220459,0.0,5.0,1.4255684614181519,-0.15849027037620544,0.04399208724498749,21.030000686645508,-3.2,16.2,858.2899780273438,41.79999923706055,56.0,nan,0.0,0.0
1749516192802624836,,12156,,1749160868,786862373,'',1.0099999904632568,0.0,5.0,0.9862025380134583,-0.18582390248775482,0.017963631078600883,21.15999984741211,3.8,5.5,858.2999877929688,41.33000183105469,55.0,nan,0.0,0.0
1749516193008146769,,12157,,1749160868,889911413,'',1.0099999904632568,0.0,11.0,0.9629398584365845,-0.5280755162239075,0.06620530784130096,21.059999465942383,17.1,4.3,858.2999877929688,41.709999084472656,84.0,nan,0.0,0.0
1749516193187899080,,12158,,1749160868,979850292,'',1.2899999618530273,0.0,1.0,1.1534112691879272,-0.564240038394928,0.12440088391304016,21.059999465942383,17.1,4.3,858.2999877929688,41.709999084472656,84.0,nan,0.0,0.0
1749516193199544797,,12159,,1749160868,985785484,'',1.2899999618530273,0.0,1.0,1.1440318822860718,-0.5831261873245239,0.12391448765993118,20.920000076293945,13.6,-9.4,858.2999877929688,42.04999923706055,57.0,nan,0.0,0.0
1749516193401963588,,12160,,1749160869,86895704,'',1.3200000524520874,0.0,358.0,1.1181273460388184,-0.6852121949195862,0.10992306470870972,20.93000030517578,16.5,8.0,858.2999877929688,41.97999954223633,83.0,nan,0.0,0.0
1749516193607964473,,12161,,1749160869,189934730,'',1.3200000524520874,0.0,359.0,1.1665940284729004,-0.8955129981040955,0.04132717102766037,20.860000610351562,14.5,12.8,858.2999877929688,42.25,79.0,nan,0.0,0.0
1749516193787847236,,12162,,1749160869,279759883,'',1.5099999904632568,0.0,2.0,1.041612148284912,-1.0794090032577515,0.049195874482393265,20.860000610351562,14.5,12.8,858.2999877929688,42.25,79.0,nan,0.0,0.0
1749516193799612474,,12163,,1749160869,285759925,'',1.5099999904632568,0.0,2.0,1.0326744318008423,-1.087851643562317,0.05159791186451912,20.889999389648438,-7.5,16.0,858.3099975585938,42.130001068115234,50.0,nan,0.0,0.0
1749516194002192587,,12164,,1749160869,386896848,'',1.440000057220459,0.0,3.0,0.8904331922531128,-1.1333824396133423,0.11399973183870316,20.799999237060547,14.9,4.9,858.2899780273438,42.459999084472656,75.0,nan,0.0,0.0
1749516194208165026,,12165,,1749160869,490000963,'',1.440000057220459,0.0,3.0,0.9114284515380859,-1.341693639755249,0.08513317257165909,20.829999923706055,-9.7,-8.4,858.3099975585938,42.31999969482422,13.0,nan,0.0,0.0
1749516194388162994,,12166,,1749160869,579842090,'',1.850000023841858,0.0,359.0,1.101794719696045,-1.4856113195419312,0.05574367940425873,20.829999923706055,-9.7,-8.4,858.3099975585938,42.31999969482422,13.0,nan,0.0,0.0
1749516194399725272,,12167,,1749160869,585776567,'',1.850000023841858,0.0,359.0,1.090701937675476,-1.494074821472168,0.047007981687784195,20.780000686645508,25.7,4.8,858.2999877929688,42.400001525878906,108.0,nan,0.0,0.0
1749516194601877528,,12168,,1749160869,686831474,'',1.5,0.0,355.0,0.8497530221939087,-1.2298322916030884,0.015288499183952808,20.75,-37.8,3.4,858.2899780273438,42.5099983215332,20.0,nan,0.0,0.0
1749516194807895935,,12169,,1749160869,789857387,'',1.5,0.0,348.0,0.7283287048339844,-0.8991320133209229,0.02233683317899704,20.739999771118164,-13.1,3.2,858.2899780273438,42.439998626708984,29.0,nan,0.0,0.0
1749516194987495145,,12170,,1749160869,879694700,'',1.3799999952316284,0.0,348.0,0.8038721680641174,-1.1219314336776733,0.04073617607355118,20.739999771118164,-13.1,3.2,858.2899780273438,42.439998626708984,29.0,nan,0.0,0.0
1749516194999480204,,12171,,1749160869,885698795,'',1.3799999952316284,0.0,348.0,0.7967349886894226,-1.1252902746200562,0.07439804822206497,20.8799991607666,17.3,0.5,858.3099975585938,42.15999984741211,81.0,nan,0.0,0.0
1749516195201957939,,12172,,1749160869,986777067,'',1.5199999809265137,0.0,344.0,0.9206014275550842,-1.2123496532440186,0.011804078705608845,20.8700008392334,3.7,-5.4,858.2999877929688,42.130001068115234,30.0,nan,0.0,0.0
1749516195405686623,,12173,,1749160870,88749885,'',1.5199999809265137,0.0,347.0,0.7992745637893677,-1.3676841259002686,0.03214298561215401,20.889999389648438,12.4,13.1,858.2899780273438,42.11000061035156,73.0,nan,0.0,0.0
1749516195585649610,,12174,,1749160870,178619146,'',1.4900000095367432,0.0,351.0,0.6750397086143494,-1.4051201343536377,0.024127565324306488,20.889999389648438,12.4,13.1,858.2899780273438,42.11000061035156,73.0,nan,0.0,0.0
1749516195611761025,,12175,,1749160870,191775560,'',1.4900000095367432,0.0,351.0,0.6756440997123718,-1.4049888849258423,0.024744128808379173,20.850000381469727,-2.3,13.5,858.2899780273438,42.29999923706055,51.0,nan,0.0,0.0
1749516195802173198,,12176,,1749160870,286920785,'',1.4700000286102295,0.0,1.0,0.40699848532676697,-1.412832260131836,0.008373280987143517,20.920000076293945,8.5,3.7,858.2899780273438,42.040000915527344,58.0,nan,0.0,0.0
1749516196005643767,,12177,,1749160870,388756990,'',1.4700000286102295,0.0,2.0,0.33358070254325867,-1.309576392173767,0.004707563202828169,20.93000030517578,11.1,2.1,858.2899780273438,42.04999923706055,60.0,nan,0.0,0.0
1749516196185965790,,12178,,1749160870,478714704,'',1.5099999904632568,0.0,355.0,0.412362277507782,-1.291234016418457,0.011291667819023132,20.93000030517578,11.1,2.1,858.2899780273438,42.04999923706055,60.0,nan,0.0,0.0
1749516196211572406,,12179,,1749160870,491706371,'',1.5099999904632568,0.0,355.0,0.4326874017715454,-1.2851102352142334,0.021800467744469643,20.899999618530273,-7.8,-1.6,858.3200073242188,42.08000183105469,25.0,nan,0.0,0.0
1749516196403787103,,12180,,1749160870,587752342,'',1.4700000286102295,0.0,355.0,0.4510464072227478,-1.4057005643844604,0.03260273486375809,20.889999389648438,16.0,3.7,858.2899780273438,42.15999984741211,79.0,nan,0.0,0.0
1749516196583765897,,12181,,1749160870,677507400,'',1.8899999856948853,0.0,349.0,0.46603888273239136,-1.4011585712432861,-0.00790522899478674,20.889999389648438,16.0,3.7,858.2899780273438,42.15999984741211,79.0,nan,0.0,0.0
1749516196607546348,,12182,,1749160870,689655780,'',1.8899999856948853,0.0,349.0,0.7644944787025452,-1.7226217985153198,-0.007660450413823128,20.920000076293945,11.2,-5.8,858.2899780273438,42.13999938964844,44.0,nan,0.0,0.0
1749516196787434646,,12183,,1749160870,779644489,'',1.2999999523162842,0.0,350.0,0.492875874042511,-1.2033424377441406,-0.018445052206516266,20.920000076293945,11.2,-5.8,858.2899780273438,42.13999938964844,44.0,nan,0.0,0.0
1749516196812987168,,12184,,1749160870,792431592,'',1.2999999523162842,0.0,350.0,0.4900766611099243,-1.204525351524353,-0.015605621971189976,20.950000762939453,-14.9,8.4,858.27001953125,42.0,34.0,nan,0.0,0.0
1749516197004141124,,12185,,1749160870,887811899,'',1.100000023841858,0.0,359.0,0.2500426173210144,-1.0713891983032227,0.001941955997608602,20.950000762939453,12.6,15.7,858.2999877929688,42.040000915527344,73.0,nan,0.0,0.0
1749516197182864200,,12186,,1749160870,977427244,'',1.3799999952316284,0.0,3.0,0.23472028970718384,-1.074366807937622,0.03228505328297615,20.950000762939453,12.6,15.7,858.2999877929688,42.040000915527344,73.0,nan,0.0,0.0
1749516197209350154,,12187,,1749160870,990598440,'',1.3799999952316284,0.0,3.0,0.21465305984020233,-1.366731882095337,0.04086378961801529,20.889999389648438,6.1,-5.4,858.2999877929688,42.13999938964844,32.0,nan,0.0,0.0
1749516197389797834,,12188,,1749160871,80534219,'',1.399999976158142,0.0,4.0,0.08401915431022644,-1.389461636543274,0.05036947503685951,20.0,6.1,-5.4,858.2999877929688,42.13999938964844,32.0,nan,0.0,0.0
1749516197400969147,,12189,,1749160871,86407184,'',1.399999976158142,0.0,4.0,0.08021153509616852,-1.3896102905273438,0.052433427423238754,20.0,9.8,11.5,858.2999877929688,41.88999938964844,67.0,nan,0.0,0.0
1749516197606067332,,12190,,1749160871,188649654,'',1.399999976158142,0.0,7.0,-0.5076799392700195,-1.400984764099121,-0.057271458208560944,20.979999542236328,4.8,4.9,858.3099975585938,41.959999084472656,50.0,nan,0.0,0.0
1749516197788418489,,12191,,1749160871,278582096,'',1.2799999713897705,0.0,5.0,-0.5688424706459045,-1.369716763496399,-0.08027832955121994,20.979999542236328,4.8,4.9,858.3099975585938,41.959999084472656,50.0,nan,0.0,0.0
1749516197811339530,,12192,,1749160871,291680574,'',1.2799999713897705,0.0,5.0,-0.617712140083313,-1.348808765411377,-0.12197229266166687,20.969999313354492,-9.6,7.7,858.2999877929688,41.93000030517578,37.0,nan,0.0,0.0
1749516197995136652,,12193,,1749160871,383404493,'',1.1399999856948853,0.0,13.0,-0.2707119584083557,-1.1035597324371338,-0.06765089184045792,20.969999313354492,-9.6,7.7,858.2999877929688,41.959999084472656,37.0,nan,0.0,0.0
1749516198002455733,,12194,,1749160871,387295007,'',1.1399999856948853,0.0,13.0,-0.2707119584083557,-1.1035597324371338,-0.06765089184045792,20.969999313354492,1.8,8.1,858.2999877929688,41.959999084472656,49.0,nan,0.0,0.0
1749516198182909531,,12195,,1749160871,477266788,'',1.2599999904632568,0.0,0.0,-0.2737182080745697,-1.1042985916137695,-0.025573739781975746,20.969999313354492,1.8,8.1,858.2999877929688,41.959999084472656,49.0,nan,0.0,0.0
1749516198207033034,,12196,,1749160871,489449977,'',1.2599999904632568,0.0,0.0,-0.39119642972946167,-1.1986749172210693,-0.03928947076201439,21.010000228881836,0.4,3.0,858.3099975585938,41.810001373291016,41.0,nan,0.0,0.0
1749516198387069765,,12197,,1749160871,579313993,'',1.2400000095367432,0.0,8.0,-0.2927902936935425,-1.2021589279174805,-0.10434480011463165,21.010000228881836,0.4,3.0,858.3099975585938,41.810001373291016,41.0,nan,0.0,0.0
1749516198412718921,,12198,,1749160871,592312097,'',1.2400000095367432,0.0,8.0,-0.2927902936935425,-1.2021589279174805,-0.10434480011463165,20.989999771118164,12.6,-4.5,858.2999877929688,41.97999954223633,51.0,nan,0.0,0.0
1749516198603000867,,12199,,1749160871,687462568,'',1.600000023841858,0.0,5.0,-0.59128737449646,-1.494205355644226,-0.10602413862943649,20.969999313354492,11.4,14.6,858.280029296875,42.0,70.0,nan,0.0,0.0
1749516198782876406,,12200,,1749160871,777177810,'',1.0499999523162842,0.0,0.0,-0.7495957016944885,-1.4109926223754883,-0.0822356790304184,20.969999313354492,11.4,14.6,858.280029296875,42.0,70.0,nan,0.0,0.0
1749516198808905587,,12201,,1749160871,790400981,'',1.0499999523162842,0.0,0.0,-0.3854905962944031,-0.9562737345695496,-0.2025773525238037,21.020000457763672,-3.3,11.8,858.280029296875,41.77000045776367,46.0,nan,0.0,0.0
1749516198989091251,,12202,,1749160871,880307912,'',1.059999942779541,0.0,6.0,1.0341302156448364,-0.05534621328115463,0.20200490951538086,21.020000457763672,-3.3,11.8,858.280029296875,41.77000045776367,46.0,nan,0.0,0.0
1749516199000386558,,12203,,1749160871,886224269,'',1.059999942779541,0.0,6.0,1.0341302156448364,-0.05534621328115463,0.20200490951538086,21.020000457763672,13.2,24.0,858.2899780273438,41.619998931884766,73.0,nan,0.0,0.0
1749516199204757989,,12204,,1749160871,988113641,'',1.2899999618530273,0.0,9.0,-1.0114998817443848,-0.8038194179534912,0.16684815287590027,21.010000228881836,10.9,4.0,858.2899780273438,41.79999923706055,60.0,nan,0.0,0.0
1749516199382649702,,12205,,1749160872,77069997,'',1.190000057220459,0.0,9.0,-1.1391010284423828,-0.6059898734092712,0.18530413508415222,21.010000228881836,10.9,4.0,858.2899780273438,41.79999923706055,60.0,nan,0.0,0.0
1749516199406571416,,12206,,1749160872,89276313,'',1.190000057220459,0.0,9.0,-1.0325552225112915,-0.5809272527694702,0.16386935114860535,21.030000686645508,13.4,-4.1,858.280029296875,41.7599983215332,51.0,nan,0.0,0.0
1749516199586238443,,12207,,1749160872,179138898,'',1.3799999952316284,0.0,6.0,-1.259549856185913,-0.5610628128051758,0.14157189428806305,21.030000686645508,13.4,-4.1,858.280029296875,41.7599983215332,51.0,nan,0.0,0.0
1749516199612511298,,12208,,1749160872,192232608,'',1.3799999952316284,0.0,6.0,-1.2676066160202026,-0.554966926574707,0.15084514021873474,21.079999923706055,12.0,19.9,858.2999877929688,41.720001220703125,71.0,nan,0.0,0.0
1749516199802532320,,12209,,1749160872,287327766,'',1.2799999713897705,0.0,3.0,-1.2144960165023804,-0.3779419958591461,0.15955930948257446,21.020000457763672,0.7,14.9,858.2899780273438,41.7599983215332,51.0,nan,0.0,0.0
1749516199982793889,,12210,,1749160872,377061367,'',1.0800000429153442,0.0,3.0,-1.2561687231063843,-0.20190396904945374,0.15676409006118774,21.020000457763672,0.7,14.9,858.2899780273438,41.7599983215332,51.0,nan,0.0,0.0
1749516200008759308,,12211,,1749160872,390255689,'',1.0800000429153442,0.0,3.0,-1.0692437887191772,0.01279765460640192,0.10933460295200348,20.969999313354492,-5.9,5.6,858.3099975585938,41.959999084472656,34.0,nan,0.0,0.0
1749516200191056500,,12212,,1749160872,480385065,'',1.0700000524520874,0.0,11.0,-1.0631624460220337,0.0807003602385521,0.11389031261205673,20.969999313354492,-5.9,5.6,858.3099975585938,41.959999084472656,34.0,nan,0.0,0.0
1749516200200408860,,12213,,1749160872,486121416,'',1.0700000524520874,0.0,11.0,-1.061159610748291,0.10701581090688705,0.10966584831476212,20.969999313354492,3.5,-0.4,858.2999877929688,41.959999084472656,37.0,nan,0.0,0.0
1749516200402815983,,12214,,1749160872,587337970,'',1.3899999856948853,0.0,10.0,-1.3554962873458862,0.30365386605262756,0.12470607459545135,20.950000762939453,16.9,5.5,858.2899780273438,41.93000030517578,73.0,nan,0.0,0.0
1749516200591045111,,12215,,1749160872,677076339,'',1.4600000381469727,0.0,10.0,-1.3123500347137451,0.4547366499900818,0.12412122637033463,20.950000762939453,16.9,5.5,858.2899780273438,41.93000030517578,73.0,nan,0.0,0.0
1749516200608898331,,12216,,1749160872,690309047,'',1.4600000381469727,0.0,10.0,-1.4189555644989014,0.3236181139945984,0.13052316009998322,20.950000762939453,-7.5,7.2,858.2999877929688,41.900001525878906,37.0,nan,0.0,0.0
1749516200788779011,,12217,,1749160872,780276298,'',1.0800000429153442,0.0,1.0,-1.020516037940979,0.3454234004020691,0.08080638945102692,2.0,-7.5,7.2,858.2999877929688,41.900001525878906,37.0,nan,0.0,0.0
1749516200800439803,,12218,,1749160872,786180496,'',1.0800000429153442,0.0,1.0,-1.020516037940979,0.3454234004020691,0.08080638945102692,2.0,-9.3,9.9,858.2999877929688,41.91999816894531,38.0,nan,0.0,0.0
1749516201002761738,,12219,,1749160872,887276887,'',1.1100000143051147,0.0,7.0,-0.9295114278793335,0.5997705459594727,0.07670561969280243,20.969999313354492,-4.6,5.6,858.280029296875,41.90999984741211,37.0,nan,0.0,0.0
1749516201190803783,,12220,,1749160872,976976156,'',1.3799999952316284,0.0,7.0,-0.8613682985305786,0.6923896074295044,0.09078136831521988,20.969999313354492,-4.6,5.6,858.280029296875,41.90999984741211,37.0,nan,0.0,0.0
1749516201208797864,,12221,,1749160872,990300655,'',1.3799999952316284,0.0,7.0,-0.9653666019439697,0.9812039732933044,0.11004029959440231,20.979999542236328,10.0,2.5,858.2999877929688,41.95000076293945,53.0,nan,0.0,0.0
1749516201391012058,,12222,,1749160873,80189704,'',1.4299999475479126,0.0,6.0,-1.015312671661377,1.0006089210510254,0.09960959106683731,20.979999542236328,10.0,2.5,858.2999877929688,41.95000076293945,53.0,nan,0.0,0.0
1749516201399908212,,12223,,1749160873,86008548,'',1.4299999475479126,0.0,6.0,-1.015312671661377,1.0006089210510254,0.09960959106683731,20.979999542236328,4.7,3.7,858.2899780273438,42.04999923706055,46.0,nan,0.0,0.0
1749516201602606808,,12224,,1749160873,187219142,'',1.590000033378601,0.0,14.0,-0.7718179821968079,1.3868485689163208,0.06817663460969925,20.860000610351562,0.1,4.1,858.2999877929688,42.18000030517578,41.0,nan,0.0,0.0
1749516201790450300,,12225,,1749160873,276985406,'',1.6200000047683716,0.0,14.0,-0.6661352515220642,1.442151665687561,0.012737425975501537,20.860000610351562,0.1,4.1,858.2999877929688,42.18000030517578,41.0,nan,0.0,0.0
1749516201808688596,,12226,,1749160873,290222406,'',1.6200000047683716,0.0,14.0,-0.8202743530273438,1.3928450345993042,0.005708598997443914,20.8700008392334,0.4,8.7,858.2999877929688,42.189998626708984,48.0,nan,0.0,0.0
1749516201987981220,,12227,,1749160873,380086183,'',1.8700000047683716,0.0,11.0,-0.8044102787971497,1.680548906326294,0.003623089287430048,20.8700008392334,0.4,8.7,858.2999877929688,42.189998626708984,48.0,nan,0.0,0.0
1749516202000271263,,12228,,1749160873,385973691,'',1.8700000047683716,0.0,11.0,-0.8044102787971497,1.680548906326294,0.003623089287430048,20.8700008392334,1.8,5.8,858.2899780273438,42.18000030517578,46.0,nan,0.0,0.0
1749516202202560931,,12229,,1749160873,487219572,'',1.940000057220459,0.0,11.0,-0.7635532021522522,1.7893526554107666,0.027071505784988403,20.799999237060547,6.8,6.3,858.2999877929688,42.290000915527344,53.0,nan,0.0,0.0
1749516202408649701,,12230,,1749160873,590219497,'',1.940000057220459,0.0,11.0,-0.6937357783317566,1.2342195510864258,0.0475987046957016,20.850000381469727,-19.3,-3.2,858.3099975585938,42.25,19.0,nan,0.0,0.0
1749516202606606027,,12231,,1749160873,680451631,'',1.5299999713897705,0.0,11.0,-0.519871175289154,1.4346134662628174,-0.0007322642486542463,20.850000381469727,-19.3,-3.2,858.3099975585938,42.25,19.0,nan,0.0,0.0
1749516202606625235,,12232,,1749160873,685993432,'',1.5299999713897705,0.0,11.0,-0.519871175289154,1.4346134662628174,-0.0007322642486542463,20.850000381469727,12.0,-8.4,858.2899780273438,42.34000015258789,40.0,nan,0.0,0.0
1749516202802679432,,12233,,1749160873,787299871,'',1.850000023841858,0.0,5.0,-0.7743154168128967,1.6887733936309814,0.045360587537288666,20.790000915527344,0.3,2.3,858.3099975585938,42.459999084472656,41.0,nan,0.0,0.0
1749516203008733867,,12234,,1749160873,890159130,'',1.850000023841858,0.0,5.0,-0.47292372584342957,1.265667200088501,-0.012320081703364849,20.81999969482422,-5.5,-2.8,858.2999877929688,42.20000076293945,27.0,nan,0.0,0.0
1749516203189929077,,12235,,1749160873,980268716,'',1.5099999904632568,0.0,6.0,-0.5427034497261047,1.4071147441864014,-0.017959900200366974,20.81999969482422,-5.5,-2.8,858.2999877929688,42.20000076293945,27.0,nan,0.0,0.0
1749516203200232600,,12236,,1749160873,986010313,'',1.5099999904632568,0.0,6.0,-0.5427034497261047,1.4071147441864014,-0.017959900200366974,20.81999969482422,4.0,1.4,858.280029296875,42.2400016784668,45.0,nan,0.0,0.0
1749516203403159071,,12237,,1749160874,87206363,'',1.4700000286102295,0.0,7.0,-0.4525027573108673,1.399398684501648,-0.030407069250941277,20.920000076293945,3.8,0.4,858.3099975585938,42.02000045776367,44.0,nan,0.0,0.0
1749516203608310122,,12238,,1749160874,190135240,'',1.4700000286102295,0.0,7.0,-0.5618084073066711,1.521072506904602,0.0031143734231591225,20.860000610351562,27.4,6.3,858.27001953125,42.20000076293945,100.0,nan,0.0,0.0
1749516203793246190,,12239,,1749160874,280151844,'',1.8799999952316284,0.0,2.0,-0.6694672107696533,1.7584422826766968,0.016212543472647667,20.860000610351562,27.4,6.3,858.27001953125,42.20000076293945,100.0,nan,0.0,0.0
1749516203800217305,,12240,,1749160874,286059617,'',1.8799999952316284,0.0,2.0,-0.6714075803756714,1.7578043937683105,0.02529890090227127,20.860000610351562,-4.4,1.5,858.280029296875,42.220001220703125,36.0,nan,0.0,0.0
1749516204003866397,,12241,,1749160874,387107372,'',1.3700000047683716,0.0,359.0,-0.5696418285369873,1.2459683418273926,0.04790278524160385,20.780000686645508,-13.4,-14.1,858.2899780273438,42.439998626708984,6.0,nan,0.0,0.0
1749516204208530555,,12242,,1749160874,490097522,'',1.3700000047683716,0.0,359.0,-0.5831965804100037,1.0756239891052246,0.0362587496638298,20.979999542236328,11.1,3.3,858.280029296875,41.95000076293945,59.0,nan,0.0,0.0
1749516204396610333,,12243,,1749160874,580017805,'',1.5700000524520874,0.0,355.0,-0.7790641188621521,1.3691014051437378,0.0558614544570446,20.979999542236328,11.1,3.3,858.280029296875,41.95000076293945,59.0,nan,0.0,0.0
1749516204399950094,,12244,,1749160874,585896730,'',1.5700000524520874,0.0,355.0,-0.7856662273406982,1.3653409481048584,0.05543108284473419,21.010000228881836,11.7,-4.5,858.2999877929688,41.83000183105469,51.0,nan,0.0,0.0
1749516204602099331,,12245,,1749160874,686987876,'',1.559999942779541,0.0,352.0,-0.8529682159423828,1.3014676570892334,0.05922786146402359,21.1200008392334,14.8,-2.5,858.280029296875,41.4900016784668,65.0,nan,0.0,0.0
1749516204808250540,,12246,,1749160874,789975881,'',1.559999942779541,0.0,0.0,-0.8476440906524658,1.7116940021514893,0.09653135389089584,21.0,20.0,-6.9,858.27001953125,41.86000061035156,79.0,nan,0.0,0.0
1749516204994100265,,12247,,1749160874,879936933,'',1.309999942779541,0.0,351.0,-0.7279022336006165,1.05439293384552,0.014619032852351665,21.0,20.0,-6.9,858.27001953125,41.86000061035156,79.0,nan,0.0,0.0
1749516204999634355,,12248,,1749160874,885878324,'',1.309999942779541,0.0,351.0,-0.7279022336006165,1.05439293384552,0.014619032852351665,21.15999984741211,-27.8,-9.8,858.2899780273438,41.4900016784668,9.0,nan,0.0,0.0
1749516205202583335,,12249,,1749160874,987167835,'',1.3300000429153442,0.0,1.0,-0.6186602711677551,1.1777461767196655,0.018879428505897522,21.06999969482422,3.8,3.4,858.2899780273438,41.59000015258789,47.0,nan,0.0,0.0
1749516205406033167,,12250,,1749160875,89019060,'',1.3300000429153442,0.0,0.0,-0.7684236764907837,1.278131365776062,0.028803784400224686,21.1200008392334,-1.1,-11.2,858.2899780273438,41.5099983215332,15.0,nan,0.0,0.0
1749516205593853177,,12251,,1749160875,178837060,'',1.600000023841858,0.0,356.0,-0.6403414011001587,0.7748485207557678,0.008666465990245342,21.1200008392334,-1.1,-11.2,858.2899780273438,41.5099983215332,15.0,nan,0.0,0.0
1749516205611879117,,12252,,1749160875,191952228,'',1.600000023841858,0.0,356.0,-0.6439034342765808,0.7718613147735596,0.016873782500624657,21.110000610351562,9.1,4.3,858.280029296875,41.58000183105469,56.0,nan,0.0,0.0
1749516205802059109,,12253,,1749160875,287038564,'',1.75,0.0,1.0,-1.044602870941162,1.4042558670043945,0.0728440135717392,20.899999618530273,3.5,-8.9,858.280029296875,42.119998931884766,23.0,nan,0.0,0.0
1749516206008020913,,12254,,1749160875,390038013,'',1.75,0.0,355.0,-0.8693618774414062,0.7720564603805542,0.06786949932575226,20.969999313354492,-15.9,-17.8,858.2999877929688,41.83000183105469,359.0,nan,0.0,0.0
1749516206188431765,,12255,,1749160875,479910135,'',0.7599999904632568,0.0,360.0,-0.5559361577033997,0.5156676769256592,0.05120360478758812,20.969999313354492,-15.9,-17.8,858.2999877929688,41.83000183105469,359.0,nan,0.0,0.0
1749516206200070696,,12256,,1749160875,485885381,'',0.7599999904632568,0.0,360.0,-0.5559361577033997,0.5156676769256592,0.05120360478758812,21.049999237060547,12.2,-2.0,858.27001953125,41.599998474121094,54.0,nan,0.0,0.0
1749516206402193229,,12257,,1749160875,587029695,'',1.3899999856948853,0.0,5.0,-1.053154706954956,0.899686336517334,0.1114354208111763,21.06999969482422,14.1,-15.3,858.2899780273438,41.63999938964844,9.0,nan,0.0,0.0
1749516206608040347,,12258,,1749160875,689963817,'',1.3899999856948853,0.0,7.0,-1.2129448652267456,0.8683488368988037,0.05057903006672859,21.049999237060547,15.9,-12.5,858.260009765625,41.70000076293945,32.0,nan,0.0,0.0
1749516206797987712,,12259,,1749160875,779817581,'',1.840000033378601,0.0,9.0,-1.54438054561615,0.984881579875946,0.09766170382499695,21.049999237060547,15.9,-12.5,858.260009765625,41.70000076293945,32.0,nan,0.0,0.0
1749516206799916110,,12260,,1749160875,785875558,'',1.840000033378601,0.0,9.0,-1.5540902614593506,0.9697282314300537,0.0916753038764,20.829999923706055,8.1,-9.8,858.27001953125,42.20000076293945,25.0,nan,0.0,0.0
1749516207002061411,,12261,,1749160875,886908769,'',1.350000023841858,0.0,6.0,-1.2039389610290527,0.6084656119346619,0.04274629056453705,20.850000381469727,-8.4,-5.9,858.27001953125,42.18000030517578,17.0,nan,0.0,0.0
1749516207207750335,,12262,,1749160875,989859580,'',1.350000023841858,0.0,13.0,-1.1348071098327637,0.6243418455123901,0.003152488498017192,20.889999389648438,17.1,-3.6,858.2899780273438,42.130001068115234,67.0,nan,0.0,0.0
1749516207401803979,,12263,,1749160876,79804420,'',1.2799999713897705,0.0,10.0,-1.182876706123352,0.48661208152770996,0.003382392693310976,20.889999389648438,17.1,-3.6,858.2899780273438,42.130001068115234,67.0,nan,0.0,0.0
1749516207401818412,,12264,,1749160876,85766315,'',1.2799999713897705,0.0,10.0,-1.1869333982467651,0.47663864493370056,-0.0021833758801221848,20.889999389648438,2.5,-7.3,858.27001953125,42.099998474121094,25.0,nan,0.0,0.0
1749516207601883671,,12265,,1749160876,186816215,'',1.090000033378601,0.0,2.0,-1.0646872520446777,0.16582459211349487,-0.04815596714615822,21.030000686645508,9.6,-8.3,858.27001953125,41.77000045776367,31.0,nan,0.0,0.0
1749516207807832575,,12266,,1749160876,289831399,'',1.090000033378601,0.0,15.0,-1.19255793094635,0.3400792181491852,-0.035402074456214905,21.010000228881836,2.9,5.0,858.280029296875,41.7599983215332,46.0,nan,0.0,0.0
1749516207997696861,,12267,,1749160876,379598855,'',0.8199999928474426,0.0,11.0,-0.8175657391548157,0.09942278265953064,-0.017359092831611633,21.010000228881836,2.9,5.0,858.280029296875,41.7599983215332,46.0,nan,0.0,0.0
1749516207999238344,,12268,,1749160876,385601997,'',0.8199999928474426,0.0,11.0,-0.8175657391548157,0.09942278265953064,-0.017359092831611633,20.989999771118164,-2.2,-16.3,858.27001953125,41.91999816894531,358.0,nan,0.0,0.0
1749516208203197933,,12269,,1749160876,487045288,'',1.0499999523162842,0.0,13.0,-1.0426868200302124,0.034211818128824234,-0.042496208101511,21.0,22.3,4.8,858.280029296875,41.810001373291016,88.0,nan,0.0,0.0
1749516208405788219,,12270,,1749160876,588767528,'',1.0499999523162842,0.0,15.0,-1.263054370880127,-0.09816623479127884,-0.03946225345134735,20.920000076293945,10.0,-5.1,858.27001953125,42.0099983215332,40.0,nan,0.0,0.0
1749516208598829541,,12271,,1749160876,678668022,'',1.3200000524520874,0.0,13.0,-0.11797105520963669,0.26486673951148987,-0.023096278309822083,20.920000076293945,10.0,-5.1,858.27001953125,42.0099983215332,40.0,nan,0.0,0.0
1749516208611388399,,12272,,1749160876,691614389,'',1.3200000524520874,0.0,13.0,-0.12331873178482056,0.26743704080581665,-0.02599175274372101,20.979999542236328,7.9,0.4,858.2899780273438,41.880001068115234,46.0,nan,0.0,0.0
1749516208804265341,,12273,,1749160876,786729812,'',1.4199999570846558,0.0,7.0,-1.3233131170272827,-0.497770220041275,0.04085785895586014,21.0,9.4,-5.3,858.280029296875,41.81999969482422,37.0,nan,0.0,0.0
1749516209007969850,,12274,,1749160876,890007734,'',1.4199999570846558,0.0,6.0,-1.159303069114685,-0.6284225583076477,0.04975998029112816,21.030000686645508,-12.0,-18.5,858.27001953125,41.79999923706055,353.0,nan,0.0,0.0
1749516209201361242,,12275,,1749160876,979560852,'',1.350000023841858,0.0,8.0,-1.1874083280563354,-0.6493973135948181,0.006679356098175049,21.030000686645508,-12.0,-18.5,858.27001953125,41.79999923706055,353.0,nan,0.0,0.0
1749516209201602145,,12276,,1749160876,985563039,'',1.350000023841858,0.0,8.0,-1.178696870803833,-0.6651114821434021,-0.0005092747742310166,21.149999618530273,18.3,-4.1,858.27001953125,41.41999816894531,71.0,nan,0.0,0.0
1749516209403304698,,12277,,1749160877,87543249,'',1.309999942779541,0.0,8.0,-1.0935536623001099,-0.721688985824585,-0.06513922661542892,21.100000381469727,10.7,-4.7,858.2899780273438,41.61000061035156,41.0,nan,0.0,0.0
1749516209592605794,,12278,,1749160877,177355527,'',1.5499999523162842,0.0,10.0,-1.0838239192962646,-0.7348939776420593,-0.07747787982225418,21.100000381469727,10.7,-4.7,858.2899780273438,41.61000061035156,41.0,nan,0.0,0.0
1749516209609229029,,12279,,1749160877,190551757,'',1.5499999523162842,0.0,10.0,-1.3029521703720093,-0.8298108577728271,-0.09055870771408081,21.06999969482422,5.3,17.1,858.2999877929688,41.630001068115234,60.0,nan,0.0,0.0
1749516209800073098,,12280,,1749160877,280604362,'',1.2899999618530273,0.0,9.0,-1.0756666660308838,-0.6998471021652222,-0.07781551033258438,21.100000381469727,5.3,17.1,858.2999877929688,41.630001068115234,60.0,nan,0.0,0.0
1749516209801144060,,12281,,1749160877,286442279,'',1.2899999618530273,0.0,9.0,-1.0756666660308838,-0.6998471021652222,-0.07781551033258438,21.100000381469727,-10.0,5.8,858.280029296875,41.5,33.0,nan,0.0,0.0
1749516210007406718,,12282,,1749160877,389641761,'',1.2899999618530273,0.0,11.0,-0.9372966885566711,-0.5660653114318848,-0.06554621458053589,21.200000762939453,-3.2,-14.0,858.260009765625,41.31999969482422,1.0,nan,0.0,0.0
1749516210202189288,,12283,,1749160877,479537487,'',1.4900000095367432,0.0,18.0,-1.1867883205413818,-0.8843003511428833,-0.012101163156330585,21.200000762939453,-3.2,-14.0,858.260009765625,41.31999969482422,1.0,nan,0.0,0.0
1749516210211049400,,12284,,1749160877,491495609,'',1.4900000095367432,0.0,18.0,-1.181596040725708,-0.8911993503570557,-0.013952584937214851,21.049999237060547,21.8,-2.7,858.280029296875,41.650001525878906,94.0,nan,0.0,0.0
1749516210403491277,,12285,,1749160877,587698221,'',1.559999942779541,0.0,8.0,-0.9497557282447815,-1.2325581312179565,-0.05713667348027229,21.1299991607666,7.0,-12.9,858.27001953125,41.439998626708984,4.0,nan,0.0,0.0
1749516210588840164,,12286,,1749160877,677420854,'',1.5199999809265137,0.0,10.0,-0.9246705174446106,-1.2477055788040161,-0.11276213079690933,21.1299991607666,7.0,-12.9,858.27001953125,41.439998626708984,4.0,nan,0.0,0.0
1749516210609353261,,12287,,1749160877,690565824,'',1.5199999809265137,0.0,10.0,-0.9218348860740662,-1.2031784057617188,-0.11198025941848755,21.18000030517578,15.9,23.0,858.2899780273438,41.400001525878906,77.0,nan,0.0,0.0
1749516210801038530,,12288,,1749160877,780534982,'',1.659999966621399,0.0,6.0,-0.8728779554367065,-1.4102256298065186,-0.0015577741432935,21.100000381469727,15.9,23.0,858.2899780273438,41.400001525878906,77.0,nan,0.0,0.0
1749516210801482564,,12289,,1749160877,786461353,'',1.659999966621399,0.0,6.0,-0.8728779554367065,-1.4102256298065186,-0.0015577741432935,21.100000381469727,0.0,0.8,858.2999877929688,41.400001525878906,35.0,nan,0.0,0.0
1749516211007440679,,12290,,1749160877,889578580,'',1.659999966621399,0.0,13.0,-0.7647925615310669,-0.9893637895584106,-0.024533329531550407,21.229999542236328,-7.8,-2.5,858.2899780273438,41.22999954223633,22.0,nan,0.0,0.0
1749516211198202946,,12291,,1749160877,979529142,'',1.409999966621399,0.0,14.0,-0.864793062210083,-1.114709496498108,-0.04533884674310684,21.229999542236328,-7.8,-2.5,858.2899780273438,41.22999954223633,22.0,nan,0.0,0.0
1749516211198997675,,12292,,1749160877,985510826,'',1.409999966621399,0.0,14.0,-0.8576082587242126,-1.1197834014892578,-0.05561727285385132,21.25,17.2,-4.8,858.280029296875,41.2400016784668,69.0,nan,0.0,0.0
1749516211406378283,,12293,,1749160878,87687969,'',1.4299999475479126,0.0,7.0,-0.7022977471351624,-1.229579210281372,-0.06265922635793686,21.229999542236328,14.0,1.6,858.280029296875,41.209999084472656,68.0,nan,0.0,0.0
1749516211588085010,,12294,,1749160878,177420616,'',1.7300000190734863,0.0,9.0,-0.6938034892082214,-1.2347413301467896,-0.06132037565112114,21.229999542236328,14.0,1.6,858.280029296875,41.209999084472656,68.0,nan,0.0,0.0
1749516211608962459,,12295,,1749160878,190495729,'',1.7300000190734863,0.0,9.0,-0.8869337439537048,-1.478277325630188,-0.06264235079288483,21.209999084472656,19.2,16.2,858.2899780273438,41.29999923706055,83.0,nan,0.0,0.0
1749516211801867426,,12296,,1749160878,280472040,'',1.6200000047683716,0.0,3.0,-0.6626622676849365,-1.4679280519485474,-0.012315332889556885,21.0,19.2,16.2,858.2899780273438,41.29999923706055,83.0,nan,0.0,0.0
1749516211801878304,,12297,,1749160878,286350250,'',1.6200000047683716,0.0,3.0,-0.6626622676849365,-1.4679280519485474,-0.012315332889556885,21.0,-15.1,-5.8,858.2899780273438,41.2599983215332,14.0,nan,0.0,0.0
1749516212007645666,,12298,,1749160878,389539241,'',1.6200000047683716,0.0,11.0,-0.697381317615509,-1.133679747581482,-0.06541671603918076,21.200000762939453,-0.5,-1.1,858.27001953125,41.25,31.0,nan,0.0,0.0
1749516212191850680,,12299,,1749160878,479392766,'',1.6200000047683716,0.0,11.0,-0.883974552154541,-1.3567869663238525,-0.04825478792190552,21.200000762939453,-0.5,-1.1,858.27001953125,41.25,31.0,nan,0.0,0.0
1749516212212838180,,12300,,1749160878,492303371,'',1.6200000047683716,0.0,11.0,-0.8808489441871643,-1.358020305633545,-0.058759018778800964,21.100000381469727,21.1,-1.3,858.280029296875,41.54999923706055,94.0,nan,0.0,0.0
1749516212403059824,,12301,,1749160878,587515354,'',1.6799999475479126,0.0,7.0,-0.7166969180107117,-1.5175021886825562,-0.04406975954771042,20.969999313354492,14.0,7.8,858.2999877929688,41.849998474121094,72.0,nan,0.0,0.0
1749516212585815707,,12302,,1749160878,677191734,'',31.0,0.0,13.0,-0.7092010974884033,-1.5204591751098633,-0.04762108251452446,20.969999313354492,14.0,7.8,858.2999877929688,41.849998474121094,72.0,nan,0.0,0.0
1749516212609204935,,12303,,1749160878,690459728,'',31.0,0.0,13.0,-13.112507820129395,27.976619720458984,-2.5304996967315674,20.1200008392334,-6.9,-0.6,858.27001953125,44.18000030517578,26.0,nan,0.0,0.0
1749516212803955626,,12304,,1749160878,780478715,'',1.7000000476837158,0.0,5.0,-0.6267953515052795,-1.5784263610839844,0.11400594562292099,21.0,-6.9,-0.6,858.27001953125,44.18000030517578,26.0,nan,0.0,0.0
1749516212804060343,,12305,,1749160878,786317586,'',1.7000000476837158,0.0,5.0,-0.6267953515052795,-1.5784263610839844,0.11400594562292099,21.0,14.2,7.9,858.280029296875,41.630001068115234,72.0,nan,0.0,0.0
1749516213006932965,,12306,,1749160878,889426708,'',1.7000000476837158,0.0,4.0,-0.5079217553138733,-1.169364333152771,0.05588826537132263,20.969999313354492,-0.3,-11.5,858.260009765625,41.880001068115234,7.0,nan,0.0,0.0
1749516213201595291,,12307,,1749160878,979232072,'',1.2999999523162842,0.0,360.0,-0.4422651529312134,-1.2229225635528564,0.09471733123064041,20.969999313354492,-0.3,-11.5,858.260009765625,41.880001068115234,7.0,nan,0.0,0.0
1749516213212286963,,12308,,1749160878,992228031,'',1.2999999523162842,0.0,360.0,-0.4422651529312134,-1.2229225635528564,0.09471733123064041,21.030000686645508,2.4,-8.0,858.2899780273438,41.779998779296875,17.0,nan,0.0,0.0
1749516213402840903,,12309,,1749160879,87384462,'',1.25,0.0,359.0,-0.4250965416431427,-1.1753957271575928,0.03372989967465401,21.030000686645508,36.6,11.8,858.260009765625,41.720001220703125,120.0,nan,0.0,0.0
1749516213586752241,,12310,,1749160879,177091360,'',1.5199999809265137,0.0,359.0,-0.46095848083496094,-1.1620543003082275,0.02339150384068489,21.030000686645508,36.6,11.8,858.260009765625,41.720001220703125,120.0,nan,0.0,0.0
1749516213608994720,,12311,,1749160879,190359115,'',1.5199999809265137,0.0,359.0,-0.5686944127082825,-1.40982985496521,0.05333148315548897,21.0,-16.8,8.8,858.27001953125,41.81999969482422,33.0,nan,0.0,0.0
1749516213794893004,,12312,,1749160879,280320882,'',1.4700000286102295,0.0,2.0,-0.5906388759613037,-1.349475383758545,0.0627974197268486,2.0,-16.8,8.8,858.27001953125,41.81999969482422,33.0,nan,0.0,0.0
1749516213800546181,,12313,,1749160879,286113262,'',1.4700000286102295,0.0,2.0,-0.5906388759613037,-1.349475383758545,0.0627974197268486,2.0,11.3,-4.1,858.27001953125,41.790000915527344,46.0,nan,0.0,0.0
1749516214003430141,,12314,,1749160879,387362957,'',1.2000000476837158,0.0,4.0,-0.5668536424636841,-1.0613943338394165,-0.014799739234149456,21.020000457763672,16.3,0.1,858.2999877929688,41.720001220703125,73.0,nan,0.0,0.0
1749516214186947036,,12315,,1749160879,477031469,'',1.1399999856948853,0.0,4.0,-0.6115431785583496,-1.0356558561325073,-0.03914077207446098,21.020000457763672,16.3,0.1,858.2999877929688,41.720001220703125,73.0,nan,0.0,0.0
1749516214208418588,,12316,,1749160879,490168094,'',1.1399999856948853,0.0,4.0,-0.39685219526290894,-1.0778350830078125,-0.003842368256300688,21.139999389648438,20.4,14.5,858.27001953125,41.40999984741211,86.0,nan,0.0,0.0
1749516214388841306,,12317,,1749160879,580036401,'',1.350000023841858,0.0,1.0,-0.6233507394790649,-1.1967955827713013,-0.030972490087151527,21.139999389648438,20.4,14.5,858.27001953125,41.40999984741211,86.0,nan,0.0,0.0
1749516214401010554,,12318,,1749160879,586202859,'',1.350000023841858,0.0,1.0,-0.6221159100532532,-1.197368860244751,-0.032882992178201675,21.139999389648438,9.8,9.2,858.280029296875,41.810001373291016,62.0,nan,0.0,0.0
1749516214605224865,,12319,,1749160879,687208175,'',1.6100000143051147,0.0,2.0,-0.8142645955085754,-1.3896900415420532,0.003535505849868059,20.93000030517578,17.3,6.0,858.260009765625,41.93000030517578,79.0,nan,0.0,0.0
1749516214808929977,,12320,,1749160879,790426731,'',1.6100000143051147,0.0,2.0,-0.7957581281661987,-1.4002177715301514,0.05764191597700119,20.889999389648438,-3.3,-2.6,858.2999877929688,42.060001373291016,26.0,nan,0.0,0.0
1749516214994686124,,12321,,1749160879,880002498,'',1.340000033378601,0.0,357.0,-0.7187375426292419,-1.1370158195495605,0.06565451622009277,20.889999389648438,-3.3,-2.6,858.2999877929688,42.060001373291016,26.0,nan,0.0,0.0
1749516215000426709,,12322,,1749160879,886030912,'',1.340000033378601,0.0,357.0,-0.7302032709121704,-1.130391240119934,0.07713977247476578,20.889999389648438,12.9,7.3,858.260009765625,42.060001373291016,68.0,nan,0.0,0.0
1749516215202067297,,12323,,1749160879,987046241,'',1.0199999809265137,0.0,354.0,-0.5505517721176147,-0.8542993664741516,0.04311005771160126,20.979999542236328,14.5,7.6,858.27001953125,41.7599983215332,71.0,nan,0.0,0.0
1749516215408726329,,12324,,1749160880,90060472,'',1.0199999809265137,0.0,354.0,-0.9897803664207458,-0.8795462250709534,0.06684798747301102,21.020000457763672,20.3,17.8,858.280029296875,41.75,85.0,nan,0.0,0.0
1749516215605779396,,12325,,1749160880,179889678,'',1.7200000286102295,0.0,3.0,-1.3870272636413574,-1.0020053386688232,0.14657670259475708,21.020000457763672,20.3,17.8,858.280029296875,41.75,85.0,nan,0.0,0.0
1749516215605804582,,12326,,1749160880,185986518,'',1.7200000286102295,0.0,3.0,-1.3870272636413574,-1.0020053386688232,0.14657670259475708,21.0,30.1,7.8,858.27001953125,41.900001525878906,111.0,nan,0.0,0.0
1749516215807070466,,12327,,1749160880,286923170,'',1.6299999952316284,0.0,2.0,-1.3662779331207275,-0.8785269260406494,0.14448201656341553,21.030000686645508,-12.5,9.2,858.2999877929688,41.720001220703125,34.0,nan,0.0,0.0
1749516216007821740,,12328,,1749160880,389886617,'',1.6299999952316284,0.0,3.0,-1.148941159248352,-0.5407359600067139,0.11029819399118423,21.040000915527344,-20.3,-0.9,858.280029296875,41.68000030517578,18.0,nan,0.0,0.0
1749516216197699909,,12329,,1749160880,479797363,'',1.190000057220459,0.0,4.0,-1.1109657287597656,-0.4227685332298279,0.12654262781143188,21.040000915527344,-20.3,-0.9,858.280029296875,41.68000030517578,18.0,nan,0.0,0.0
1749516216199509122,,12330,,1749160880,485736370,'',1.190000057220459,0.0,4.0,-1.1109657287597656,-0.4227685332298279,0.12654262781143188,21.079999923706055,13.6,4.5,858.280029296875,41.619998931884766,65.0,nan,0.0,0.0
1749516216408733707,,12331,,1749160880,586935758,'',1.3799999952316284,0.0,2.0,-1.3381544351577759,-0.34270620346069336,0.12617428600788116,21.040000915527344,5.3,2.1,858.280029296875,41.7400016784668,42.0,nan,0.0,0.0
1749516216607560145,,12332,,1749160880,689770460,'',1.3799999952316284,0.0,5.0,-1.3870664834976196,-0.14940664172172546,0.0867195725440979,21.040000915527344,28.0,-1.8,858.27001953125,41.619998931884766,119.0,nan,0.0,0.0
1749516216793103029,,12333,,1749160880,779600381,'',1.649999976158142,0.0,0.0,-1.6340415477752686,-0.10271776467561722,0.0951697900891304,21.040000915527344,28.0,-1.8,858.27001953125,41.619998931884766,119.0,nan,0.0,0.0
1749516216799063229,,12334,,1749160880,785586595,'',1.649999976158142,0.0,0.0,-1.6367266178131104,-0.08769257366657257,0.05600077286362648,21.06999969482422,-5.6,16.6,858.280029296875,41.560001373291016,47.0,nan,0.0,0.0
1749516217005350121,,12335,,1749160880,886782646,'',1.1399999856948853,0.0,12.0,-1.1013506650924683,0.27608728408813477,0.013774268329143524,21.09000015258789,-8.0,13.7,858.27001953125,41.56999969482422,42.0,nan,0.0,0.0
1749516217207738101,,12336,,1749160880,989734649,'',1.1399999856948853,0.0,2.0,-1.115735411643982,0.2831648290157318,0.07028789818286896,21.1200008392334,17.5,8.4,858.27001953125,41.4900016784668,75.0,nan,0.0,0.0
1749516217392030031,,12337,,1749160881,79575300,'',1.059999942779541,0.0,359.0,-1.0114431381225586,0.3090234696865082,0.07202351093292236,21.1200008392334,17.5,8.4,858.27001953125,41.4900016784668,75.0,nan,0.0,0.0
1749516217399087349,,12338,,1749160881,85486173,'',1.059999942779541,0.0,359.0,-1.0083099603652954,0.3201406002044678,0.06723885983228683,21.059999465942383,5.9,2.2,858.2899780273438,41.66999816894531,44.0,nan,0.0,0.0
1749516217603409805,,12339,,1749160881,187685489,'',1.2699999809265137,0.0,360.0,-1.1481608152389526,0.5377458333969116,0.07453969120979309,20.959999084472656,21.7,12.3,858.27001953125,41.90999984741211,84.0,nan,0.0,0.0
1749516217785918602,,12340,,1749160881,277415513,'',1.3300000429153442,0.0,358.0,-1.083749771118164,0.6620921492576599,-0.010974056087434292,20.959999084472656,21.7,12.3,858.27001953125,41.90999984741211,84.0,nan,0.0,0.0
1749516217807128895,,12341,,1749160881,289497613,'',1.3300000429153442,0.0,358.0,-1.1431790590286255,0.6616836190223694,-0.014714422635734081,21.010000228881836,0.9,12.5,858.2899780273438,41.689998626708984,51.0,nan,0.0,0.0
1749516217991845264,,12342,,1749160881,379390716,'',1.3600000143051147,0.0,360.0,-1.059654712677002,0.8524587154388428,-0.012079695239663124,21.010000228881836,0.9,12.5,858.2899780273438,41.689998626708984,51.0,nan,0.0,0.0
1749516218013415627,,12343,,1749160881,392666339,'',1.3600000143051147,0.0,360.0,-1.0370391607284546,0.8799115419387817,0.002356442855671048,21.010000228881836,-12.2,20.6,858.27001953125,41.7599983215332,46.0,nan,0.0,0.0
1749516218208729829,,12344,,1749160881,487511873,'',1.2899999618530273,0.0,2.0,-0.8917921781539917,0.9323714971542358,0.04461093246936798,20.90999984741211,-1.4,10.8,858.2899780273438,42.09000015258789,47.0,nan,0.0,0.0
1749516218383506825,,12345,,1749160881,577247858,'',1.0800000429153442,0.0,3.0,-0.8025146722793579,1.0080912113189697,0.07951325923204422,20.90999984741211,-1.4,10.8,858.2899780273438,42.09000015258789,47.0,nan,0.0,0.0
1749516218412893635,,12346,,1749160881,589425325,'',1.0800000429153442,0.0,3.0,-0.6831896901130676,0.833904504776001,0.06523150950670242,20.959999084472656,-8.1,-3.3,858.280029296875,41.970001220703125,23.0,nan,0.0,0.0
1749516218594607018,,12347,,1749160881,679364919,'',1.75,0.0,360.0,-1.0611796379089355,1.3896235227584839,0.07310580462217331,20.959999084472656,-8.1,-3.3,858.280029296875,41.970001220703125,23.0,nan,0.0,0.0
1749516218612722013,,12348,,1749160881,692353725,'',1.75,0.0,360.0,-1.0560028553009033,1.394616723060608,0.04901314526796341,20.809999465942383,26.0,0.6,858.2899780273438,42.22999954223633,102.0,nan,0.0,0.0
1749516218812715220,,12349,,1749160881,787468910,'',1.4900000095367432,0.0,347.0,-1.0133553743362427,1.0856449604034424,-0.03053717128932476,20.969999313354492,-38.8,-3.4,858.2999877929688,41.88999938964844,14.0,nan,0.0,0.0
1749516218982511356,,12350,,1749160881,877155065,'',1.1399999856948853,0.0,3.0,-0.9289084076881409,1.16323983669281,0.02400064468383789,20.969999313354492,-38.8,-3.4,858.2999877929688,41.88999938964844,14.0,nan,0.0,0.0
1749516219009587595,,12351,,1749160881,889358520,'',1.1399999856948853,0.0,3.0,-0.6997947096824646,0.8933260440826416,0.020142551511526108,20.93000030517578,-6.7,25.1,858.280029296875,41.93000030517578,54.0,nan,0.0,0.0
1749516219191420813,,12352,,1749160881,979279041,'',1.2200000286102295,0.0,354.0,-0.6088855862617493,1.0499552488327026,0.06938862800598145,20.93000030517578,-6.7,25.1,858.280029296875,41.93000030517578,54.0,nan,0.0,0.0
1749516219210820116,,12353,,1749160881,991283178,'',1.2200000286102295,0.0,354.0,-0.6104159951210022,1.0484453439712524,0.07553965598344803,20.989999771118164,17.2,4.7,858.280029296875,41.81999969482422,73.0,nan,0.0,0.0
1749516219410661159,,12354,,1749160882,83449363,'',1.409999966621399,0.0,351.0,-0.7230122685432434,1.215692162513733,0.0880105122923851,20.969999313354492,17.2,4.7,858.280029296875,41.81999969482422,73.0,nan,0.0,0.0
1749516219410975162,,12355,,1749160882,87545394,'',1.409999966621399,0.0,351.0,-0.7125468254089355,1.2220449447631836,0.08534183353185654,20.969999313354492,-1.1,-9.3,858.2899780273438,41.81999969482422,19.0,nan,0.0,0.0
1749516219582562609,,12356,,1749160882,177195787,'',1.6399999856948853,0.0,3.0,-0.6523646116256714,1.2580970525741577,-0.003500726306810975,20.969999313354492,-1.1,-9.3,858.2899780273438,41.81999969482422,19.0,nan,0.0,0.0
1749516219606897384,,12357,,1749160882,189445257,'',1.6399999856948853,0.0,3.0,-0.615159809589386,1.514220952987671,-0.003631657687947154,20.959999084472656,13.8,14.6,858.2899780273438,41.91999816894531,71.0,nan,0.0,0.0
1749516219790905010,,12358,,1749160882,279281377,'',1.5299999713897705,0.0,351.0,-0.6310592889785767,1.3924574851989746,-0.022938484326004982,20.959999084472656,13.8,14.6,858.2899780273438,41.91999816894531,71.0,nan,0.0,0.0
1749516219812951744,,12359,,1749160882,292322635,'',1.5299999713897705,0.0,351.0,-0.6255994439125061,1.3949637413024902,-0.0200364850461483,20.940000534057617,-12.7,-2.1,858.2899780273438,41.97999954223633,24.0,nan,0.0,0.0
1749516220009970268,,12360,,1749160882,387373208,'',1.350000023841858,0.0,349.0,-0.5794910192489624,1.2272974252700806,0.030834544450044632,20.950000762939453,-12.9,-3.5,858.280029296875,41.939998626708984,22.0,nan,0.0,0.0
1749516220182685955,,12361,,1749160882,477203130,'',1.3600000143051147,0.0,3.0,-0.5657029747962952,1.2336432933807373,0.03754680976271629,20.950000762939453,-12.9,-3.5,858.280029296875,41.939998626708984,22.0,nan,0.0,0.0
1749516220214283134,,12362,,1749160882,490287303,'',1.3600000143051147,0.0,3.0,-0.5374481081962585,1.2531112432479858,0.03659440577030182,20.950000762939453,13.4,-0.0,858.2999877929688,41.86000061035156,61.0,nan,0.0,0.0
1749516220393640017,,12363,,1749160882,580233812,'',1.7100000381469727,0.0,343.0,-0.8222020864486694,1.5020191669464111,0.0613885335624218,2.0,13.4,-0.0,858.2999877929688,41.86000061035156,61.0,nan,0.0,0.0
1749516220401023326,,12364,,1749160882,586115121,'',1.7100000381469727,0.0,343.0,-0.8217699527740479,1.5022581815719604,0.06111857667565346,2.0,-0.6,-0.9,858.2999877929688,41.779998779296875,36.0,nan,0.0,0.0
1749516220610721346,,12365,,1749160882,689378499,'',1.7100000381469727,0.0,351.0,-0.5757733583450317,1.4703928232192993,0.05029812827706337,20.950000762939453,-1.9,-0.8,858.2899780273438,41.93000030517578,34.0,nan,0.0,0.0
1749516220789924700,,12366,,1749160882,779170513,'',1.6299999952316284,0.0,346.0,-0.762455940246582,1.44020676612854,0.029419656842947006,20.950000762939453,-1.9,-0.8,858.2899780273438,41.93000030517578,34.0,nan,0.0,0.0
1749516220811009454,,12367,,1749160882,791482925,'',1.6299999952316284,0.0,346.0,-0.7499864101409912,1.4469746351242065,0.01358788087964058,21.040000915527344,-3.6,-13.3,858.2899780273438,41.619998931884766,9.0,nan,0.0,0.0
1749516221011371836,,12368,,1749160882,883449077,'',1.2100000381469727,0.0,357.0,-0.2903035283088684,1.1755869388580322,-0.004389217123389244,21.1299991607666,-3.6,-13.3,858.2899780273438,41.0,9.0,nan,0.0,0.0
1749516221011407605,,12369,,1749160882,887008905,'',1.2100000381469727,0.0,357.0,-0.2893807888031006,1.1758737564086914,-0.002855410100892186,21.1299991607666,-11.0,7.3,858.2999877929688,41.0,37.0,nan,0.0,0.0
1749516221182254604,,12370,,1749160882,977010726,'',1.2400000095367432,0.0,357.0,-0.29002606868743896,1.1755263805389404,-0.004848923068493605,21.1299991607666,-11.0,7.3,858.2999877929688,41.0,37.0,nan,0.0,0.0
1749516221212564098,,12371,,1749160882,990527153,'',1.2400000095367432,0.0,357.0,-0.38276562094688416,1.1774877309799194,0.005465674679726362,21.190000534057617,0.2,7.2,858.27001953125,41.2400016784668,48.0,nan,0.0,0.0
1749516221393517572,,12372,,1749160883,80153226,'',1.2999999523162842,0.0,346.0,-0.5323034524917603,1.1935949325561523,0.03137059137225151,21.190000534057617,0.2,7.2,858.27001953125,41.2400016784668,48.0,nan,0.0,0.0
1749516221400087472,,12373,,1749160883,86082220,'',1.2999999523162842,0.0,346.0,-0.5269776582717896,1.1960070133209229,0.029355859383940697,21.190000534057617,3.1,-6.4,858.27001953125,41.599998474121094,31.0,nan,0.0,0.0
1749516221602775347,,12374,,1749160883,187244176,'',1.4299999475479126,0.0,340.0,-0.6655949354171753,1.2581464052200317,-0.0005285433144308627,21.1299991607666,16.6,0.8,858.27001953125,41.43000030517578,74.0,nan,0.0,0.0
1749516221782314551,,12375,,1749160883,277005195,'',1.5299999713897705,0.0,340.0,-0.613005518913269,1.2818669080734253,-0.06731509417295456,21.1299991607666,16.6,0.8,858.27001953125,41.43000030517578,74.0,nan,0.0,0.0
1749516221812065763,,12376,,1749160883,290458202,'',1.5299999713897705,0.0,340.0,-0.47448989748954773,1.4492583274841309,-0.053941041231155396,21.049999237060547,4.4,8.8,858.2999877929688,41.650001525878906,56.0,nan,0.0,0.0
1749516221992064060,,12377,,1749160883,380230903,'',1.159999966621399,0.0,353.0,-0.3036554157733917,1.1177146434783936,-0.024645648896694183,21.049999237060547,4.4,8.8,858.2999877929688,41.650001525878906,56.0,nan,0.0,0.0
1749516222000738076,,12378,,1749160883,386076927,'',1.159999966621399,0.0,353.0,-0.30707448720932007,1.1167329549789429,-0.026699934154748917,21.049999237060547,-23.4,-9.3,858.280029296875,41.349998474121094,12.0,nan,0.0,0.0
1749516222211902387,,12379,,1749160883,487079381,'',0.8399999737739563,0.0,352.0,-0.26027095317840576,0.7946923971176147,-0.027394719421863556,21.200000762939453,4.8,-5.1,858.27001953125,41.209999084472656,37.0,nan,0.0,0.0
1749516222382194548,,12380,,1749160883,577073574,'',1.3300000429153442,0.0,352.0,-0.270037442445755,0.7931044697761536,-0.00812289584428072,21.200000762939453,4.8,-5.1,858.27001953125,41.209999084472656,37.0,nan,0.0,0.0
1749516222414020548,,12381,,1749160883,590127468,'',1.3300000429153442,0.0,352.0,-0.5306164622306824,1.2241028547286987,-0.004304226487874985,21.170000076293945,21.5,-3.9,858.280029296875,41.29999923706055,90.0,nan,0.0,0.0
1749516222592246900,,12382,,1749160883,680003643,'',1.4299999475479126,0.0,345.0,-0.6714681386947632,1.258777141571045,-0.033700618892908096,21.170000076293945,21.5,-3.9,858.280029296875,41.29999923706055,90.0,nan,0.0,0.0
1749516222600084260,,12383,,1749160883,685946226,'',1.4299999475479126,0.0,345.0,-0.6808199286460876,1.2529700994491577,-0.04325158894062042,21.170000076293945,-0.4,-11.5,858.280029296875,41.43000030517578,16.0,nan,0.0,0.0
1749516222814053885,,12384,,1749160883,787162542,'',1.5700000524520874,0.0,342.0,-0.8498489856719971,1.3180068731307983,-0.00829166267067194,21.1200008392334,14.9,2.6,858.280029296875,41.400001525878906,70.0,nan,0.0,0.0
1749516223009738074,,12385,,1749160883,890644073,'',1.5700000524520874,0.0,342.0,-0.6632992625236511,1.1993364095687866,-0.08556580543518066,21.190000534057617,-16.6,-19.6,858.2899780273438,41.27000045776367,357.0,nan,0.0,0.0
1749516223190865560,,12386,,1749160883,979973793,'',1.3200000524520874,0.0,339.0,-0.8199759125709534,1.024380087852478,-0.07499144226312637,21.190000534057617,-16.6,-19.6,858.2899780273438,41.27000045776367,357.0,nan,0.0,0.0
1749516223200865547,,12387,,1749160883,986090183,'',1.3200000524520874,0.0,339.0,-0.8177670240402222,1.027328610420227,-0.06843748688697815,21.190000534057617,-4.7,6.2,858.280029296875,40.79999923706055,43.0,nan,0.0,0.0
1749516223402690538,,12388,,1749160884,87017774,'',1.2300000190734863,0.0,341.0,-0.7860980033874512,0.9492776393890381,-0.0438392236828804,21.3799991607666,-5.2,-1.5,858.2899780273438,40.84000015258789,31.0,nan,0.0,0.0
1749516223611886722,,12389,,1749160884,188981771,'',1.2300000190734863,0.0,339.0,-0.6858025789260864,0.5970320105552673,-0.06802616268396378,21.40999984741211,-1.7,-10.6,858.27001953125,40.7400016784668,18.0,nan,0.0,0.0
1749516223786070334,,12390,,1749160884,278793811,'',1.0700000524520874,0.0,342.0,-0.8448457717895508,0.62421715259552,-0.11040189862251282,21.40999984741211,-1.7,-10.6,858.27001953125,40.7400016784668,18.0,nan,0.0,0.0
1749516223809541203,,12391,,1749160884,290851116,'',1.0700000524520874,0.0,342.0,-0.8462727069854736,0.6130069494247437,-0.11353122442960739,21.389999389648438,7.6,-1.1,858.280029296875,40.709999084472656,48.0,nan,0.0,0.0
1749516223994203687,,12392,,1749160884,380895853,'',1.090000033378601,0.0,349.0,-0.9012682437896729,0.6064950227737427,-0.07785413414239883,21.399999618530273,7.6,-1.1,858.280029296875,40.709999084472656,48.0,nan,0.0,0.0
1749516224001902833,,12393,,1749160884,386712074,'',1.090000033378601,0.0,349.0,-0.9133925437927246,0.5888961553573608,-0.07377755641937256,21.399999618530273,-14.3,3.4,858.280029296875,40.709999084472656,31.0,nan,0.0,0.0
1749516224208739036,,12394,,1749160884,490022420,'',1.090000033378601,0.0,351.0,-0.6876974701881409,0.26656195521354675,-0.03221781551837921,21.469999313354492,-5.8,-4.5,858.2999877929688,40.4900016784668,24.0,nan,0.0,0.0
1749516224390845068,,12395,,1749160884,579845428,'',0.5899999737739563,0.0,346.0,-0.5825720429420471,0.069857157766819,0.01515820063650608,21.469999313354492,-5.8,-4.5,858.2999877929688,40.4900016784668,24.0,nan,0.0,0.0
1749516224400276503,,12396,,1749160884,585845947,'',0.5899999737739563,0.0,346.0,-0.5834292769432068,0.05965423956513405,0.023487163707613945,21.459999084472656,4.9,-7.2,858.280029296875,40.58000183105469,29.0,nan,0.0,0.0
1749516224602003315,,12397,,1749160884,686944484,'',0.6800000071525574,0.0,352.0,-0.6683129668235779,0.1009116843342781,-0.01321464218199253,21.520000457763672,16.1,-8.6,858.2899780273438,40.45000076293945,49.0,nan,0.0,0.0
1749516224807962749,,12398,,1749160884,790001869,'',0.6800000071525574,0.0,352.0,-0.865727424621582,-0.274048775434494,0.05926408991217613,21.43000030517578,21.5,-18.5,858.27001953125,40.5099983215332,276.0,nan,0.0,0.0
1749516224990691039,,12399,,1749160884,879905939,'',1.6200000047683716,0.0,349.0,-1.3381341695785522,-0.9045224785804749,0.12136343866586685,21.43000030517578,21.5,-18.5,858.27001953125,40.5099983215332,276.0,nan,0.0,0.0
1749516224999611709,,12400,,1749160884,885724306,'',1.6200000047683716,0.0,349.0,-1.2623660564422607,-1.0073918104171753,0.09837502986192703,21.270000457763672,12.9,-27.7,858.2899780273438,40.97999954223633,309.0,nan,0.0,0.0
1749516225205915821,,12401,,1749160884,988894701,'',1.1200000047683716,0.0,341.0,-0.6494788527488708,-0.9117394089698792,0.010415584780275822,21.219999313354492,-14.3,-37.6,858.280029296875,41.20000076293945,328.0,nan,0.0,0.0
1749516225385897480,,12402,,1749160885,78678607,'',1.2899999618530273,0.0,325.0,-0.2446075826883316,-1.2112153768539429,-0.07761799544095993,21.219999313354492,-14.3,-37.6,858.280029296875,41.20000076293945,328.0,nan,0.0,0.0
1749516225415811032,,12403,,1749160885,91640472,'',1.2899999618530273,0.0,325.0,-0.33888813853263855,-1.1647953987121582,-0.1870969533920288,21.280000686645508,-16.9,-8.5,858.2899780273438,41.029998779296875,9.0,nan,0.0,0.0
1749516225602390510,,12404,,1749160885,187050342,'',1.1299999952316284,0.0,342.0,-0.4119504690170288,-1.0109915733337402,-0.2219623476266861,21.389999389648438,12.8,19.0,858.2999877929688,40.720001220703125,70.0,nan,0.0,0.0
1749516225808908353,,12405,,1749160885,290237188,'',1.1299999952316284,0.0,8.0,-0.45987775921821594,-1.1344349384307861,0.022854499518871307,21.3700008392334,2.3,6.7,858.3099975585938,40.790000915527344,46.0,nan,0.0,0.0
1749516225987536781,,12406,,1749160885,379577398,'',1.1799999475479126,0.0,10.0,-0.27955278754234314,-1.142788290977478,0.07473309338092804,21.3700008392334,2.3,6.7,858.3099975585938,40.790000915527344,46.0,nan,0.0,0.0
1749516226006417095,,12407,,1749160885,385579347,'',1.1799999475479126,0.0,10.0,-0.29279640316963196,-1.138779878616333,0.084561288356781,21.360000610351562,-8.6,-16.0,858.2899780273438,40.90999984741211,356.0,nan,0.0,0.0
1749516226216227378,,12408,,1749160885,486769437,'',1.0,0.0,13.0,-0.12248696386814117,-0.9873322248458862,-0.0006344364956021309,21.239999771118164,-3.7,-15.2,858.2999877929688,41.130001068115234,356.0,nan,0.0,0.0
1749516226407698614,,12409,,1749160885,589645385,'',1.0,0.0,12.0,-0.9196861386299133,0.36765867471694946,-0.5205439925193787,21.200000762939453,-11.7,-10.3,858.2899780273438,41.22999954223633,7.0,nan,0.0,0.0
1749516226588146495,,12410,,1749160885,679702043,'',1.0099999904632568,0.0,24.0,-0.8099249601364136,0.24494753777980804,-0.668340802192688,21.200000762939453,-11.7,-10.3,858.2899780273438,41.22999954223633,7.0,nan,0.0,0.0
1749516226600142906,,12411,,1749160885,685645103,'',1.0099999904632568,0.0,24.0,-0.8150956630706787,0.1917065978050232,-0.6784771680831909,21.270000457763672,-19.5,10.6,858.2999877929688,41.04999923706055,34.0,nan,0.0,0.0
1749516226805976897,,12412,,1749160885,786786794,'',0.7699999809265137,0.0,49.0,0.11849875748157501,-0.7519158720970154,-0.05515728145837784,21.440000534057617,-19.5,17.8,858.2999877929688,40.68000030517578,41.0,nan,0.0,0.0
1749516227020362863,,12413,,1749160885,889643430,'',0.7699999809265137,0.0,67.0,-0.00025720178382471204,-0.9773367643356323,0.03906787559390068,21.420000076293945,1.6,13.0,858.2899780273438,40.689998626708984,55.0,nan,0.0,0.0
1749516227187630149,,12414,,1749160885,979530096,'',0.6499999761581421,0.0,78.0,-0.05464712530374527,-0.6507792472839355,-0.00024628263781778514,21.420000076293945,1.6,13.0,858.2899780273438,40.689998626708984,55.0,nan,0.0,0.0
1749516227217687182,,12415,,1749160885,985524177,'',0.6499999761581421,0.0,78.0,-0.055583491921424866,-0.6506624817848206,0.006986923515796661,21.360000610351562,7.5,-5.9,858.2899780273438,40.779998779296875,39.0,nan,0.0,0.0
1749516227401262165,,12416,,1749160886,86664676,'',0.3799999952316284,0.0,94.0,-0.12458594888448715,-0.3175826072692871,0.06712867319583893,21.030000686645508,6.0,-15.2,858.3099975585938,41.65999984741211,4.0,nan,0.0,0.0
1749516227607343454,,12417,,1749160886,188731670,'',0.3799999952316284,0.0,91.0,-0.06365463137626648,-0.5468646287918091,0.10289380699396133,21.260000228881836,-8.5,-0.5,858.3300170898438,41.06999969482422,30.0,nan,0.0,0.0
1749516227785863766,,12418,,1749160886,278482675,'',0.6499999761581421,0.0,92.0,-0.00535045750439167,-0.6428973078727722,0.09619973599910736,21.260000228881836,-8.5,-0.5,858.3300170898438,41.06999969482422,30.0,nan,0.0,0.0
1749516227810961884,,12419,,1749160886,291456937,'',0.6499999761581421,0.0,92.0,-0.0019540165085345507,-0.6436344981193542,0.08316027373075485,21.229999542236328,-31.2,-0.4,858.3200073242188,41.16999816894531,20.0,nan,0.0,0.0
1749516228003198930,,12420,,1749160886,387615442,'',0.9399999976158142,0.0,84.0,0.2089242935180664,-0.8875323534011841,0.09292908012866974,21.1299991607666,-14.5,15.9,858.3200073242188,41.40999984741211,45.0,nan,0.0,0.0
1749516228182828015,,12421,,1749160886,477308750,'',0.9200000166893005,0.0,86.0,0.17341919243335724,-0.9098714590072632,-0.00865623913705349,21.1299991607666,-14.5,15.9,858.3200073242188,41.40999984741211,45.0,nan,0.0,0.0
1749516228208938070,,12422,,1749160886,490464925,'',0.9200000166893005,0.0,86.0,0.11262751370668411,-0.9155975580215454,-0.011929333209991455,21.1200008392334,1.6,-2.0,858.3200073242188,41.40999984741211,40.0,nan,0.0,0.0
1749516228389301598,,12423,,1749160886,580440282,'',0.9800000190734863,0.0,83.0,0.12765663862228394,-0.9384660124778748,0.050960805267095566,21.100000381469727,1.6,-2.0,858.3200073242188,41.40999984741211,40.0,nan,0.0,0.0
1749516228401996253,,12424,,1749160886,586340665,'',0.9800000190734863,0.0,83.0,0.15277418494224548,-0.9425058960914612,0.008576656691730022,21.100000381469727,13.3,-21.4,858.3200073242188,41.34000015258789,323.0,nan,0.0,0.0
1749516228607174070,,12425,,1749160886,689397573,'',0.9800000190734863,0.0,93.0,-0.10418161004781723,-0.7557811737060547,0.08686287701129913,21.06999969482422,10.8,-16.3,858.3499755859375,41.540000915527344,7.0,nan,0.0,0.0
1749516228787084965,,12426,,1749160886,779282093,'',0.2800000011920929,0.0,156.0,-0.2835807800292969,-0.10115917772054672,0.004091736860573292,21.06999969482422,10.8,-16.3,858.3499755859375,41.540000915527344,7.0,nan,0.0,0.0
1749516228813219134,,12427,,1749160886,792185306,'',0.2800000011920929,0.0,156.0,-0.29514938592910767,-0.08346797525882721,-0.010835004970431328,21.170000076293945,-13.6,-18.6,858.3499755859375,41.369998931884766,358.0,nan,0.0,0.0
1749516229003136113,,12428,,1749160886,887388944,'',0.47999998927116394,0.0,39.0,0.2808469533920288,-0.2252858579158783,0.20039327442646027,21.030000686645508,-23.0,-2.1,858.3800048828125,41.70000076293945,21.0,nan,0.0,0.0
1749516229182306391,,12429,,1749160886,977160215,'',0.3199999928474426,0.0,1.0,0.2999618649482727,-0.1893923431634903,0.20782779157161713,21.030000686645508,-23.0,-2.1,858.3800048828125,41.70000076293945,21.0,nan,0.0,0.0
1749516229219454968,,12430,,1749160886,990373373,'',0.3199999928474426,0.0,1.0,-0.06149197369813919,-0.2914196848869324,0.052188340574502945,21.030000686645508,-34.8,-23.0,858.3800048828125,41.63999938964844,354.0,nan,0.0,0.0
1749516229388676205,,12431,,1749160887,80169200,'',1.309999942779541,0.0,201.0,-1.2851471900939941,0.2747249901294708,-0.24183598160743713,2.0,-34.8,-23.0,858.3800048828125,41.63999938964844,354.0,nan,0.0,0.0
1749516229400694364,,12432,,1749160887,86125612,'',1.309999942779541,0.0,201.0,-1.2776578664779663,0.3079909682273865,-0.2337309569120407,2.0,-47.2,-18.0,858.4000244140625,41.459999084472656,1.0,nan,0.0,0.0
1749516229606635723,,12433,,1749160887,189264297,'',1.309999942779541,0.0,201.0,-1.0540598630905151,0.13519708812236786,-0.07539055496454239,21.229999542236328,-9.2,40.0,858.3699951171875,41.15999984741211,62.0,nan,0.0,0.0
1749516229786945682,,12434,,1749160887,279152154,'',1.5299999713897705,0.0,201.0,-1.5149003267288208,0.18961293995380402,0.022972023114562035,21.229999542236328,-9.2,40.0,858.3699951171875,41.15999984741211,62.0,nan,0.0,0.0
1749516229812602093,,12435,,1749160887,292108058,'',1.5299999713897705,0.0,201.0,-1.5131924152374268,0.11429404467344284,0.11537779122591019,21.040000915527344,-4.3,-33.1,858.3800048828125,41.599998474121094,329.0,nan,0.0,0.0
1749516230002992572,,12436,,1749160887,387261629,'',0.6899999976158142,0.0,218.0,-0.5784593820571899,0.2390567809343338,0.09905509650707245,20.889999389648438,48.3,0.4,858.3599853515625,41.9900016784668,145.0,nan,0.0,0.0
1749516230182163355,,12437,,1749160887,476991415,'',0.75,0.0,218.0,-0.5926913619041443,0.23497755825519562,0.07943873852491379,20.889999389648438,48.3,0.4,858.3599853515625,41.9900016784668,145.0,nan,0.0,0.0
1749516230209004289,,12438,,1749160887,490229129,'',0.75,0.0,218.0,0.7477471828460693,-0.06458880007266998,-0.15254275500774384,21.100000381469727,17.5,15.3,858.3900146484375,41.40999984741211,83.0,nan,0.0,0.0
1749516230388599104,,12439,,1749160887,580147027,'',0.49000000953674316,0.0,35.0,0.43756213784217834,-0.18939656019210815,-0.050956740975379944,2.0,17.5,15.3,858.3900146484375,41.40999984741211,83.0,nan,0.0,0.0
1749516230405570066,,12440,,1749160887,586123466,'',0.49000000953674316,0.0,35.0,0.4374845325946808,-0.18707947432994843,-0.044978126883506775,2.0,-4.0,4.1,858.4099731445312,41.529998779296875,45.0,nan,0.0,0.0
1749516230606632124,,12441,,1749160887,689261198,'',0.49000000953674316,0.0,198.0,-0.6336851716041565,0.06132322549819946,0.08235611766576767,21.139999389648438,-23.2,-5.3,858.4000244140625,41.38999938964844,19.0,nan,0.0,0.0
1749516230786247624,,12442,,1749160887,778975009,'',0.5099999904632568,0.0,216.0,-0.44997841119766235,0.18850451707839966,0.07800950109958649,21.139999389648438,-23.2,-5.3,858.4000244140625,41.38999938964844,19.0,nan,0.0,0.0
1749516230811089955,,12443,,1749160887,791109800,'',0.5099999904632568,0.0,216.0,-0.4399721920490265,0.17099960148334503,0.06549421697854996,21.3700008392334,11.3,4.9,858.4000244140625,40.84000015258789,70.0,nan,0.0,0.0
