rosbagTimestamp,header,seq,stamp,secs,nsecs,frame_id,rssi,channels
1748401228745253472,,23703,,1747960082,884104640,'',41,"[1364, 1494, 1492, 1492, 1939, 2006, 1494, 1494, 874, 874, 874, 874, 874, 874, 874, 874, 998, 998]"
1748401228844915207,,23704,,1747960082,929104640,'',41,"[1364, 1494, 1492, 1492, 1939, 2006, 1494, 1494, 874, 874, 874, 874, 874, 874, 874, 874, 998, 998]"
1748401228943428424,,23705,,1747960082,972106688,'',41,"[1364, 1494, 1492, 1492, 1939, 2006, 1494, 1494, 874, 874, 874, 874, 874, 874, 874, 874, 998, 998]"
1748401229048404501,,23706,,1747960083,36106688,'',41,"[1364, 1494, 1492, 1492, 1939, 2006, 1494, 1494, 874, 874, 874, 874, 874, 874, 874, 874, 998, 998]"
1748401229143681719,,23707,,1747960083,58106688,'',41,"[1364, 1494, 1492, 1492, 1939, 2006, 1494, 1494, 874, 874, 874, 874, 874, 874, 874, 874, 998, 998]"
1748401229246481540,,23708,,1747960083,125107456,'',41,"[1364, 1494, 1492, 1491, 1939, 2006, 1494, 1494, 874, 874, 874, 874, 874, 874, 874, 874, 998, 998]"
1748401229344728037,,23709,,1747960083,167107456,'',41,"[1364, 1494, 1492, 1491, 1939, 2006, 1494, 1494, 874, 874, 874, 874, 874, 874, 874, 874, 998, 998]"
1748401229447934254,,23710,,1747960083,235107712,'',41,"[1364, 1494, 1492, 1491, 1939, 2006, 1494, 1494, 874, 874, 874, 874, 874, 874, 874, 874, 998, 998]"
1748401229544272990,,23711,,1747960083,278107712,'',41,"[1364, 1494, 1492, 1491, 1939, 2006, 1494, 1494, 874, 874, 874, 874, 874, 874, 874, 874, 998, 998]"
1748401229645652412,,23712,,1747960083,323107968,'',41,"[1364, 1494, 1492, 1491, 1939, 2006, 1494, 1494, 874, 874, 874, 874, 874, 874, 874, 874, 998, 998]"
1748401229745466520,,23713,,1747960083,368107968,'',41,"[1364, 1494, 1492, 1491, 1939, 2006, 1494, 1494, 874, 874, 874, 874, 874, 874, 874, 874, 998, 998]"
1748401229845181439,,23714,,1747960083,413107968,'',41,"[1364, 1494, 1492, 1491, 1939, 2006, 1494, 1494, 874, 874, 874, 874, 874, 874, 874, 874, 998, 998]"
1748401229939427434,,23715,,1747960083,478111808,'',41,"[1364, 1494, 1492, 1491, 1939, 2006, 1494, 1494, 874, 874, 874, 874, 874, 874, 874, 874, 998, 998]"
1748401230047109175,,23716,,1747960083,522113088,'',40,"[1364, 1494, 1492, 1491, 1939, 2006, 1494, 1494, 874, 874, 874, 874, 874, 874, 874, 874, 998, 998]"
1748401230143813533,,23717,,1747960083,567113088,'',41,"[1364, 1494, 1492, 1491, 1939, 2006, 1494, 1494, 874, 874, 874, 874, 874, 874, 874, 874, 998, 998]"
1748401230244722188,,23718,,1747960083,632113088,'',41,"[1364, 1494, 1492, 1491, 1939, 2006, 1494, 1494, 874, 874, 874, 874, 874, 874, 874, 874, 998, 998]"
1748401230345138426,,23719,,1747960083,678118720,'',41,"[1364, 1494, 1492, 1491, 1939, 2006, 1494, 1494, 874, 874, 874, 874, 874, 874, 874, 874, 998, 998]"
1748401230444605795,,23720,,1747960083,723118720,'',41,"[1364, 1494, 1492, 1491, 1939, 2006, 1494, 1494, 874, 874, 874, 874, 874, 874, 874, 874, 998, 998]"
1748401230540372935,,23721,,1747960083,768122304,'',41,"[1364, 1494, 1492, 1491, 1939, 2006, 1494, 1494, 874, 874, 874, 874, 874, 874, 874, 874, 998, 998]"
1748401230645976389,,23722,,1747960083,834122816,'',40,"[1364, 1494, 1492, 1491, 1939, 2006, 1494, 1494, 874, 874, 874, 874, 874, 874, 874, 874, 998, 998]"
1748401230740063599,,23723,,1747960083,877122816,'',41,"[1364, 1494, 1492, 1491, 1939, 2006, 1494, 1494, 874, 874, 874, 874, 874, 874, 874, 874, 998, 998]"
1748401230845766588,,23724,,1747960083,920122816,'',41,"[1364, 1494, 1492, 1491, 1939, 2006, 1494, 1494, 874, 874, 874, 874, 874, 874, 874, 874, 998, 998]"
1748401230945440699,,23725,,1747960083,965126400,'',41,"[1364, 1494, 1492, 1491, 1939, 2006, 1494, 1494, 874, 874, 874, 874, 874, 874, 874, 874, 998, 998]"
1748401231047738394,,23726,,1747960084,33126144,'',41,"[1364, 1494, 1492, 1491, 1939, 2006, 1494, 1494, 874, 874, 874, 874, 874, 874, 874, 874, 998, 998]"
1748401231144539925,,23727,,1747960084,78126144,'',41,"[1364, 1494, 1492, 1491, 1939, 2006, 1494, 1494, 874, 874, 874, 874, 874, 874, 874, 874, 998, 998]"
1748401231245235716,,23728,,1747960084,120126144,'',41,"[1364, 1494, 1492, 1491, 1939, 2006, 1494, 1494, 874, 874, 874, 874, 874, 874, 874, 874, 998, 998]"
1748401231345924213,,23729,,1747960084,184129728,'',41,"[1364, 1494, 1492, 1491, 1939, 2006, 1494, 1494, 874, 874, 874, 874, 874, 874, 874, 874, 998, 998]"
1748401231445141124,,23730,,1747960084,227130240,'',41,"[1364, 1494, 1492, 1491, 1939, 2006, 1494, 1494, 874, 874, 874, 874, 874, 874, 874, 874, 998, 998]"
1748401231543171956,,23731,,1747960084,269130240,'',41,"[1364, 1494, 1492, 1491, 1939, 2006, 1494, 1494, 874, 874, 874, 874, 874, 874, 874, 874, 998, 998]"
1748401231646705156,,23732,,1747960084,314130496,'',41,"[1364, 1494, 1492, 1491, 1939, 2006, 1494, 1494, 874, 874, 874, 874, 874, 874, 874, 874, 998, 998]"
1748401231742970158,,23733,,1747960084,382130496,'',41,"[1364, 1494, 1492, 1491, 1939, 2006, 1494, 1494, 874, 874, 874, 874, 874, 874, 874, 874, 998, 998]"
1748401231846608649,,23734,,1747960084,427130496,'',41,"[1364, 1494, 1492, 1491, 1939, 2006, 1494, 1494, 874, 874, 874, 874, 874, 874, 874, 874, 998, 998]"
1748401231942534016,,23735,,1747960084,470130496,'',41,"[1364, 1494, 1492, 1491, 1939, 2006, 1494, 1494, 874, 874, 874, 874, 874, 874, 874, 874, 998, 998]"
1748401232046119829,,23736,,1747960084,515131776,'',41,"[1364, 1494, 1492, 1491, 1939, 2006, 1494, 1494, 874, 874, 874, 874, 874, 874, 874, 874, 998, 998]"
1748401232140028970,,23737,,1747960084,583131776,'',41,"[1364, 1494, 1492, 1491, 1939, 2006, 1494, 1494, 874, 874, 874, 874, 874, 874, 874, 874, 998, 998]"
1748401232247890427,,23738,,1747960084,627133312,'',41,"[1364, 1494, 1492, 1491, 1939, 2006, 1494, 1494, 874, 874, 874, 874, 874, 874, 874, 874, 998, 998]"
1748401232339721975,,23739,,1747960084,672133312,'',41,"[1363, 1494, 1492, 1491, 1939, 2006, 1494, 1494, 874, 874, 874, 874, 874, 874, 874, 874, 998, 998]"
1748401232445779860,,23740,,1747960084,717134592,'',41,"[1363, 1494, 1492, 1491, 1939, 2006, 1494, 1494, 874, 874, 874, 874, 874, 874, 874, 874, 998, 998]"
1748401232543598175,,23741,,1747960084,785134592,'',41,"[1364, 1494, 1492, 1491, 1939, 2006, 1494, 1494, 874, 874, 874, 874, 874, 874, 874, 874, 998, 998]"
1748401232644981323,,23742,,1747960084,830135616,'',41,"[1364, 1494, 1492, 1491, 1939, 2006, 1494, 1494, 874, 874, 874, 874, 874, 874, 874, 874, 998, 998]"
1748401232743247191,,23743,,1747960084,875135616,'',41,"[1363, 1494, 1492, 1491, 1939, 2006, 1494, 1494, 874, 874, 874, 874, 874, 874, 874, 874, 998, 998]"
1748401232845123574,,23744,,1747960084,919138432,'',41,"[1364, 1494, 1492, 1491, 1939, 2006, 1494, 1494, 874, 874, 874, 874, 874, 874, 874, 874, 998, 998]"
1748401232942920655,,23745,,1747960084,984138432,'',41,"[1364, 1494, 1492, 1491, 1939, 2006, 1494, 1494, 874, 874, 874, 874, 874, 874, 874, 874, 998, 998]"
1748401233046624088,,23746,,1747960085,29139456,'',41,"[1364, 1494, 1492, 1491, 1939, 2006, 1494, 1494, 874, 874, 874, 874, 874, 874, 874, 874, 998, 998]"
1748401233142948177,,23747,,1747960085,72139456,'',41,"[1364, 1494, 1492, 1491, 1939, 2006, 1494, 1494, 874, 874, 874, 874, 874, 874, 874, 874, 998, 998]"
1748401233246225847,,23748,,1747960085,124139200,'',41,"[1364, 1494, 1492, 1491, 1939, 2006, 1494, 1494, 874, 874, 874, 874, 874, 874, 874, 874, 998, 998]"
1748401233344133226,,23749,,1747960085,184139200,'',41,"[1364, 1494, 1492, 1491, 1939, 2006, 1494, 1494, 874, 874, 874, 874, 874, 874, 874, 874, 998, 998]"
1748401233446050222,,23750,,1747960085,229139456,'',41,"[1364, 1494, 1492, 1491, 1939, 2006, 1494, 1494, 874, 874, 874, 874, 874, 874, 874, 874, 998, 998]"
1748401233542236308,,23751,,1747960085,274139456,'',41,"[1364, 1494, 1492, 1491, 1939, 2006, 1494, 1494, 874, 874, 874, 874, 874, 874, 874, 874, 998, 998]"
1748401233645885197,,23752,,1747960085,319139456,'',41,"[1364, 1494, 1492, 1491, 1939, 2006, 1494, 1494, 874, 874, 874, 874, 874, 874, 874, 874, 998, 998]"
1748401233743529994,,23753,,1747960085,364144576,'',41,"[1364, 1494, 1492, 1491, 1939, 2006, 1494, 1494, 874, 874, 874, 874, 874, 874, 874, 874, 998, 998]"
1748401233845421915,,23754,,1747960085,430147904,'',41,"[1364, 1494, 1492, 1491, 1939, 2006, 1494, 1494, 874, 874, 874, 874, 874, 874, 874, 874, 998, 998]"
1748401233939361906,,23755,,1747960085,473147904,'',41,"[1364, 1494, 1492, 1491, 1939, 2006, 1494, 1494, 874, 874, 874, 874, 874, 874, 874, 874, 998, 998]"
1748401234047134989,,23756,,1747960085,519148928,'',41,"[1364, 1494, 1492, 1491, 1939, 2006, 1494, 1494, 874, 874, 874, 874, 874, 874, 874, 874, 998, 998]"
1748401234142819080,,23757,,1747960085,564148928,'',41,"[1363, 1494, 1492, 1491, 1939, 2006, 1494, 1494, 874, 874, 874, 874, 874, 874, 874, 874, 998, 998]"
1748401234242992009,,23758,,1747960085,632151744,'',41,"[1364, 1494, 1492, 1491, 1939, 2006, 1494, 1494, 874, 874, 874, 874, 874, 874, 874, 874, 998, 998]"
1748401234342673210,,23759,,1747960085,674151744,'',41,"[1364, 1494, 1492, 1491, 1939, 2006, 1494, 1494, 874, 874, 874, 874, 874, 874, 874, 874, 998, 998]"
1748401234448567800,,23760,,1747960085,719152256,'',41,"[1364, 1494, 1492, 1491, 1939, 2006, 1494, 1494, 874, 874, 874, 874, 874, 874, 874, 874, 998, 998]"
1748401234542447849,,23761,,1747960085,764152256,'',40,"[1364, 1494, 1492, 1491, 1939, 2006, 1494, 1494, 874, 874, 874, 874, 874, 874, 874, 874, 998, 998]"
1748401234644625388,,23762,,1747960085,831153024,'',40,"[1364, 1494, 1492, 1491, 1939, 2006, 1494, 1494, 874, 874, 874, 874, 874, 874, 874, 874, 998, 998]"
1748401234742018396,,23763,,1747960085,874153024,'',41,"[1364, 1494, 1492, 1491, 1939, 2006, 1494, 1494, 874, 874, 874, 874, 874, 874, 874, 874, 998, 998]"
1748401234846151079,,23764,,1747960085,919153024,'',41,"[1364, 1494, 1492, 1491, 1939, 2006, 1494, 1494, 874, 874, 874, 874, 874, 874, 874, 874, 998, 998]"
1748401234939778265,,23765,,1747960085,964158400,'',41,"[1364, 1494, 1492, 1491, 1939, 2006, 1494, 1494, 874, 874, 874, 874, 874, 874, 874, 874, 998, 998]"
1748401235045933426,,23766,,1747960086,26159936,'',41,"[1364, 1494, 1492, 1491, 1939, 2006, 1494, 1494, 874, 874, 874, 874, 874, 874, 874, 874, 998, 998]"
1748401235141826949,,23767,,1747960086,72159936,'',41,"[1364, 1494, 1492, 1491, 1939, 2006, 1494, 1494, 874, 874, 874, 874, 874, 874, 874, 874, 998, 998]"
1748401235245137480,,23768,,1747960086,117161728,'',41,"[1364, 1494, 1492, 1491, 1939, 2006, 1494, 1494, 874, 874, 874, 874, 874, 874, 874, 874, 998, 998]"
1748401235343350925,,23769,,1747960086,183161728,'',40,"[1364, 1494, 1492, 1491, 1939, 2006, 1494, 1494, 874, 874, 874, 874, 874, 874, 874, 874, 998, 998]"
1748401235445188682,,23770,,1747960086,228163008,'',41,"[1364, 1494, 1492, 1491, 1939, 2006, 1494, 1494, 874, 874, 874, 874, 874, 874, 874, 874, 998, 998]"
1748401235542824494,,23771,,1747960086,274163008,'',41,"[1364, 1494, 1492, 1491, 1939, 2006, 1494, 1494, 874, 874, 874, 874, 874, 874, 874, 874, 998, 998]"
1748401235648368292,,23772,,1747960086,319162752,'',41,"[1364, 1494, 1492, 1491, 1939, 2006, 1494, 1494, 874, 874, 874, 874, 874, 874, 874, 874, 998, 998]"
1748401235740823327,,23773,,1747960086,361162752,'',41,"[1364, 1494, 1492, 1491, 1939, 2006, 1494, 1494, 874, 874, 874, 874, 874, 874, 874, 874, 998, 998]"
1748401235844585005,,23774,,1747960086,427163520,'',41,"[1364, 1494, 1492, 1491, 1939, 2006, 1494, 1494, 874, 874, 874, 874, 874, 874, 874, 874, 998, 998]"
1748401235940143715,,23775,,1747960086,472163520,'',41,"[1364, 1494, 1492, 1491, 1939, 2006, 1494, 1494, 874, 874, 874, 874, 874, 874, 874, 874, 998, 998]"
1748401236046088066,,23776,,1747960086,517163776,'',41,"[1364, 1494, 1492, 1491, 1939, 2006, 1494, 1494, 874, 874, 874, 874, 874, 874, 874, 874, 998, 998]"
1748401236140216489,,23777,,1747960086,561163776,'',41,"[1364, 1494, 1492, 1491, 1939, 2006, 1494, 1494, 874, 874, 874, 874, 874, 874, 874, 874, 998, 998]"
1748401236245788657,,23778,,1747960086,629164288,'',41,"[1364, 1494, 1492, 1491, 1939, 2006, 1494, 1494, 874, 874, 874, 874, 874, 874, 874, 874, 998, 998]"
1748401236343775766,,23779,,1747960086,674164288,'',41,"[1364, 1494, 1492, 1491, 1939, 2006, 1494, 1494, 874, 874, 874, 874, 874, 874, 874, 874, 998, 998]"
1748401236445677403,,23780,,1747960086,716165312,'',41,"[1364, 1494, 1492, 1491, 1939, 2006, 1494, 1494, 874, 874, 874, 874, 874, 874, 874, 874, 998, 998]"
1748401236545457007,,23781,,1747960086,784165312,'',41,"[1364, 1494, 1492, 1491, 1939, 2006, 1494, 1494, 874, 874, 874, 874, 874, 874, 874, 874, 998, 998]"
1748401236645317181,,23782,,1747960086,829166848,'',41,"[1364, 1494, 1492, 1491, 1939, 2006, 1494, 1494, 874, 874, 874, 874, 874, 874, 874, 874, 998, 998]"
1748401236743060567,,23783,,1747960086,873166848,'',41,"[1364, 1494, 1492, 1491, 1939, 2006, 1494, 1494, 874, 874, 874, 874, 874, 874, 874, 874, 998, 998]"
1748401236844559550,,23784,,1747960086,916168128,'',41,"[1364, 1494, 1492, 1491, 1939, 2006, 1494, 1494, 874, 874, 874, 874, 874, 874, 874, 874, 998, 998]"
1748401236942628054,,23785,,1747960086,983168128,'',41,"[1364, 1494, 1492, 1491, 1939, 2006, 1494, 1494, 874, 874, 874, 874, 874, 874, 874, 874, 998, 998]"
1748401237048842556,,23786,,1747960087,29168384,'',41,"[1364, 1494, 1492, 1491, 1939, 2006, 1494, 1494, 874, 874, 874, 874, 874, 874, 874, 874, 998, 998]"
1748401237142410711,,23787,,1747960087,74168384,'',41,"[1364, 1494, 1492, 1491, 1939, 2006, 1494, 1494, 874, 874, 874, 874, 874, 874, 874, 874, 998, 998]"
1748401237246201846,,23788,,1747960087,119168384,'',41,"[1364, 1494, 1492, 1491, 1939, 2006, 1494, 1494, 874, 874, 874, 874, 874, 874, 874, 874, 998, 998]"
1748401237342359100,,23789,,1747960087,171173504,'',40,"[1364, 1494, 1492, 1491, 1939, 2006, 1494, 1494, 874, 874, 874, 874, 874, 874, 874, 874, 998, 998]"
1748401237445918716,,23790,,1747960087,228173504,'',41,"[1364, 1494, 1492, 1491, 1939, 2006, 1494, 1494, 874, 874, 874, 874, 874, 874, 874, 874, 998, 998]"
1748401237541652894,,23791,,1747960087,273178368,'',41,"[1364, 1494, 1492, 1491, 1939, 2006, 1494, 1494, 874, 874, 874, 874, 874, 874, 874, 874, 998, 998]"
1748401237647634145,,23792,,1747960087,316179904,'',41,"[1364, 1494, 1492, 1491, 1939, 2006, 1494, 1494, 874, 874, 874, 874, 874, 874, 874, 874, 998, 998]"
1748401237741502800,,23793,,1747960087,384179904,'',41,"[1364, 1494, 1492, 1491, 1939, 2006, 1494, 1494, 874, 874, 874, 874, 874, 874, 874, 874, 998, 998]"
1748401237845342630,,23794,,1747960087,429181184,'',41,"[1364, 1494, 1492, 1491, 1939, 2006, 1494, 1494, 874, 874, 874, 874, 874, 874, 874, 874, 998, 998]"
1748401237941054722,,23795,,1747960087,474181184,'',41,"[1364, 1494, 1492, 1491, 1939, 2006, 1494, 1494, 874, 874, 874, 874, 874, 874, 874, 874, 998, 998]"
1748401238048781905,,23796,,1747960087,519182976,'',41,"[1364, 1494, 1492, 1491, 1939, 2006, 1494, 1494, 874, 874, 874, 874, 874, 874, 874, 874, 998, 998]"
1748401238142733073,,23797,,1747960087,563182976,'',41,"[1364, 1494, 1492, 1491, 1939, 2006, 1494, 1494, 874, 874, 874, 874, 874, 874, 874, 874, 998, 998]"
1748401238246452681,,23798,,1747960087,625182976,'',41,"[1364, 1494, 1492, 1491, 1939, 2006, 1494, 1494, 874, 874, 874, 874, 874, 874, 874, 874, 998, 998]"
1748401238342572017,,23799,,1747960087,668188352,'',41,"[1364, 1494, 1492, 1491, 1939, 2006, 1494, 1494, 874, 874, 874, 874, 874, 874, 874, 874, 998, 998]"
1748401238446532993,,23800,,1747960087,713188608,'',41,"[1364, 1494, 1492, 1491, 1939, 2006, 1494, 1494, 874, 874, 874, 874, 874, 874, 874, 874, 998, 998]"
1748401238544254050,,23801,,1747960087,781188608,'',41,"[1364, 1494, 1492, 1491, 1939, 2006, 1494, 1494, 874, 874, 874, 874, 874, 874, 874, 874, 998, 998]"
1748401238646061717,,23802,,1747960087,826189120,'',41,"[1364, 1494, 1492, 1491, 1939, 2006, 1494, 1494, 874, 874, 874, 874, 874, 874, 874, 874, 998, 998]"
1748401238744008691,,23803,,1747960087,871189120,'',41,"[1364, 1494, 1492, 1491, 1939, 2006, 1494, 1494, 874, 874, 874, 874, 874, 874, 874, 874, 998, 998]"
1748401238847830331,,23804,,1747960087,917190912,'',41,"[1364, 1494, 1492, 1491, 1939, 2006, 1494, 1494, 874, 874, 874, 874, 874, 874, 874, 874, 998, 998]"
1748401238941556197,,23805,,1747960087,982190912,'',41,"[1364, 1494, 1492, 1491, 1939, 2006, 1494, 1494, 874, 874, 874, 874, 874, 874, 874, 874, 998, 998]"
1748401239047421817,,23806,,1747960088,24192704,'',41,"[1364, 1494, 1492, 1491, 1939, 2006, 1494, 1494, 874, 874, 874, 874, 874, 874, 874, 874, 998, 998]"
1748401239147115172,,23807,,1747960088,67192704,'',41,"[1364, 1494, 1492, 1491, 1939, 2006, 1494, 1494, 874, 874, 874, 874, 874, 874, 874, 874, 998, 998]"
1748401239245087983,,23808,,1747960088,133194240,'',41,"[1364, 1494, 1492, 1491, 1939, 2006, 1494, 1494, 874, 874, 874, 874, 874, 874, 874, 874, 998, 998]"
1748401239343011829,,23809,,1747960088,156194240,'',41,"[1364, 1494, 1492, 1491, 1939, 2006, 1494, 1494, 874, 874, 874, 874, 874, 874, 874, 874, 998, 998]"
1748401239444555728,,23810,,1747960088,222195264,'',41,"[1364, 1494, 1492, 1491, 1939, 2006, 1494, 1494, 874, 874, 874, 874, 874, 874, 874, 874, 998, 998]"
1748401239542615618,,23811,,1747960088,267195264,'',41,"[1364, 1494, 1492, 1491, 1939, 2006, 1494, 1494, 874, 874, 874, 874, 874, 874, 874, 874, 998, 998]"
1748401239646324049,,23812,,1747960088,335196288,'',41,"[1363, 1494, 1492, 1491, 1939, 2006, 1494, 1494, 874, 874, 874, 874, 874, 874, 874, 874, 998, 998]"
1748401239744079530,,23813,,1747960088,380196288,'',41,"[1363, 1494, 1492, 1491, 1939, 2006, 1494, 1494, 874, 874, 874, 874, 874, 874, 874, 874, 998, 998]"
1748401239845931863,,23814,,1747960088,426197056,'',41,"[1364, 1494, 1492, 1491, 1939, 2006, 1494, 1494, 874, 874, 874, 874, 874, 874, 874, 874, 998, 998]"
1748401239940046606,,23815,,1747960088,471197056,'',41,"[1363, 1494, 1492, 1491, 1939, 2006, 1494, 1494, 874, 874, 874, 874, 874, 874, 874, 874, 998, 998]"
1748401240049553955,,23816,,1747960088,533197568,'',41,"[1364, 1494, 1492, 1491, 1939, 2006, 1494, 1494, 874, 874, 874, 874, 874, 874, 874, 874, 998, 998]"
1748401240141688270,,23817,,1747960088,576197568,'',41,"[1363, 1494, 1492, 1491, 1939, 2006, 1494, 1494, 874, 874, 874, 874, 874, 874, 874, 874, 998, 998]"
1748401240245266746,,23818,,1747960088,620198592,'',41,"[1364, 1494, 1492, 1491, 1939, 2006, 1494, 1494, 874, 874, 874, 874, 874, 874, 874, 874, 998, 998]"
1748401240342899426,,23819,,1747960088,665198592,'',41,"[1364, 1494, 1492, 1491, 1939, 2006, 1494, 1494, 874, 874, 874, 874, 874, 874, 874, 874, 998, 998]"
1748401240446840737,,23820,,1747960088,733199616,'',41,"[1364, 1494, 1492, 1491, 1939, 2006, 1494, 1494, 874, 874, 874, 874, 874, 874, 874, 874, 998, 998]"
1748401240542877771,,23821,,1747960088,775199616,'',41,"[1364, 1494, 1492, 1491, 1939, 2006, 1494, 1494, 874, 874, 874, 874, 874, 874, 874, 874, 998, 998]"
1748401240648578644,,23822,,1747960088,821200896,'',41,"[1364, 1494, 1492, 1491, 1939, 2006, 1494, 1494, 874, 874, 874, 874, 874, 874, 874, 874, 998, 998]"
1748401240746444492,,23823,,1747960088,866200896,'',41,"[1364, 1494, 1492, 1491, 1939, 2006, 1494, 1494, 874, 874, 874, 874, 874, 874, 874, 874, 998, 998]"
1748401240848163193,,23824,,1747960088,932200128,'',41,"[1363, 1494, 1492, 1491, 1939, 2006, 1494, 1494, 874, 874, 874, 874, 874, 874, 874, 874, 998, 998]"
1748401240942124898,,23825,,1747960088,977200128,'',41,"[1364, 1494, 1492, 1491, 1939, 2006, 1494, 1494, 874, 874, 874, 874, 874, 874, 874, 874, 998, 998]"
1748401241047955590,,23826,,1747960089,23201920,'',41,"[1364, 1494, 1492, 1491, 1939, 2006, 1494, 1494, 874, 874, 874, 874, 874, 874, 874, 874, 998, 998]"
1748401241140226936,,23827,,1747960089,68201920,'',41,"[1364, 1494, 1492, 1491, 1939, 2006, 1494, 1494, 874, 874, 874, 874, 874, 874, 874, 874, 998, 998]"
1748401241257619024,,23828,,1747960089,136204736,'',41,"[1363, 1494, 1492, 1491, 1939, 2006, 1494, 1494, 874, 874, 874, 874, 874, 874, 874, 874, 998, 998]"
1748401241341564207,,23829,,1747960089,181204736,'',41,"[1364, 1494, 1492, 1491, 1939, 2006, 1494, 1494, 874, 874, 874, 874, 874, 874, 874, 874, 998, 998]"
1748401241447329849,,23830,,1747960089,225203456,'',41,"[1363, 1494, 1492, 1491, 1939, 2006, 1494, 1494, 874, 874, 874, 874, 874, 874, 874, 874, 998, 998]"
1748401241543455716,,23831,,1747960089,270203456,'',41,"[1363, 1494, 1492, 1491, 1939, 2006, 1494, 1494, 874, 874, 874, 874, 874, 874, 874, 874, 998, 998]"
1748401241644801217,,23832,,1747960089,315203456,'',41,"[1363, 1494, 1492, 1491, 1939, 2006, 1494, 1494, 874, 874, 874, 874, 874, 874, 874, 874, 998, 998]"
1748401241746827477,,23833,,1747960089,380209344,'',41,"[1364, 1494, 1492, 1491, 1939, 2006, 1494, 1494, 874, 874, 874, 874, 874, 874, 874, 874, 998, 998]"
1748401241846688595,,23834,,1747960089,425210624,'',41,"[1364, 1494, 1492, 1491, 1939, 2006, 1494, 1494, 874, 874, 874, 874, 874, 874, 874, 874, 998, 998]"
1748401241940548149,,23835,,1747960089,471210624,'',41,"[1364, 1494, 1492, 1491, 1939, 2006, 1494, 1494, 874, 874, 874, 874, 874, 874, 874, 874, 998, 998]"
1748401242048325191,,23836,,1747960089,516211648,'',41,"[1364, 1494, 1492, 1491, 1939, 2006, 1494, 1494, 874, 874, 874, 874, 874, 874, 874, 874, 998, 998]"
1748401242140307635,,23837,,1747960089,582211648,'',41,"[1364, 1494, 1492, 1491, 1939, 2006, 1494, 1494, 874, 874, 874, 874, 874, 874, 874, 874, 998, 998]"
1748401242246342289,,23838,,1747960089,627213696,'',41,"[1364, 1494, 1492, 1491, 1939, 2006, 1494, 1494, 874, 874, 874, 874, 874, 874, 874, 874, 998, 998]"
1748401242346008227,,23839,,1747960089,672213696,'',41,"[1363, 1494, 1492, 1491, 1939, 2006, 1494, 1494, 874, 874, 874, 874, 874, 874, 874, 874, 998, 998]"
1748401242445674107,,23840,,1747960089,718213696,'',41,"[1364, 1494, 1492, 1491, 1939, 2006, 1494, 1494, 874, 874, 874, 874, 874, 874, 874, 874, 998, 998]"
1748401242543459001,,23841,,1747960089,783218304,'',41,"[1364, 1494, 1492, 1491, 1939, 2006, 1494, 1494, 874, 874, 874, 874, 874, 874, 874, 874, 998, 998]"
1748401242645310888,,23842,,1747960089,828218304,'',41,"[1364, 1494, 1492, 1491, 1939, 2006, 1494, 1494, 874, 874, 874, 874, 874, 874, 874, 874, 998, 998]"
1748401242743034420,,23843,,1747960089,872223168,'',41,"[1364, 1494, 1492, 1491, 1939, 2006, 1494, 1494, 874, 874, 874, 874, 874, 874, 874, 874, 998, 998]"
1748401242844804978,,23844,,1747960089,913224704,'',41,"[1364, 1494, 1492, 1491, 1939, 2006, 1494, 1494, 874, 874, 874, 874, 874, 874, 874, 874, 998, 998]"
1748401242941056336,,23845,,1747960089,976224704,'',41,"[1364, 1494, 1492, 1491, 1939, 2006, 1494, 1494, 874, 874, 874, 874, 874, 874, 874, 874, 998, 998]"
1748401243048862360,,23846,,1747960090,18226240,'',41,"[1364, 1494, 1492, 1491, 1939, 2006, 1494, 1494, 874, 874, 874, 874, 874, 874, 874, 874, 998, 998]"
1748401243142606438,,23847,,1747960090,62226240,'',41,"[1364, 1494, 1492, 1491, 1939, 2006, 1494, 1494, 874, 874, 874, 874, 874, 874, 874, 874, 998, 998]"
1748401243246242013,,23848,,1747960090,127226240,'',41,"[1364, 1494, 1492, 1491, 1939, 2006, 1494, 1494, 874, 874, 874, 874, 874, 874, 874, 874, 998, 998]"
1748401243340228936,,23849,,1747960090,172231872,'',41,"[1364, 1494, 1492, 1491, 1939, 2006, 1494, 1494, 874, 874, 874, 874, 874, 874, 874, 874, 998, 998]"
1748401243446234182,,23850,,1747960090,224234176,'',41,"[1364, 1494, 1492, 1491, 1939, 2006, 1494, 1494, 874, 874, 874, 874, 874, 874, 874, 874, 998, 998]"
1748401243541972140,,23851,,1747960090,284234176,'',41,"[1364, 1494, 1492, 1491, 1939, 2006, 1494, 1494, 874, 874, 874, 874, 874, 874, 874, 874, 998, 998]"
1748401243649787941,,23852,,1747960090,329236480,'',41,"[1364, 1494, 1492, 1491, 1939, 2006, 1494, 1494, 874, 874, 874, 874, 874, 874, 874, 874, 998, 998]"
1748401243739654050,,23853,,1747960090,374236480,'',41,"[1364, 1494, 1492, 1491, 1939, 2006, 1494, 1494, 874, 874, 874, 874, 874, 874, 874, 874, 998, 998]"
1748401243845335195,,23854,,1747960090,420236480,'',41,"[1364, 1494, 1492, 1491, 1939, 2006, 1494, 1494, 874, 874, 874, 874, 874, 874, 874, 874, 998, 998]"
1748401243943441622,,23855,,1747960090,465241344,'',41,"[1364, 1494, 1492, 1491, 1939, 2006, 1494, 1494, 874, 874, 874, 874, 874, 874, 874, 874, 998, 998]"
1748401244049215069,,23856,,1747960090,531242368,'',41,"[1364, 1494, 1492, 1491, 1939, 2006, 1494, 1494, 874, 874, 874, 874, 874, 874, 874, 874, 998, 998]"
1748401244143197787,,23857,,1747960090,574242368,'',41,"[1364, 1494, 1492, 1491, 1939, 2006, 1494, 1494, 874, 874, 874, 874, 874, 874, 874, 874, 998, 998]"
1748401244245087429,,23858,,1747960090,619243648,'',41,"[1364, 1494, 1492, 1491, 1939, 2006, 1494, 1494, 874, 874, 874, 874, 874, 874, 874, 874, 998, 998]"
1748401244344986427,,23859,,1747960090,684243648,'',41,"[1364, 1494, 1492, 1491, 1939, 2006, 1494, 1494, 874, 874, 874, 874, 874, 874, 874, 874, 998, 998]"
1748401244444702295,,23860,,1747960090,729243648,'',41,"[1364, 1494, 1492, 1491, 1939, 2006, 1494, 1494, 874, 874, 874, 874, 874, 874, 874, 874, 998, 998]"
1748401244540698604,,23861,,1747960090,774246208,'',41,"[1364, 1494, 1492, 1491, 1939, 2006, 1494, 1494, 874, 874, 874, 874, 874, 874, 874, 874, 998, 998]"
1748401244644467969,,23862,,1747960090,820246208,'',41,"[1364, 1494, 1492, 1491, 1939, 2006, 1494, 1494, 874, 874, 874, 874, 874, 874, 874, 874, 998, 998]"
1748401244744293098,,23863,,1747960090,865251584,'',41,"[1364, 1494, 1492, 1491, 1939, 2006, 1494, 1494, 874, 874, 874, 874, 874, 874, 874, 874, 998, 998]"
1748401244846036065,,23864,,1747960090,931252096,'',41,"[1364, 1494, 1492, 1491, 1939, 2006, 1494, 1494, 874, 874, 874, 874, 874, 874, 874, 874, 998, 998]"
1748401244943933344,,23865,,1747960090,977252096,'',41,"[1364, 1494, 1492, 1491, 1939, 2006, 1494, 1494, 874, 874, 874, 874, 874, 874, 874, 874, 998, 998]"
1748401245045826668,,23866,,1747960091,22254144,'',41,"[1364, 1494, 1492, 1491, 1939, 2006, 1494, 1494, 874, 874, 874, 874, 874, 874, 874, 874, 998, 998]"
1748401245141647500,,23867,,1747960091,67254144,'',41,"[1364, 1494, 1492, 1491, 1939, 2006, 1494, 1494, 874, 874, 874, 874, 874, 874, 874, 874, 998, 998]"
1748401245245469407,,23868,,1747960091,132254144,'',41,"[1364, 1494, 1492, 1491, 1939, 2006, 1494, 1494, 874, 874, 874, 874, 874, 874, 874, 874, 998, 998]"
1748401245343163323,,23869,,1747960091,177260288,'',41,"[1364, 1494, 1492, 1491, 1939, 2006, 1494, 1494, 874, 874, 874, 874, 874, 874, 874, 874, 998, 998]"
1748401245445024981,,23870,,1747960091,222260288,'',41,"[1364, 1494, 1492, 1491, 1939, 2006, 1494, 1494, 874, 874, 874, 874, 874, 874, 874, 874, 998, 998]"
1748401245544771368,,23871,,1747960091,265261312,'',41,"[1364, 1494, 1492, 1491, 1939, 2006, 1494, 1494, 874, 874, 874, 874, 874, 874, 874, 874, 998, 998]"
1748401245644571508,,23872,,1747960091,333261312,'',41,"[1364, 1494, 1492, 1491, 1939, 2006, 1494, 1494, 874, 874, 874, 874, 874, 874, 874, 874, 998, 998]"
1748401245740763354,,23873,,1747960091,378266944,'',41,"[1364, 1494, 1492, 1491, 1939, 2006, 1494, 1494, 874, 874, 874, 874, 874, 874, 874, 874, 998, 998]"
1748401245846654869,,23874,,1747960091,423267968,'',41,"[1364, 1494, 1492, 1491, 1939, 2006, 1494, 1494, 874, 874, 874, 874, 874, 874, 874, 874, 998, 998]"
1748401245944285676,,23875,,1747960091,468267968,'',41,"[1364, 1494, 1492, 1491, 1939, 2006, 1494, 1494, 874, 874, 874, 874, 874, 874, 874, 874, 998, 998]"
1748401246045986307,,23876,,1747960091,514267968,'',41,"[1364, 1494, 1492, 1491, 1939, 2006, 1494, 1494, 874, 874, 874, 874, 874, 874, 874, 874, 998, 998]"
1748401246145841212,,23877,,1747960091,576273344,'',40,"[1364, 1494, 1492, 1491, 1939, 2006, 1494, 1494, 874, 874, 874, 874, 874, 874, 874, 874, 998, 998]"
1748401246245821957,,23878,,1747960091,619273344,'',40,"[1364, 1494, 1492, 1491, 1939, 2006, 1494, 1494, 874, 874, 874, 874, 874, 874, 874, 874, 998, 998]"
1748401246339746480,,23879,,1747960091,681278208,'',40,"[1364, 1494, 1492, 1491, 1939, 2006, 1494, 1494, 874, 874, 874, 874, 874, 874, 874, 874, 998, 998]"
1748401246447364611,,23880,,1747960091,725277952,'',40,"[1364, 1494, 1492, 1491, 1939, 2006, 1494, 1494, 874, 874, 874, 874, 874, 874, 874, 874, 998, 998]"
1748401246539590452,,23881,,1747960091,770277952,'',40,"[1364, 1494, 1492, 1491, 1939, 2006, 1494, 1494, 874, 874, 874, 874, 874, 874, 874, 874, 998, 998]"
1748401246645402263,,23882,,1747960091,813279744,'',41,"[1363, 1494, 1492, 1491, 1939, 2006, 1494, 1494, 874, 874, 874, 874, 874, 874, 874, 874, 998, 998]"
1748401246745209686,,23883,,1747960091,878279744,'',41,"[1364, 1494, 1492, 1491, 1939, 2006, 1494, 1494, 874, 874, 874, 874, 874, 874, 874, 874, 998, 998]"
1748401246847081217,,23884,,1747960091,923284096,'',41,"[1364, 1494, 1492, 1491, 1939, 2006, 1494, 1494, 874, 874, 874, 874, 874, 874, 874, 874, 998, 998]"
1748401246942812803,,23885,,1747960091,965284096,'',41,"[1364, 1494, 1492, 1491, 1939, 2006, 1494, 1494, 874, 874, 874, 874, 874, 874, 874, 874, 998, 998]"
1748401247044846329,,23886,,1747960092,33285376,'',41,"[1364, 1494, 1492, 1491, 1939, 2006, 1494, 1494, 874, 874, 874, 874, 874, 874, 874, 874, 998, 998]"
1748401247144341628,,23887,,1747960092,79285376,'',41,"[1364, 1494, 1492, 1491, 1939, 2006, 1494, 1494, 874, 874, 874, 874, 874, 874, 874, 874, 998, 998]"
1748401247248089423,,23888,,1747960092,121285888,'',41,"[1364, 1494, 1492, 1491, 1939, 2006, 1494, 1494, 874, 874, 874, 874, 874, 874, 874, 874, 998, 998]"
1748401247340123909,,23889,,1747960092,165285888,'',41,"[1364, 1494, 1492, 1491, 1939, 2006, 1494, 1494, 874, 874, 874, 874, 874, 874, 874, 874, 998, 998]"
1748401247448166407,,23890,,1747960092,233286400,'',41,"[1364, 1494, 1492, 1491, 1939, 2006, 1494, 1494, 874, 874, 874, 874, 874, 874, 874, 874, 998, 998]"
1748401247543929337,,23891,,1747960092,277286400,'',41,"[1364, 1494, 1492, 1491, 1939, 2006, 1494, 1494, 874, 874, 874, 874, 874, 874, 874, 874, 998, 998]"
1748401247647372771,,23892,,1747960092,322288448,'',41,"[1364, 1494, 1492, 1491, 1939, 2006, 1494, 1494, 874, 874, 874, 874, 874, 874, 874, 874, 998, 998]"
1748401247743445490,,23893,,1747960092,364288448,'',41,"[1364, 1494, 1492, 1491, 1939, 2006, 1494, 1494, 874, 874, 874, 874, 874, 874, 874, 874, 998, 998]"
1748401247845353612,,23894,,1747960092,432288448,'',41,"[1364, 1494, 1492, 1491, 1939, 2006, 1494, 1494, 874, 874, 874, 874, 874, 874, 874, 874, 998, 998]"
1748401247945499272,,23895,,1747960092,477293312,'',41,"[1364, 1494, 1492, 1491, 1939, 2006, 1494, 1494, 874, 874, 874, 874, 874, 874, 874, 874, 998, 998]"
1748401248045513586,,23896,,1747960092,522294592,'',41,"[1364, 1494, 1492, 1491, 1939, 2006, 1494, 1494, 874, 874, 874, 874, 874, 874, 874, 874, 998, 998]"
1748401248144609130,,23897,,1747960092,568294592,'',41,"[1364, 1494, 1492, 1491, 1939, 2006, 1494, 1494, 874, 874, 874, 874, 874, 874, 874, 874, 998, 998]"
1748401248248495546,,23898,,1747960092,633293568,'',41,"[1364, 1494, 1492, 1491, 1939, 2006, 1494, 1494, 874, 874, 874, 874, 874, 874, 874, 874, 998, 998]"
1748401248344654999,,23899,,1747960092,677293568,'',41,"[1364, 1494, 1492, 1491, 1939, 2006, 1494, 1494, 874, 874, 874, 874, 874, 874, 874, 874, 998, 998]"
1748401248446112726,,23900,,1747960092,722294592,'',41,"[1364, 1494, 1492, 1491, 1939, 2006, 1494, 1494, 874, 874, 874, 874, 874, 874, 874, 874, 998, 998]"
1748401248542283978,,23901,,1747960092,767294592,'',41,"[1364, 1494, 1492, 1491, 1939, 2006, 1494, 1494, 874, 874, 874, 874, 874, 874, 874, 874, 998, 998]"
1748401248645890323,,23902,,1747960092,832296896,'',41,"[1364, 1494, 1492, 1491, 1939, 2006, 1494, 1494, 874, 874, 874, 874, 874, 874, 874, 874, 998, 998]"
1748401248743740074,,23903,,1747960092,877296896,'',41,"[1364, 1494, 1492, 1491, 1939, 2006, 1494, 1494, 874, 874, 874, 874, 874, 874, 874, 874, 998, 998]"
1748401248847517843,,23904,,1747960092,923298944,'',41,"[1364, 1494, 1492, 1491, 1939, 2006, 1494, 1494, 874, 874, 874, 874, 874, 874, 874, 874, 998, 998]"
1748401248941299740,,23905,,1747960092,968298944,'',41,"[1364, 1494, 1492, 1491, 1939, 2006, 1494, 1494, 874, 874, 874, 874, 874, 874, 874, 874, 998, 998]"
1748401249045284381,,23906,,1747960093,12298944,'',41,"[1363, 1494, 1492, 1491, 1939, 2006, 1494, 1494, 874, 874, 874, 874, 874, 874, 874, 874, 998, 998]"
1748401249143059436,,23907,,1747960093,79305088,'',41,"[1364, 1494, 1492, 1491, 1939, 2006, 1494, 1494, 874, 874, 874, 874, 874, 874, 874, 874, 998, 998]"
1748401249244841802,,23908,,1747960093,125306880,'',41,"[1364, 1494, 1492, 1491, 1939, 2006, 1494, 1494, 874, 874, 874, 874, 874, 874, 874, 874, 998, 998]"
1748401249346898012,,23909,,1747960093,170306880,'',41,"[1364, 1494, 1492, 1491, 1939, 2006, 1494, 1494, 874, 874, 874, 874, 874, 874, 874, 874, 998, 998]"
1748401249446722422,,23910,,1747960093,215309952,'',41,"[1364, 1494, 1492, 1491, 1939, 2006, 1494, 1494, 874, 874, 874, 874, 874, 874, 874, 874, 998, 998]"
1748401249544526359,,23911,,1747960093,260309952,'',41,"[1364, 1494, 1492, 1491, 1939, 2006, 1494, 1494, 874, 874, 874, 874, 874, 874, 874, 874, 998, 998]"
1748401249646245180,,23912,,1747960093,325310976,'',41,"[1364, 1494, 1492, 1491, 1939, 2006, 1494, 1494, 874, 874, 874, 874, 874, 874, 874, 874, 998, 998]"
1748401249742340633,,23913,,1747960093,370310976,'',41,"[1363, 1494, 1492, 1491, 1939, 2006, 1494, 1494, 874, 874, 874, 874, 874, 874, 874, 874, 998, 998]"
1748401249846269714,,23914,,1747960093,416314560,'',41,"[1363, 1494, 1492, 1491, 1939, 2006, 1494, 1494, 874, 874, 874, 874, 874, 874, 874, 874, 998, 998]"
1748401249944042793,,23915,,1747960093,484314560,'',41,"[1364, 1494, 1492, 1491, 1939, 2006, 1494, 1494, 874, 874, 874, 874, 874, 874, 874, 874, 998, 998]"
1748401250045621733,,23916,,1747960093,529314560,'',41,"[1363, 1494, 1492, 1491, 1939, 2006, 1494, 1494, 874, 874, 874, 874, 874, 874, 874, 874, 998, 998]"
1748401250139814062,,23917,,1747960093,574319680,'',41,"[1364, 1494, 1492, 1491, 1939, 2006, 1494, 1494, 874, 874, 874, 874, 874, 874, 874, 874, 998, 998]"
1748401250245461204,,23918,,1747960093,616319680,'',41,"[1363, 1494, 1492, 1491, 1939, 2006, 1494, 1494, 874, 874, 874, 874, 874, 874, 874, 874, 998, 998]"
1748401250343397300,,23919,,1747960093,680320960,'',41,"[1364, 1494, 1492, 1491, 1939, 2006, 1494, 1494, 874, 874, 874, 874, 874, 874, 874, 874, 998, 998]"
1748401250457157684,,23920,,1747960093,723320960,'',41,"[1363, 1494, 1492, 1491, 1939, 2006, 1494, 1494, 874, 874, 874, 874, 874, 874, 874, 874, 998, 998]"
1748401250541150121,,23921,,1747960093,768320960,'',41,"[1364, 1494, 1492, 1491, 1939, 2006, 1494, 1494, 874, 874, 874, 874, 874, 874, 874, 874, 998, 998]"
1748401250646666779,,23922,,1747960093,813322752,'',41,"[1364, 1494, 1492, 1491, 1939, 2006, 1494, 1494, 874, 874, 874, 874, 874, 874, 874, 874, 998, 998]"
1748401250744728472,,23923,,1747960093,881322752,'',41,"[1364, 1494, 1492, 1491, 1939, 2006, 1494, 1494, 874, 874, 874, 874, 874, 874, 874, 874, 998, 998]"
1748401250846506926,,23924,,1747960093,924324288,'',41,"[1364, 1494, 1492, 1491, 1939, 2006, 1494, 1494, 874, 874, 874, 874, 874, 874, 874, 874, 998, 998]"
1748401250944554350,,23925,,1747960093,969324288,'',41,"[1364, 1494, 1492, 1491, 1939, 2006, 1494, 1494, 874, 874, 874, 874, 874, 874, 874, 874, 998, 998]"
1748401251056221325,,23926,,1747960094,34325312,'',41,"[1364, 1494, 1492, 1491, 1939, 2006, 1494, 1494, 874, 874, 874, 874, 874, 874, 874, 874, 998, 998]"
1748401251140093406,,23927,,1747960094,76325312,'',41,"[1364, 1494, 1492, 1491, 1939, 2006, 1494, 1494, 874, 874, 874, 874, 874, 874, 874, 874, 998, 998]"
1748401251245782553,,23928,,1747960094,119326336,'',41,"[1364, 1494, 1492, 1491, 1939, 2006, 1494, 1494, 874, 874, 874, 874, 874, 874, 874, 874, 998, 998]"
1748401251341656406,,23929,,1747960094,183326336,'',41,"[1364, 1494, 1492, 1491, 1939, 2006, 1494, 1494, 874, 874, 874, 874, 874, 874, 874, 874, 998, 998]"
1748401251445668565,,23930,,1747960094,225327616,'',41,"[1364, 1494, 1492, 1491, 1939, 2006, 1494, 1494, 874, 874, 874, 874, 874, 874, 874, 874, 998, 998]"
1748401251541769887,,23931,,1747960094,270327616,'',41,"[1364, 1494, 1492, 1491, 1939, 2006, 1494, 1494, 874, 874, 874, 874, 874, 874, 874, 874, 998, 998]"
1748401251647379421,,23932,,1747960094,314329152,'',41,"[1364, 1494, 1492, 1491, 1939, 2006, 1494, 1494, 874, 874, 874, 874, 874, 874, 874, 874, 998, 998]"
1748401251741006284,,23933,,1747960094,382329152,'',41,"[1364, 1494, 1492, 1491, 1939, 2006, 1494, 1494, 874, 874, 874, 874, 874, 874, 874, 874, 998, 998]"
1748401251847280627,,23934,,1747960094,427327872,'',41,"[1364, 1494, 1492, 1491, 1939, 2006, 1494, 1494, 874, 874, 874, 874, 874, 874, 874, 874, 998, 998]"
1748401251942928734,,23935,,1747960094,473327872,'',41,"[1364, 1494, 1492, 1491, 1939, 2006, 1494, 1494, 874, 874, 874, 874, 874, 874, 874, 874, 998, 998]"
1748401252048764948,,23936,,1747960094,518329408,'',41,"[1364, 1494, 1492, 1491, 1939, 2006, 1494, 1494, 874, 874, 874, 874, 874, 874, 874, 874, 998, 998]"
1748401252140485246,,23937,,1747960094,583329408,'',41,"[1364, 1494, 1492, 1491, 1939, 2006, 1494, 1494, 874, 874, 874, 874, 874, 874, 874, 874, 998, 998]"
1748401252246320437,,23938,,1747960094,625328640,'',41,"[1364, 1494, 1492, 1491, 1939, 2006, 1494, 1494, 874, 874, 874, 874, 874, 874, 874, 874, 998, 998]"
1748401252345925669,,23939,,1747960094,669328640,'',41,"[1364, 1494, 1492, 1491, 1939, 2006, 1494, 1494, 874, 874, 874, 874, 874, 874, 874, 874, 998, 998]"
1748401252447931937,,23940,,1747960094,734330176,'',41,"[1364, 1494, 1492, 1491, 1939, 2006, 1494, 1494, 874, 874, 874, 874, 874, 874, 874, 874, 998, 998]"
1748401252541977130,,23941,,1747960094,779330176,'',41,"[1364, 1494, 1492, 1491, 1939, 2006, 1494, 1494, 874, 874, 874, 874, 874, 874, 874, 874, 998, 998]"
1748401252645510952,,23942,,1747960094,825331712,'',41,"[1364, 1494, 1492, 1491, 1939, 2006, 1494, 1494, 874, 874, 874, 874, 874, 874, 874, 874, 998, 998]"
1748401252745382370,,23943,,1747960094,870331712,'',41,"[1364, 1494, 1492, 1491, 1939, 2006, 1494, 1494, 874, 874, 874, 874, 874, 874, 874, 874, 998, 998]"
1748401252845264460,,23944,,1747960094,915333760,'',41,"[1364, 1494, 1492, 1491, 1939, 2006, 1494, 1494, 874, 874, 874, 874, 874, 874, 874, 874, 998, 998]"
1748401252947180389,,23945,,1747960094,983333760,'',41,"[1364, 1494, 1492, 1491, 1939, 2006, 1494, 1494, 874, 874, 874, 874, 874, 874, 874, 874, 998, 998]"
1748401253044836054,,23946,,1747960095,24335296,'',41,"[1364, 1494, 1492, 1491, 1939, 2006, 1494, 1494, 874, 874, 874, 874, 874, 874, 874, 874, 998, 998]"
1748401253142957831,,23947,,1747960095,67335296,'',41,"[1364, 1494, 1492, 1491, 1939, 2006, 1494, 1494, 874, 874, 874, 874, 874, 874, 874, 874, 998, 998]"
1748401253244761766,,23948,,1747960095,130336576,'',41,"[1364, 1494, 1492, 1491, 1939, 2006, 1494, 1494, 874, 874, 874, 874, 874, 874, 874, 874, 998, 998]"
1748401253344621687,,23949,,1747960095,174336576,'',41,"[1364, 1494, 1492, 1491, 1939, 2006, 1494, 1494, 874, 874, 874, 874, 874, 874, 874, 874, 998, 998]"
1748401253446426146,,23950,,1747960095,217337600,'',41,"[1364, 1494, 1492, 1491, 1939, 2006, 1494, 1494, 874, 874, 874, 874, 874, 874, 874, 874, 998, 998]"
1748401253542453704,,23951,,1747960095,262337600,'',41,"[1364, 1494, 1492, 1491, 1939, 2006, 1494, 1494, 874, 874, 874, 874, 874, 874, 874, 874, 998, 998]"
1748401253648289754,,23952,,1747960095,330338112,'',41,"[1364, 1494, 1492, 1491, 1939, 2006, 1494, 1494, 874, 874, 874, 874, 874, 874, 874, 874, 998, 998]"
1748401253745790674,,23953,,1747960095,374338112,'',41,"[1364, 1494, 1492, 1491, 1939, 2006, 1494, 1494, 874, 874, 874, 874, 874, 874, 874, 874, 998, 998]"
1748401253849715504,,23954,,1747960095,419337088,'',41,"[1364, 1494, 1492, 1491, 1939, 2006, 1494, 1494, 874, 874, 874, 874, 874, 874, 874, 874, 998, 998]"
1748401253945708872,,23955,,1747960095,464337088,'',41,"[1364, 1494, 1492, 1491, 1939, 2006, 1494, 1494, 874, 874, 874, 874, 874, 874, 874, 874, 998, 998]"
1748401254045658827,,23956,,1747960095,532338880,'',41,"[1364, 1494, 1492, 1491, 1939, 2006, 1494, 1494, 874, 874, 874, 874, 874, 874, 874, 874, 998, 998]"
1748401254143496092,,23957,,1747960095,577338880,'',41,"[1364, 1494, 1492, 1491, 1939, 2006, 1494, 1494, 874, 874, 874, 874, 874, 874, 874, 874, 998, 998]"
1748401254247330080,,23958,,1747960095,622339648,'',41,"[1364, 1494, 1492, 1491, 1939, 2006, 1494, 1494, 874, 874, 874, 874, 874, 874, 874, 874, 998, 998]"
1748401254343322408,,23959,,1747960095,665339648,'',41,"[1364, 1494, 1492, 1491, 1939, 2006, 1494, 1494, 874, 874, 874, 874, 874, 874, 874, 874, 998, 998]"
1748401254448978736,,23960,,1747960095,727337856,'',41,"[1364, 1494, 1492, 1491, 1939, 2006, 1494, 1494, 874, 874, 874, 874, 874, 874, 874, 874, 998, 998]"
1748401254550930184,,23961,,1747960095,768337856,'',41,"[1364, 1494, 1492, 1491, 1939, 2006, 1494, 1494, 874, 874, 874, 874, 874, 874, 874, 874, 998, 998]"
1748401254646775615,,23962,,1747960095,832339136,'',41,"[1364, 1494, 1492, 1491, 1939, 2006, 1494, 1494, 874, 874, 874, 874, 874, 874, 874, 874, 998, 998]"
1748401254742604584,,23963,,1747960095,876339136,'',41,"[1364, 1494, 1492, 1491, 1939, 2006, 1494, 1494, 874, 874, 874, 874, 874, 874, 874, 874, 998, 998]"
1748401254846265350,,23964,,1747960095,919340160,'',41,"[1364, 1494, 1492, 1491, 1939, 2006, 1494, 1494, 874, 874, 874, 874, 874, 874, 874, 874, 998, 998]"
1748401254944317270,,23965,,1747960095,964340160,'',41,"[1364, 1494, 1492, 1491, 1939, 2006, 1494, 1494, 874, 874, 874, 874, 874, 874, 874, 874, 998, 998]"
1748401255045919536,,23966,,1747960096,32340416,'',41,"[1364, 1494, 1492, 1491, 1939, 2006, 1494, 1494, 874, 874, 874, 874, 874, 874, 874, 874, 998, 998]"
1748401255143745050,,23967,,1747960096,74340416,'',41,"[1364, 1494, 1492, 1491, 1939, 2006, 1494, 1494, 874, 874, 874, 874, 874, 874, 874, 874, 998, 998]"
1748401255247584647,,23968,,1747960096,119340928,'',41,"[1364, 1494, 1492, 1491, 1939, 2006, 1494, 1494, 874, 874, 874, 874, 874, 874, 874, 874, 998, 998]"
1748401255343427778,,23969,,1747960096,185340928,'',41,"[1364, 1494, 1492, 1491, 1939, 2006, 1494, 1494, 874, 874, 874, 874, 874, 874, 874, 874, 998, 998]"
1748401255447148861,,23970,,1747960096,230342720,'',41,"[1364, 1494, 1492, 1491, 1939, 2006, 1494, 1494, 874, 874, 874, 874, 874, 874, 874, 874, 998, 998]"
1748401255541049813,,23971,,1747960096,272342720,'',41,"[1364, 1494, 1492, 1491, 1939, 2006, 1494, 1494, 874, 874, 874, 874, 874, 874, 874, 874, 998, 998]"
1748401255647130110,,23972,,1747960096,322344512,'',41,"[1364, 1494, 1492, 1491, 1939, 2006, 1494, 1494, 874, 874, 874, 874, 874, 874, 874, 874, 998, 998]"
1748401255742984785,,23973,,1747960096,381344512,'',41,"[1364, 1494, 1492, 1491, 1939, 2006, 1494, 1494, 874, 874, 874, 874, 874, 874, 874, 874, 998, 998]"
1748401255846790438,,23974,,1747960096,424345792,'',41,"[1364, 1494, 1492, 1491, 1939, 2006, 1494, 1494, 874, 874, 874, 874, 874, 874, 874, 874, 998, 998]"
1748401255942722411,,23975,,1747960096,469345792,'',41,"[1364, 1494, 1492, 1491, 1939, 2006, 1494, 1494, 874, 874, 874, 874, 874, 874, 874, 874, 998, 998]"
1748401256048351556,,23976,,1747960096,514347072,'',41,"[1364, 1494, 1492, 1491, 1939, 2006, 1494, 1494, 874, 874, 874, 874, 874, 874, 874, 874, 998, 998]"
1748401256144472241,,23977,,1747960096,582347072,'',41,"[1364, 1494, 1492, 1491, 1939, 2006, 1494, 1494, 874, 874, 874, 874, 874, 874, 874, 874, 998, 998]"
1748401256246028622,,23978,,1747960096,627348352,'',41,"[1364, 1494, 1492, 1491, 1939, 2006, 1494, 1494, 874, 874, 874, 874, 874, 874, 874, 874, 998, 998]"
1748401256343930602,,23979,,1747960096,671348352,'',41,"[1363, 1494, 1492, 1491, 1939, 2006, 1494, 1494, 874, 874, 874, 874, 874, 874, 874, 874, 998, 998]"
1748401256445612919,,23980,,1747960096,734349888,'',41,"[1364, 1494, 1492, 1491, 1939, 2006, 1494, 1494, 874, 874, 874, 874, 874, 874, 874, 874, 998, 998]"
1748401256545539511,,23981,,1747960096,779349888,'',41,"[1364, 1494, 1492, 1491, 1939, 2006, 1494, 1494, 874, 874, 874, 874, 874, 874, 874, 874, 998, 998]"
1748401256647153467,,23982,,1747960096,824351680,'',41,"[1364, 1494, 1492, 1491, 1939, 2006, 1494, 1494, 874, 874, 874, 874, 874, 874, 874, 874, 998, 998]"
1748401256743365790,,23983,,1747960096,869351680,'',41,"[1364, 1494, 1492, 1491, 1939, 2006, 1494, 1494, 874, 874, 874, 874, 874, 874, 874, 874, 998, 998]"
1748401256846975559,,23984,,1747960096,934351424,'',41,"[1364, 1494, 1492, 1491, 1939, 2006, 1494, 1494, 874, 874, 874, 874, 874, 874, 874, 874, 998, 998]"
1748401256942932954,,23985,,1747960096,979351424,'',41,"[1364, 1494, 1492, 1491, 1939, 2006, 1494, 1494, 874, 874, 874, 874, 874, 874, 874, 874, 998, 998]"
1748401257058778532,,23986,,1747960097,25352192,'',41,"[1364, 1494, 1492, 1491, 1939, 2006, 1494, 1494, 874, 874, 874, 874, 874, 874, 874, 874, 998, 998]"
1748401257144664336,,23987,,1747960097,67352192,'',41,"[1364, 1494, 1492, 1491, 1939, 2006, 1494, 1494, 874, 874, 874, 874, 874, 874, 874, 874, 998, 998]"
1748401257246265492,,23988,,1747960097,132353472,'',41,"[1364, 1494, 1492, 1491, 1939, 2006, 1494, 1494, 874, 874, 874, 874, 874, 874, 874, 874, 998, 998]"
1748401257342218045,,23989,,1747960097,173353472,'',41,"[1364, 1494, 1492, 1491, 1939, 2006, 1494, 1494, 874, 874, 874, 874, 874, 874, 874, 874, 998, 998]"
1748401257446408908,,23990,,1747960097,216354496,'',41,"[1364, 1494, 1492, 1491, 1939, 2006, 1494, 1494, 874, 874, 874, 874, 874, 874, 874, 874, 998, 998]"
1748401257545898269,,23991,,1747960097,278354496,'',41,"[1364, 1494, 1492, 1491, 1939, 2006, 1494, 1494, 874, 874, 874, 874, 874, 874, 874, 874, 998, 998]"
1748401257645676679,,23992,,1747960097,331356288,'',41,"[1364, 1494, 1492, 1491, 1939, 2006, 1494, 1494, 874, 874, 874, 874, 874, 874, 874, 874, 998, 998]"
1748401257743749671,,23993,,1747960097,368356288,'',40,"[1364, 1494, 1492, 1491, 1939, 2006, 1494, 1494, 874, 874, 874, 874, 874, 874, 874, 874, 998, 998]"
1748401257847362674,,23994,,1747960097,413355776,'',41,"[1364, 1494, 1492, 1491, 1939, 2006, 1494, 1494, 874, 874, 874, 874, 874, 874, 874, 874, 998, 998]"
1748401257943279071,,23995,,1747960097,481355776,'',41,"[1364, 1494, 1492, 1491, 1939, 2006, 1494, 1494, 874, 874, 874, 874, 874, 874, 874, 874, 998, 998]"
1748401258045506261,,23996,,1747960097,526356544,'',41,"[1364, 1494, 1492, 1491, 1939, 2006, 1494, 1494, 874, 874, 874, 874, 874, 874, 874, 874, 998, 998]"
1748401258143176978,,23997,,1747960097,568356544,'',41,"[1364, 1494, 1492, 1491, 1939, 2006, 1494, 1494, 874, 874, 874, 874, 874, 874, 874, 874, 998, 998]"
1748401258251212227,,23998,,1747960097,636355264,'',41,"[1364, 1494, 1492, 1491, 1939, 2006, 1494, 1494, 874, 874, 874, 874, 874, 874, 874, 874, 998, 998]"
1748401258345015141,,23999,,1747960097,680355264,'',41,"[1364, 1494, 1492, 1491, 1939, 2006, 1494, 1494, 874, 874, 874, 874, 874, 874, 874, 874, 998, 998]"
1748401258446595944,,24000,,1747960097,721355264,'',41,"[1364, 1494, 1492, 1491, 1939, 2006, 1494, 1494, 874, 874, 874, 874, 874, 874, 874, 874, 998, 998]"
1748401258542658853,,24001,,1747960097,764355264,'',41,"[1364, 1494, 1492, 1491, 1939, 2006, 1494, 1494, 874, 874, 874, 874, 874, 874, 874, 874, 998, 998]"
1748401258648581392,,24002,,1747960097,827354496,'',41,"[1363, 1494, 1492, 1491, 1939, 2006, 1494, 1494, 874, 874, 874, 874, 874, 874, 874, 874, 998, 998]"
1748401258744222257,,24003,,1747960097,869354496,'',41,"[1364, 1494, 1492, 1491, 1939, 2006, 1494, 1494, 874, 874, 874, 874, 874, 874, 874, 874, 998, 998]"
1748401258855999052,,24004,,1747960097,932353472,'',41,"[1364, 1494, 1492, 1491, 1939, 2006, 1494, 1494, 874, 874, 874, 874, 874, 874, 874, 874, 998, 998]"
1748401258941973550,,24005,,1747960097,978353472,'',41,"[1364, 1494, 1492, 1491, 1939, 2006, 1494, 1494, 874, 874, 874, 874, 874, 874, 874, 874, 998, 998]"
1748401259045945210,,24006,,1747960098,23354240,'',41,"[1364, 1494, 1492, 1491, 1939, 2006, 1494, 1494, 874, 874, 874, 874, 874, 874, 874, 874, 998, 998]"
1748401259145725878,,24007,,1747960098,68354240,'',41,"[1364, 1494, 1492, 1491, 1939, 2006, 1494, 1494, 874, 874, 874, 874, 874, 874, 874, 874, 998, 998]"
1748401259247610546,,24008,,1747960098,133356032,'',41,"[1363, 1494, 1492, 1491, 1939, 2006, 1494, 1494, 874, 874, 874, 874, 874, 874, 874, 874, 998, 998]"
1748401259343512270,,24009,,1747960098,176356032,'',41,"[1364, 1494, 1492, 1491, 1939, 2006, 1494, 1494, 874, 874, 874, 874, 874, 874, 874, 874, 998, 998]"
1748401259449248463,,24010,,1747960098,221356032,'',41,"[1364, 1494, 1492, 1491, 1939, 2006, 1494, 1494, 874, 874, 874, 874, 874, 874, 874, 874, 998, 998]"
1748401259541255888,,24011,,1747960098,266356032,'',41,"[1364, 1494, 1492, 1491, 1939, 2006, 1494, 1494, 874, 874, 874, 874, 874, 874, 874, 874, 998, 998]"
1748401259646993105,,24012,,1747960098,330357056,'',41,"[1364, 1494, 1492, 1491, 1939, 2006, 1494, 1494, 874, 874, 874, 874, 874, 874, 874, 874, 998, 998]"
1748401259743193395,,24013,,1747960098,372357056,'',41,"[1364, 1494, 1492, 1491, 1939, 2006, 1494, 1494, 874, 874, 874, 874, 874, 874, 874, 874, 998, 998]"
1748401259846648307,,24014,,1747960098,418358336,'',41,"[1364, 1494, 1492, 1491, 1939, 2006, 1494, 1494, 874, 874, 874, 874, 874, 874, 874, 874, 998, 998]"
1748401259944756439,,24015,,1747960098,463358336,'',41,"[1364, 1494, 1492, 1491, 1939, 2006, 1494, 1494, 874, 874, 874, 874, 874, 874, 874, 874, 998, 998]"
1748401260046557437,,24016,,1747960098,528359616,'',41,"[1364, 1494, 1492, 1491, 1939, 2006, 1494, 1494, 874, 874, 874, 874, 874, 874, 874, 874, 998, 998]"
1748401260140386232,,24017,,1747960098,573359616,'',41,"[1364, 1494, 1492, 1491, 1939, 2006, 1494, 1494, 874, 874, 874, 874, 874, 874, 874, 874, 998, 998]"
1748401260246145402,,24018,,1747960098,618360640,'',41,"[1364, 1494, 1492, 1491, 1939, 2006, 1494, 1494, 874, 874, 874, 874, 874, 874, 874, 874, 998, 998]"
1748401260342200489,,24019,,1747960098,664360640,'',41,"[1364, 1494, 1492, 1491, 1939, 2006, 1494, 1494, 874, 874, 874, 874, 874, 874, 874, 874, 998, 998]"
1748401260445825354,,24020,,1747960098,726364992,'',41,"[1364, 1494, 1492, 1491, 1939, 2006, 1494, 1494, 874, 874, 874, 874, 874, 874, 874, 874, 998, 998]"
1748401260543815841,,24021,,1747960098,769364992,'',41,"[1364, 1494, 1492, 1491, 1939, 2006, 1494, 1494, 874, 874, 874, 874, 874, 874, 874, 874, 998, 998]"
1748401260647429831,,24022,,1747960098,832370112,'',41,"[1364, 1494, 1492, 1491, 1939, 2006, 1494, 1494, 874, 874, 874, 874, 874, 874, 874, 874, 998, 998]"
1748401260741831770,,24023,,1747960098,878370112,'',41,"[1364, 1494, 1492, 1491, 1939, 2006, 1494, 1494, 874, 874, 874, 874, 874, 874, 874, 874, 998, 998]"
1748401260847032188,,24024,,1747960098,923370368,'',41,"[1364, 1494, 1492, 1491, 1939, 2006, 1494, 1494, 874, 874, 874, 874, 874, 874, 874, 874, 998, 998]"
1748401260941292790,,24025,,1747960098,968370368,'',41,"[1364, 1494, 1492, 1491, 1939, 2006, 1494, 1494, 874, 874, 874, 874, 874, 874, 874, 874, 998, 998]"
1748401261048722174,,24026,,1747960099,13371904,'',40,"[1364, 1494, 1492, 1491, 1939, 2006, 1494, 1494, 874, 874, 874, 874, 874, 874, 874, 874, 998, 998]"
1748401261140756511,,24027,,1747960099,78371904,'',41,"[1364, 1494, 1492, 1491, 1939, 2006, 1494, 1494, 874, 874, 874, 874, 874, 874, 874, 874, 998, 998]"
1748401261246670980,,24028,,1747960099,123373696,'',41,"[1364, 1494, 1492, 1491, 1939, 2006, 1494, 1494, 874, 874, 874, 874, 874, 874, 874, 874, 998, 998]"
1748401261342618676,,24029,,1747960099,166373696,'',41,"[1364, 1494, 1492, 1491, 1939, 2006, 1494, 1494, 874, 874, 874, 874, 874, 874, 874, 874, 998, 998]"
1748401261446433457,,24030,,1747960099,230377536,'',41,"[1364, 1494, 1492, 1491, 1939, 2006, 1494, 1494, 874, 874, 874, 874, 874, 874, 874, 874, 998, 998]"
1748401261539838663,,24031,,1747960099,272377536,'',41,"[1364, 1494, 1492, 1491, 1939, 2006, 1494, 1494, 874, 874, 874, 874, 874, 874, 874, 874, 998, 998]"
1748401261646354753,,24032,,1747960099,318378560,'',41,"[1364, 1494, 1492, 1491, 1939, 2006, 1494, 1494, 874, 874, 874, 874, 874, 874, 874, 874, 998, 998]"
1748401261741613579,,24033,,1747960099,369378560,'',41,"[1364, 1494, 1492, 1491, 1939, 2006, 1494, 1494, 874, 874, 874, 874, 874, 874, 874, 874, 998, 998]"
1748401261845662393,,24034,,1747960099,429380352,'',41,"[1364, 1494, 1492, 1491, 1939, 2006, 1494, 1494, 874, 874, 874, 874, 874, 874, 874, 874, 998, 998]"
1748401261941439766,,24035,,1747960099,474380352,'',41,"[1364, 1494, 1492, 1491, 1939, 2006, 1494, 1494, 874, 874, 874, 874, 874, 874, 874, 874, 998, 998]"
1748401262046919433,,24036,,1747960099,520380608,'',41,"[1364, 1494, 1492, 1491, 1939, 2006, 1494, 1494, 874, 874, 874, 874, 874, 874, 874, 874, 998, 998]"
1748401262144987010,,24037,,1747960099,585380608,'',41,"[1364, 1494, 1492, 1491, 1939, 2006, 1494, 1494, 874, 874, 874, 874, 874, 874, 874, 874, 998, 998]"
1748401262246807067,,24038,,1747960099,630382400,'',41,"[1364, 1494, 1492, 1491, 1939, 2006, 1494, 1494, 874, 874, 874, 874, 874, 874, 874, 874, 998, 998]"
1748401262340833272,,24039,,1747960099,675382400,'',41,"[1364, 1494, 1492, 1491, 1939, 2006, 1494, 1494, 874, 874, 874, 874, 874, 874, 874, 874, 998, 998]"
1748401262448543810,,24040,,1747960099,719382656,'',41,"[1364, 1494, 1492, 1491, 1939, 2006, 1494, 1494, 874, 874, 874, 874, 874, 874, 874, 874, 998, 998]"
1748401262544550745,,24041,,1747960099,764382656,'',41,"[1364, 1494, 1492, 1491, 1939, 2006, 1494, 1494, 874, 874, 874, 874, 874, 874, 874, 874, 998, 998]"
1748401262646233756,,24042,,1747960099,832383936,'',41,"[1364, 1494, 1492, 1491, 1939, 2006, 1494, 1494, 874, 874, 874, 874, 874, 874, 874, 874, 998, 998]"
1748401262740526232,,24043,,1747960099,877383936,'',41,"[1364, 1494, 1492, 1491, 1939, 2006, 1494, 1494, 874, 874, 874, 874, 874, 874, 874, 874, 998, 998]"
1748401262847882206,,24044,,1747960099,922384704,'',41,"[1364, 1494, 1492, 1491, 1939, 2006, 1494, 1494, 874, 874, 874, 874, 874, 874, 874, 874, 998, 998]"
1748401262941841804,,24045,,1747960099,968384704,'',41,"[1364, 1494, 1492, 1491, 1939, 2006, 1494, 1494, 874, 874, 874, 874, 874, 874, 874, 874, 998, 998]"
1748401263045753965,,24046,,1747960100,31386240,'',41,"[1364, 1494, 1492, 1491, 1939, 2006, 1494, 1494, 874, 874, 874, 874, 874, 874, 874, 874, 998, 998]"
1748401263145623396,,24047,,1747960100,74386240,'',41,"[1364, 1494, 1492, 1491, 1939, 2006, 1494, 1494, 874, 874, 874, 874, 874, 874, 874, 874, 998, 998]"
1748401263245739364,,24048,,1747960100,116387776,'',41,"[1364, 1494, 1492, 1491, 1939, 2006, 1494, 1494, 874, 874, 874, 874, 874, 874, 874, 874, 998, 998]"
1748401263343354068,,24049,,1747960100,179387776,'',41,"[1364, 1494, 1492, 1491, 1939, 2006, 1494, 1494, 874, 874, 874, 874, 874, 874, 874, 874, 998, 998]"
1748401263445195126,,24050,,1747960100,221389312,'',41,"[1364, 1494, 1492, 1491, 1939, 2006, 1494, 1494, 874, 874, 874, 874, 874, 874, 874, 874, 998, 998]"
1748401263544974251,,24051,,1747960100,267389312,'',41,"[1364, 1494, 1492, 1491, 1939, 2006, 1494, 1494, 874, 874, 874, 874, 874, 874, 874, 874, 998, 998]"
1748401263646851776,,24052,,1747960100,334389312,'',41,"[1364, 1494, 1492, 1491, 1939, 2006, 1494, 1494, 874, 874, 874, 874, 874, 874, 874, 874, 998, 998]"
1748401263742735934,,24053,,1747960100,357389312,'',41,"[1364, 1494, 1492, 1491, 1939, 2006, 1494, 1494, 874, 874, 874, 874, 874, 874, 874, 874, 998, 998]"
1748401263846231989,,24054,,1747960100,423389312,'',41,"[1364, 1494, 1492, 1491, 1939, 2006, 1494, 1494, 874, 874, 874, 874, 874, 874, 874, 874, 998, 998]"
1748401263940357166,,24055,,1747960100,469394688,'',41,"[1364, 1494, 1492, 1491, 1939, 2006, 1494, 1494, 874, 874, 874, 874, 874, 874, 874, 874, 998, 998]"
1748401264046052687,,24056,,1747960100,514395712,'',41,"[1364, 1494, 1492, 1491, 1939, 2006, 1494, 1494, 874, 874, 874, 874, 874, 874, 874, 874, 998, 998]"
1748401264143917606,,24057,,1747960100,582395712,'',41,"[1364, 1494, 1492, 1491, 1939, 2006, 1494, 1494, 874, 874, 874, 874, 874, 874, 874, 874, 998, 998]"
1748401264245833562,,24058,,1747960100,624395712,'',41,"[1364, 1494, 1492, 1491, 1939, 2006, 1494, 1494, 874, 874, 874, 874, 874, 874, 874, 874, 998, 998]"
1748401264342074045,,24059,,1747960100,669400576,'',41,"[1364, 1494, 1492, 1491, 1939, 2006, 1494, 1494, 874, 874, 874, 874, 874, 874, 874, 874, 998, 998]"
1748401264445840165,,24060,,1747960100,713402112,'',41,"[1364, 1494, 1492, 1491, 1939, 2006, 1494, 1494, 874, 874, 874, 874, 874, 874, 874, 874, 998, 998]"
1748401264545323667,,24061,,1747960100,778402112,'',41,"[1364, 1494, 1492, 1491, 1939, 2006, 1494, 1494, 874, 874, 874, 874, 874, 874, 874, 874, 998, 998]"
1748401264645244740,,24062,,1747960100,824402112,'',41,"[1364, 1494, 1492, 1491, 1939, 2006, 1494, 1494, 874, 874, 874, 874, 874, 874, 874, 874, 998, 998]"
1748401264743056662,,24063,,1747960100,869407744,'',41,"[1364, 1494, 1492, 1491, 1939, 2006, 1494, 1494, 874, 874, 874, 874, 874, 874, 874, 874, 998, 998]"
1748401264846824175,,24064,,1747960100,914410560,'',41,"[1364, 1494, 1492, 1491, 1939, 2006, 1494, 1494, 874, 874, 874, 874, 874, 874, 874, 874, 998, 998]"
1748401264942864326,,24065,,1747960100,982410560,'',41,"[1364, 1494, 1492, 1491, 1939, 2006, 1494, 1494, 874, 874, 874, 874, 874, 874, 874, 874, 998, 998]"
1748401265048717321,,24066,,1747960101,27411328,'',41,"[1364, 1494, 1492, 1491, 1939, 2006, 1494, 1494, 874, 874, 874, 874, 874, 874, 874, 874, 998, 998]"
1748401265144435982,,24067,,1747960101,70411328,'',41,"[1364, 1494, 1492, 1491, 1939, 2006, 1494, 1494, 874, 874, 874, 874, 874, 874, 874, 874, 998, 998]"
1748401265246379462,,24068,,1747960101,132411328,'',41,"[1364, 1494, 1492, 1491, 1939, 2006, 1494, 1494, 874, 874, 874, 874, 874, 874, 874, 874, 998, 998]"
1748401265344047443,,24069,,1747960101,176412096,'',41,"[1364, 1494, 1492, 1491, 1939, 2006, 1494, 1494, 874, 874, 874, 874, 874, 874, 874, 874, 998, 998]"
1748401265447938877,,24070,,1747960101,221413632,'',41,"[1364, 1494, 1492, 1491, 1939, 2006, 1494, 1494, 874, 874, 874, 874, 874, 874, 874, 874, 998, 998]"
1748401265543904207,,24071,,1747960101,264413632,'',41,"[1364, 1494, 1492, 1491, 1939, 2006, 1494, 1494, 874, 874, 874, 874, 874, 874, 874, 874, 998, 998]"
1748401265649907297,,24072,,1747960101,331413632,'',41,"[1364, 1494, 1492, 1491, 1939, 2006, 1494, 1494, 874, 874, 874, 874, 874, 874, 874, 874, 998, 998]"
1748401265745432385,,24073,,1747960101,377413632,'',41,"[1364, 1494, 1492, 1491, 1939, 2006, 1494, 1494, 874, 874, 874, 874, 874, 874, 874, 874, 998, 998]"
1748401265845362006,,24074,,1747960101,419415680,'',41,"[1364, 1494, 1492, 1491, 1939, 2006, 1494, 1494, 874, 874, 874, 874, 874, 874, 874, 874, 998, 998]"
1748401265945133707,,24075,,1747960101,483415680,'',41,"[1364, 1494, 1492, 1491, 1939, 2006, 1494, 1494, 874, 874, 874, 874, 874, 874, 874, 874, 998, 998]"
1748401266047225810,,24076,,1747960101,528415680,'',41,"[1364, 1494, 1492, 1491, 1939, 2006, 1494, 1494, 874, 874, 874, 874, 874, 874, 874, 874, 998, 998]"
1748401266140832094,,24077,,1747960101,573421824,'',41,"[1364, 1494, 1492, 1491, 1939, 2006, 1494, 1494, 874, 874, 874, 874, 874, 874, 874, 874, 998, 998]"
1748401266247066090,,24078,,1747960101,618423360,'',41,"[1364, 1494, 1492, 1491, 1939, 2006, 1494, 1494, 874, 874, 874, 874, 874, 874, 874, 874, 998, 998]"
1748401266342588806,,24079,,1747960101,684423360,'',41,"[1364, 1494, 1492, 1491, 1939, 2006, 1494, 1494, 874, 874, 874, 874, 874, 874, 874, 874, 998, 998]"
1748401266460423656,,24080,,1747960101,729422592,'',41,"[1364, 1494, 1492, 1491, 1939, 2006, 1494, 1494, 874, 874, 874, 874, 874, 874, 874, 874, 998, 998]"
1748401266540381575,,24081,,1747960101,774422592,'',41,"[1364, 1494, 1492, 1491, 1939, 2006, 1494, 1494, 874, 874, 874, 874, 874, 874, 874, 874, 998, 998]"
1748401266646408956,,24082,,1747960101,818423872,'',41,"[1364, 1494, 1492, 1491, 1939, 2006, 1494, 1494, 874, 874, 874, 874, 874, 874, 874, 874, 998, 998]"
1748401266742079585,,24083,,1747960101,863423872,'',41,"[1364, 1494, 1492, 1491, 1939, 2006, 1494, 1494, 874, 874, 874, 874, 874, 874, 874, 874, 998, 998]"
1748401266845932867,,24084,,1747960101,931423872,'',41,"[1364, 1494, 1492, 1491, 1939, 2006, 1494, 1494, 874, 874, 874, 874, 874, 874, 874, 874, 998, 998]"
1748401266941673723,,24085,,1747960101,976429248,'',41,"[1364, 1494, 1492, 1491, 1939, 2006, 1494, 1494, 874, 874, 874, 874, 874, 874, 874, 874, 998, 998]"
1748401267050192259,,24086,,1747960102,21431296,'',41,"[1364, 1494, 1492, 1491, 1939, 2006, 1494, 1494, 874, 874, 874, 874, 874, 874, 874, 874, 998, 998]"
1748401267145367459,,24087,,1747960102,84431296,'',41,"[1364, 1494, 1492, 1491, 1939, 2006, 1494, 1494, 874, 874, 874, 874, 874, 874, 874, 874, 998, 998]"
1748401267247599124,,24088,,1747960102,129431552,'',41,"[1364, 1494, 1492, 1491, 1939, 2006, 1494, 1494, 874, 874, 874, 874, 874, 874, 874, 874, 998, 998]"
1748401267341267038,,24089,,1747960102,173431552,'',41,"[1364, 1494, 1492, 1491, 1939, 2006, 1494, 1494, 874, 874, 874, 874, 874, 874, 874, 874, 998, 998]"
1748401267444904933,,24090,,1747960102,215433088,'',41,"[1364, 1494, 1492, 1491, 1939, 2006, 1494, 1494, 874, 874, 874, 874, 874, 874, 874, 874, 998, 998]"
1748401267544670828,,24091,,1747960102,280433088,'',41,"[1364, 1494, 1492, 1491, 1939, 2006, 1494, 1494, 874, 874, 874, 874, 874, 874, 874, 874, 998, 998]"
1748401267658486386,,24092,,1747960102,326434368,'',41,"[1364, 1494, 1492, 1491, 1939, 2006, 1494, 1494, 874, 874, 874, 874, 874, 874, 874, 874, 998, 998]"
1748401267744354694,,24093,,1747960102,368434368,'',41,"[1364, 1494, 1492, 1491, 1939, 2006, 1494, 1494, 874, 874, 874, 874, 874, 874, 874, 874, 998, 998]"
1748401267846592700,,24094,,1747960102,435436416,'',40,"[1364, 1494, 1492, 1491, 1939, 2006, 1494, 1494, 874, 874, 874, 874, 874, 874, 874, 874, 998, 998]"
1748401267944219614,,24095,,1747960102,477436416,'',41,"[1364, 1494, 1492, 1491, 1939, 2006, 1494, 1494, 874, 874, 874, 874, 874, 874, 874, 874, 998, 998]"
1748401268046036530,,24096,,1747960102,522437440,'',41,"[1364, 1494, 1492, 1491, 1939, 2006, 1494, 1494, 874, 874, 874, 874, 874, 874, 874, 874, 998, 998]"
1748401268142082192,,24097,,1747960102,567437440,'',41,"[1364, 1494, 1492, 1491, 1939, 2006, 1494, 1494, 874, 874, 874, 874, 874, 874, 874, 874, 998, 998]"
1748401268246203030,,24098,,1747960102,613439488,'',41,"[1364, 1494, 1492, 1491, 1939, 2006, 1494, 1494, 874, 874, 874, 874, 874, 874, 874, 874, 998, 998]"
1748401268341754562,,24099,,1747960102,681439488,'',41,"[1364, 1494, 1492, 1491, 1939, 2006, 1494, 1494, 874, 874, 874, 874, 874, 874, 874, 874, 998, 998]"
1748401268445430054,,24100,,1747960102,726443584,'',41,"[1364, 1494, 1492, 1491, 1939, 2006, 1494, 1494, 874, 874, 874, 874, 874, 874, 874, 874, 998, 998]"
1748401268543192940,,24101,,1747960102,770443584,'',41,"[1364, 1494, 1492, 1491, 1939, 2006, 1494, 1494, 874, 874, 874, 874, 874, 874, 874, 874, 998, 998]"
1748401268648896665,,24102,,1747960102,815444864,'',41,"[1364, 1494, 1492, 1491, 1939, 2006, 1494, 1494, 874, 874, 874, 874, 874, 874, 874, 874, 998, 998]"
1748401268742894661,,24103,,1747960102,883444864,'',41,"[1364, 1494, 1492, 1491, 1939, 2006, 1494, 1494, 874, 874, 874, 874, 874, 874, 874, 874, 998, 998]"
1748401268846949377,,24104,,1747960102,928446144,'',41,"[1364, 1494, 1492, 1491, 1939, 2006, 1494, 1494, 874, 874, 874, 874, 874, 874, 874, 874, 998, 998]"
1748401268944687171,,24105,,1747960102,973446144,'',41,"[1364, 1494, 1492, 1491, 1939, 2006, 1494, 1494, 874, 874, 874, 874, 874, 874, 874, 874, 998, 998]"
1748401269044787572,,24106,,1747960103,18446144,'',41,"[1364, 1494, 1492, 1491, 1939, 2006, 1494, 1494, 874, 874, 874, 874, 874, 874, 874, 874, 998, 998]"
1748401269144371411,,24107,,1747960103,85451264,'',41,"[1364, 1494, 1492, 1491, 1939, 2006, 1494, 1494, 874, 874, 874, 874, 874, 874, 874, 874, 998, 998]"
1748401269248376016,,24108,,1747960103,130451264,'',41,"[1364, 1494, 1492, 1491, 1939, 2006, 1494, 1494, 874, 874, 874, 874, 874, 874, 874, 874, 998, 998]"
1748401269340337589,,24109,,1747960103,175451264,'',41,"[1364, 1494, 1492, 1491, 1939, 2006, 1494, 1494, 874, 874, 874, 874, 874, 874, 874, 874, 998, 998]"
1748401269448451598,,24110,,1747960103,220453056,'',41,"[1364, 1494, 1492, 1491, 1939, 2006, 1494, 1494, 874, 874, 874, 874, 874, 874, 874, 874, 998, 998]"
1748401269541928586,,24111,,1747960103,265453056,'',41,"[1364, 1494, 1492, 1491, 1939, 2006, 1494, 1494, 874, 874, 874, 874, 874, 874, 874, 874, 998, 998]"
1748401269649784227,,24112,,1747960103,330452800,'',41,"[1364, 1494, 1492, 1491, 1939, 2006, 1494, 1494, 874, 874, 874, 874, 874, 874, 874, 874, 998, 998]"
1748401269741460648,,24113,,1747960103,376452800,'',41,"[1364, 1494, 1492, 1491, 1939, 2006, 1494, 1494, 874, 874, 874, 874, 874, 874, 874, 874, 998, 998]"
1748401269847177434,,24114,,1747960103,420454080,'',41,"[1364, 1494, 1492, 1491, 1939, 2006, 1494, 1494, 874, 874, 874, 874, 874, 874, 874, 874, 998, 998]"
1748401269942925776,,24115,,1747960103,462454080,'',41,"[1364, 1494, 1492, 1491, 1939, 2006, 1494, 1494, 874, 874, 874, 874, 874, 874, 874, 874, 998, 998]"
1748401270046952718,,24116,,1747960103,530455360,'',41,"[1364, 1494, 1492, 1491, 1939, 2006, 1494, 1494, 874, 874, 874, 874, 874, 874, 874, 874, 998, 998]"
1748401270141159405,,24117,,1747960103,575455360,'',41,"[1364, 1494, 1492, 1491, 1939, 2006, 1494, 1494, 874, 874, 874, 874, 874, 874, 874, 874, 998, 998]"
1748401270246887244,,24118,,1747960103,620455872,'',41,"[1364, 1494, 1492, 1491, 1939, 2006, 1494, 1494, 874, 874, 874, 874, 874, 874, 874, 874, 998, 998]"
1748401270340774135,,24119,,1747960103,665455872,'',41,"[1364, 1494, 1492, 1491, 1939, 2006, 1494, 1494, 874, 874, 874, 874, 874, 874, 874, 874, 998, 998]"
1748401270446600981,,24120,,1747960103,731456896,'',41,"[1364, 1494, 1492, 1491, 1939, 2006, 1494, 1494, 874, 874, 874, 874, 874, 874, 874, 874, 998, 998]"
1748401270542302152,,24121,,1747960103,776456896,'',41,"[1364, 1494, 1492, 1491, 1939, 2006, 1494, 1494, 874, 874, 874, 874, 874, 874, 874, 874, 998, 998]"
1748401270648334473,,24122,,1747960103,818458688,'',41,"[1364, 1494, 1492, 1491, 1939, 2006, 1494, 1494, 874, 874, 874, 874, 874, 874, 874, 874, 998, 998]"
1748401270743930997,,24123,,1747960103,881458688,'',41,"[1364, 1494, 1492, 1491, 1939, 2006, 1494, 1494, 874, 874, 874, 874, 874, 874, 874, 874, 998, 998]"
1748401270845731890,,24124,,1747960103,923460992,'',41,"[1364, 1494, 1492, 1491, 1939, 2006, 1494, 1494, 874, 874, 874, 874, 874, 874, 874, 874, 998, 998]"
1748401270941848399,,24125,,1747960103,966460992,'',41,"[1364, 1494, 1492, 1491, 1939, 2006, 1494, 1494, 874, 874, 874, 874, 874, 874, 874, 874, 998, 998]"
1748401271045579537,,24126,,1747960104,32463296,'',41,"[1364, 1494, 1492, 1491, 1939, 2006, 1494, 1494, 874, 874, 874, 874, 874, 874, 874, 874, 998, 998]"
1748401271145400950,,24127,,1747960104,78463296,'',41,"[1364, 1494, 1492, 1491, 1939, 2006, 1494, 1494, 874, 874, 874, 874, 874, 874, 874, 874, 998, 998]"
1748401271247278989,,24128,,1747960104,123464064,'',41,"[1364, 1494, 1492, 1491, 1939, 2006, 1494, 1494, 874, 874, 874, 874, 874, 874, 874, 874, 998, 998]"
1748401271341227019,,24129,,1747960104,168464064,'',41,"[1364, 1494, 1492, 1491, 1939, 2006, 1494, 1494, 874, 874, 874, 874, 874, 874, 874, 874, 998, 998]"
1748401271449464675,,24130,,1747960104,233465600,'',41,"[1364, 1494, 1492, 1491, 1939, 2006, 1494, 1494, 874, 874, 874, 874, 874, 874, 874, 874, 998, 998]"
1748401271542680213,,24131,,1747960104,278465600,'',41,"[1364, 1494, 1492, 1491, 1939, 2006, 1494, 1494, 874, 874, 874, 874, 874, 874, 874, 874, 998, 998]"
1748401271645834856,,24132,,1747960104,322466624,'',41,"[1364, 1494, 1492, 1491, 1939, 2006, 1494, 1494, 874, 874, 874, 874, 874, 874, 874, 874, 998, 998]"
1748401271740685161,,24133,,1747960104,367466624,'',41,"[1364, 1494, 1492, 1491, 1939, 2006, 1494, 1494, 874, 874, 874, 874, 874, 874, 874, 874, 998, 998]"
1748401271846163434,,24134,,1747960104,412467904,'',41,"[1364, 1494, 1492, 1491, 1939, 2006, 1494, 1494, 874, 874, 874, 874, 874, 874, 874, 874, 998, 998]"
1748401271943977732,,24135,,1747960104,478467904,'',41,"[1364, 1494, 1492, 1491, 1939, 2006, 1494, 1494, 874, 874, 874, 874, 874, 874, 874, 874, 998, 998]"
1748401272046123505,,24136,,1747960104,522470464,'',41,"[1364, 1494, 1492, 1491, 1939, 2006, 1494, 1494, 874, 874, 874, 874, 874, 874, 874, 874, 998, 998]"
1748401272147926736,,24137,,1747960104,567470464,'',41,"[1364, 1494, 1492, 1491, 1939, 2006, 1494, 1494, 874, 874, 874, 874, 874, 874, 874, 874, 998, 998]"
1748401272247637437,,24138,,1747960104,632472512,'',41,"[1364, 1494, 1492, 1491, 1939, 2006, 1494, 1494, 874, 874, 874, 874, 874, 874, 874, 874, 998, 998]"
1748401272345391983,,24139,,1747960104,674472512,'',41,"[1364, 1494, 1492, 1491, 1939, 2006, 1494, 1494, 874, 874, 874, 874, 874, 874, 874, 874, 998, 998]"
1748401272451021677,,24140,,1747960104,720474816,'',41,"[1364, 1494, 1492, 1491, 1939, 2006, 1494, 1494, 874, 874, 874, 874, 874, 874, 874, 874, 998, 998]"
1748401272540959256,,24141,,1747960104,765474816,'',41,"[1364, 1494, 1492, 1491, 1939, 2006, 1494, 1494, 874, 874, 874, 874, 874, 874, 874, 874, 998, 998]"
1748401272649112288,,24142,,1747960104,832476608,'',41,"[1364, 1494, 1492, 1491, 1939, 2006, 1494, 1494, 874, 874, 874, 874, 874, 874, 874, 874, 998, 998]"
1748401272740801519,,24143,,1747960104,876476608,'',41,"[1364, 1494, 1492, 1491, 1939, 2006, 1494, 1494, 874, 874, 874, 874, 874, 874, 874, 874, 998, 998]"
1748401272846707194,,24144,,1747960104,922479680,'',41,"[1364, 1494, 1492, 1491, 1939, 2006, 1494, 1494, 874, 874, 874, 874, 874, 874, 874, 874, 998, 998]"
1748401272942720348,,24145,,1747960104,967479680,'',41,"[1364, 1494, 1492, 1491, 1939, 2006, 1494, 1494, 874, 874, 874, 874, 874, 874, 874, 874, 998, 998]"
1748401273046357831,,24146,,1747960105,12480960,'',41,"[1364, 1494, 1492, 1491, 1939, 2006, 1494, 1494, 874, 874, 874, 874, 874, 874, 874, 874, 998, 998]"
1748401273140291621,,24147,,1747960105,80480960,'',41,"[1364, 1494, 1492, 1491, 1939, 2006, 1494, 1494, 874, 874, 874, 874, 874, 874, 874, 874, 998, 998]"
1748401273258304307,,24148,,1747960105,125482240,'',41,"[1364, 1494, 1492, 1491, 1939, 2006, 1494, 1494, 874, 874, 874, 874, 874, 874, 874, 874, 998, 998]"
1748401273344062684,,24149,,1747960105,170482240,'',41,"[1364, 1494, 1492, 1491, 1939, 2006, 1494, 1494, 874, 874, 874, 874, 874, 874, 874, 874, 998, 998]"
1748401273450954055,,24150,,1747960105,214483264,'',41,"[1364, 1494, 1492, 1491, 1939, 2006, 1494, 1494, 874, 874, 874, 874, 874, 874, 874, 874, 998, 998]"
1748401273539696680,,24151,,1747960105,282483264,'',41,"[1364, 1494, 1492, 1491, 1939, 2006, 1494, 1494, 874, 874, 874, 874, 874, 874, 874, 874, 998, 998]"
1748401273647608652,,24152,,1747960105,327485824,'',41,"[1363, 1494, 1492, 1491, 1939, 2006, 1494, 1494, 874, 874, 874, 874, 874, 874, 874, 874, 998, 998]"
1748401273743506038,,24153,,1747960105,372485824,'',41,"[1364, 1494, 1492, 1491, 1939, 2006, 1494, 1494, 874, 874, 874, 874, 874, 874, 874, 874, 998, 998]"
1748401273847413347,,24154,,1747960105,417487616,'',41,"[1364, 1494, 1492, 1491, 1939, 2006, 1494, 1494, 874, 874, 874, 874, 874, 874, 874, 874, 998, 998]"
1748401273940906493,,24155,,1747960105,469487616,'',41,"[1363, 1494, 1492, 1491, 1939, 2006, 1494, 1494, 874, 874, 874, 874, 874, 874, 874, 874, 998, 998]"
1748401274050820827,,24156,,1747960105,529488128,'',41,"[1364, 1494, 1492, 1491, 1939, 2006, 1494, 1494, 874, 874, 874, 874, 874, 874, 874, 874, 998, 998]"
1748401274142792303,,24157,,1747960105,574488128,'',41,"[1364, 1494, 1492, 1491, 1939, 2006, 1494, 1494, 874, 874, 874, 874, 874, 874, 874, 874, 998, 998]"
1748401274248714432,,24158,,1747960105,619489920,'',41,"[1364, 1494, 1492, 1491, 1939, 2006, 1494, 1494, 874, 874, 874, 874, 874, 874, 874, 874, 998, 998]"
1748401274342011891,,24159,,1747960105,665489920,'',41,"[1364, 1494, 1492, 1491, 1939, 2006, 1494, 1494, 874, 874, 874, 874, 874, 874, 874, 874, 998, 998]"
1748401274445906692,,24160,,1747960105,732490944,'',41,"[1364, 1494, 1492, 1491, 1939, 2006, 1494, 1494, 874, 874, 874, 874, 874, 874, 874, 874, 998, 998]"
1748401274545761089,,24161,,1747960105,778490944,'',41,"[1364, 1494, 1492, 1491, 1939, 2006, 1494, 1494, 874, 874, 874, 874, 874, 874, 874, 874, 998, 998]"
