time,state_x,state_y,state_z,state_v_x,state_v_y,state_v_z,state_phi,state_theta,state_psi,state_wx,state_wy,control_u_thrust,control_u_phi,control_u_theta,control_u_psi,output_x,output_y,output_z,output_v_x,output_v_y,output_v_z,output_phi,output_theta,output_psi,output_wx,output_wy,output_Ax,output_Ay,output_Az,output_rx,output_ry,output_Wax,output_Way
0.0,0.0,0.0,2.0,1.0,0.0,0.0,0.0,0.0,-1.5,1.0,2.0,32.085590331817365,-3.4214463302881986,0.43647918267515434,0.8974164284720378,0.0,0.0,2.0,1.0,0.0,0.0,0.0,0.0,-1.5,1.0,2.0,-0.10178394610304234,0.03964390497526839,1.3579743584466986,0.5,0.0,2.924252771540406,-1.1389693899394606
0.1,0.01360932767191668,-0.09929102437771307,2.006231111751854,1.0154970358635764,0.10336521842870362,0.11357629043347874,-0.34214463302882,0.043647918267515434,-1.410258357152796,1.0,2.0,36.177305463037406,5.05686725927146,-1.6614097004172155,0.9303085043881884,0.01360932767191668,-0.09929102437771307,2.006231111751854,1.0154970358635764,0.10336521842870362,0.11357629043347874,-0.34214463302882,0.043647918267515434,-1.410258357152796,1.0,2.0,0.41909916296295896,4.266665375746111,2.0370429485486614,0.5061715123024075,0.05152208926639785,2.829930618348463,-1.2034747774204673
0.2,0.05059954265716786,-0.19473057228094642,2.0300266596295438,0.9717144883872424,0.12471472319454657,0.37021850811437895,0.16354209289832575,-0.12249305177420604,-1.317227506713978,1.0,2.0,30.969353470067585,-3.0588912647060815,1.8382081693815322,0.4399010374917807,0.05059954265716786,-0.19473057228094642,2.0300266596295438,0.9717144883872424,0.12471472319454657,0.37021850811437895,0.16354209289832575,-0.12249305177420604,-1.317227506713978,1.0,2.0,-1.3920117159690384,-1.7082293680216047,0.7330374376328618,0.47867080157684677,0.06143501741859171,2.6569008641079463,-1.3450290909054887
0.30000000000000004,0.08311887863031996,-0.28283982960587495,2.0714340791792396,0.9331989691833933,0.07713858828833126,0.45945813328079776,-0.14234703357228246,0.061327765163947195,-1.2732374029647993,1.0,2.0,27.02874259925209,0.72215353590202,-1.314554359804659,1.1602916890466584,0.08311887863031996,-0.28283982960587495,2.0714340791792396,0.9331989691833933,0.07713858828833126,0.45945813328079776,-0.14234703357228246,0.061327765163947195,-1.2732374029647993,1.0,2.0,0.4819374657804084,1.3856631660758132,-0.5308066335845951,0.450508649328176,0.03723921946813569,2.552121748604112,-1.4652909998202135
0.4,0.12343641023287227,-0.36827116865180337,2.114927104669985,0.9297732145752743,0.07301366476841831,0.4115388223688806,-0.07013167998208061,-0.0701276708165187,-1.157208234060134,1.0,2.0,24.723849757333742,-0.7948676396691448,0.7265888303821719,1.3237023986639311,0.12343641023287227,-0.36827116865180337,2.114927104669985,0.9297732145752743,0.07301366476841831,0.4115388223688806,-0.07013167998208061,-0.0701276708165187,-1.157208234060134,1.0,2.0,-0.6836307336743546,0.6603378670879425,-1.2609923571926893,0.4396242369404769,0.03452301717973936,2.3592450949449293,-1.6464659493103422
0.5,0.1704460707965667,-0.4463596040979171,2.1497349577627194,0.9006422915149408,0.05297326193148893,0.28379353846739475,-0.1496184439489951,0.0025312122216985095,-1.02483799419374,1.0,2.0,25.92964828679416,-1.04903392648565,0.09981693041509809,1.8881670642612685,0.1704460707965667,-0.4463596040979171,2.1497349577627194,0.9006422915149408,0.05297326193148893,0.28379353846739475,-0.1496184439489951,0.0025312122216985095,-1.02483799419374,1.0,2.0,-0.050179739771933095,1.4093660166847597,-0.8954502568521905,0.4189550382770259,0.024641764204560115,2.0906651052817082,-1.8401315166570145
0.6000000000000001,0.228723662131265,-0.5155480184673068,2.1733657408996043,0.9107959263139177,0.06997076832229637,0.18570218302455732,-0.2545218365975603,0.012512905263208321,-0.8360212877676136,1.0,2.0,26.326211405147994,0.7198872864475893,-0.43380213051118127,2.1179544103033785,0.228723662131265,-0.5155480184673068,2.1733657408996043,0.9107959263139177,0.06997076832229637,0.18570218302455732,-0.2545218365975603,0.012512905263208321,-0.8360212877676136,1.0,2.0,0.050944172693699635,2.377225603701107,-0.9490476425950606,0.4190716312372344,0.03219465872933744,1.724338851748437,-2.0128513336526765
0.7000000000000001,0.30221811473845195,-0.5704310796738822,2.1874546348622066,0.914529923934198,0.08188004967675847,0.09844970899475898,-0.1825331079528014,-0.030867307787909803,-0.6242258467372761,1.0,2.0,27.0358716255452,-0.5385004171116882,0.29896010137226825,2.1877437623587253,0.30221811473845195,-0.5704310796738822,2.1874546348622066,0.914529923934198,0.08188004967675847,0.09844970899475898,-0.1825331079528014,-0.030867307787909803,-0.6242258467372761,1.0,2.0,-0.32987664363626523,1.7821529320107257,-0.5638406216922767,0.41807949264822425,0.037431656122969746,1.2720526683818052,-2.1254209010779523
0.8,0.38530541097508114,-0.608314405673451,2.1943301390651397,0.9136912181092285,0.08557247712421542,0.03741318324742641,-0.23638314966397014,-0.0009712976506829566,-0.40545147050140357,1.0,2.0,27.936738286717024,0.09224047248892707,-0.22018130949671005,2.3831396662264046,0.38530541097508114,-0.608314405673451,2.1943301390651397,0.9136912181092285,0.08557247712421542,0.03741318324742641,-0.23638314966397014,-0.0009712976506829566,-0.40545147050140357,1.0,2.0,-0.03645795803626188,2.351937675421018,-0.3578241194636787,0.41638730738050767,0.0389970841674135,0.7836341380954547,-2.146710022009416
0.9,0.47588381696310694,-0.6253631657487508,2.196316805836864,0.9225125476685604,0.09713193714372664,0.002642059217389269,-0.2271591024150774,-0.02298942860035396,-0.16713750387876314,1.0,2.0,28.344607286367157,0.14869713969143036,-0.01833561495666026,2.373690209056411,0.47588381696310694,-0.6253631657487508,2.196316805836864,0.9225125476685604,0.09713193714372664,0.002642059217389269,-0.2271591024150774,-0.02298942860035396,-0.16713750387876314,1.0,2.0,-0.2303331163388578,2.29294800544339,-0.20022757634681862,0.4200270858998663,0.044224920961125375,0.2691683899184094,-2.0413585144444366
1.0,0.5683124632714419,-0.6198775228323274,2.1956344654592854,0.9231006433000044,0.09988864939206246,-0.015752530256542243,-0.21228938844593437,-0.024822990096019997,0.07023151702687794,1.0,2.0,28.71215117687337,-0.056807658482334,0.034606843997212575,2.3572922550348427,0.5683124632714419,-0.6198775228323274,2.1956344654592854,0.9231006433000044,0.09988864939206246,-0.015752530256542243,-0.21228938844593437,-0.024822990096019997,0.07023151702687794,1.0,2.0,-0.23500588747161646,2.169198153887184,-0.043023498296470904,0.4204254659970958,0.04549420723871159,-0.21478172826438846,-1.825007116223051
1.1,0.6569948280772926,-0.5928106443041288,2.1938256472744713,0.9256820854769595,0.10125012177667436,-0.020609934732481912,-0.21797015429416775,-0.02136230569629874,0.3059607425303622,1.0,2.0,28.85016097197543,0.19191608158002543,-0.061919972898000115,2.2933494964714156,0.6569948280772926,-0.5928106443041288,2.1938256472744713,0.9256820854769595,0.10125012177667436,-0.020609934732481912,-0.21797015429416775,-0.02136230569629874,0.3059607425303622,1.0,2.0,-0.18748622873557635,2.2238992593941616,-0.007300918434415215,0.4219487937097431,0.046152310190403605,-0.6302947981250103,-1.504656456358026
1.2000000000000002,0.7372641223273785,-0.5456616823480392,2.191793756406798,0.9280086688100331,0.10089017337192685,-0.01938930067506336,-0.19877854613616527,-0.027554302986098754,0.5352956921775036,1.0,2.0,28.824042848899587,0.10243333831732396,0.05611741098002569,2.152503192090898,0.7372641223273785,-0.5456616823480392,2.191793756406798,0.9280086688100331,0.10089017337192685,-0.01938930067506336,-0.19877854613616527,-0.027554302986098754,0.5352956921775036,1.0,2.0,-0.23782053482395818,2.01979415706235,0.022115369566267164,0.4234014564999035,0.04603086995617921,-0.9522999505325485,-1.1092501061105784
1.3,0.8054077035215256,-0.48213081919153916,2.19000103191525,0.9289089481164514,0.09734448268426729,-0.016114778543479525,-0.1885352123044328,-0.021942561888096176,0.7505460113865933,1.0,2.0,28.740392254599158,0.17736492454980873,0.011259167557957871,1.9835713578650047,0.8054077035215256,-0.48213081919153916,2.19000103191525,0.9289089481164514,0.09734448268426729,-0.016114778543479525,-0.1885352123044328,-0.021942561888096176,0.7505460113865933,1.0,2.0,-0.17499642000683835,1.8986623694847335,0.014546735853991823,0.4241591371781595,0.04444951452791571,-1.1664839668814935,-0.6832505030646905
1.4000000000000001,0.8594439769107959,-0.4059904072193929,2.188516677357682,0.9313700982672,0.09325993904947409,-0.013041835658964804,-0.17079871984945197,-0.020816645132300395,0.9489031471730935,1.0,2.0,28.585186195624615,0.21967244202238784,0.03892765980132533,1.7584930282591005,0.8594439769107959,-0.4059904072193929,2.188516677357682,0.9313700982672,0.09325993904947409,-0.013041835658964804,-0.17079871984945197,-0.020816645132300395,0.9489031471730935,1.0,2.0,-0.15964883345444378,1.7001465824629143,-0.006848776203339075,0.42557139632661833,0.042613309742776107,-1.2767588279499908,-0.2591129390256088
1.5,0.8988778314968512,-0.32113521464033246,2.1872394302036664,0.9336141907291,0.08787887990840094,-0.01191216122687536,-0.1488314756472132,-0.016923879152167864,1.1247524499990031,1.0,2.0,28.43356169284658,0.23823807486919876,0.04474786739504434,1.495823700728224,0.8988778314968512,-0.32113521464033246,2.1872394302036664,0.9336141907291,0.08787887990840094,-0.01191216122687536,-0.1488314756472132,-0.016923879152167864,1.1247524499990031,1.0,2.0,-0.12031082159732313,1.46309754324747,-0.023576830050980976,0.4268459034876515,0.04017798815021273,-1.3021073266138203,0.12723998875801384
1.6,0.9246552937611835,-0.23093240613185811,2.1859875216854348,0.9367297205390203,0.08209563908172975,-0.012578669635811333,-0.12500766816029318,-0.01244909241266343,1.2743348200718252,1.0,2.0,28.294582749664748,0.2883562202339824,0.035942163582578894,1.1989021673869102,0.9246552937611835,-0.23093240613185811,2.1859875216854348,0.9367297205390203,0.08209563908172975,-0.012578669635811333,-0.12500766816029318,-0.01244909241266343,1.2743348200718252,1.0,2.0,-0.0775037046283093,1.2121180763079185,-0.03872453652450315,0.42851558448823407,0.03755540151410954,-1.268160596062569,0.4541960176847948
1.7000000000000002,0.9386955767511822,-0.1378457795421601,2.1845925096043124,0.9404045076106068,0.07624867323328643,-0.014791819632390176,-0.09617204613689502,-0.008854876054405542,1.394225036810516,1.0,2.0,28.184995860437486,0.3098033275628048,0.03987224178829989,0.8715269545352474,0.9386955767511822,-0.1378457795421601,2.1845925096043124,0.9404045076106068,0.07624867323328643,-0.014791819632390176,-0.09617204613689502,-0.008854876054405542,1.394225036810516,1.0,2.0,-0.04455367273604428,0.9173314385549239,-0.044899680843613565,0.4304713595218446,0.03490292715829969,-1.2041542034090797,0.7093899963117763
1.8,0.9436582530470142,-0.04348233498083633,2.1829342902572417,0.9443941896683075,0.07041083052720894,-0.017958047155890423,-0.06519171338061451,-0.004867651875575555,1.4813777322640407,1.0,2.0,28.118334527442443,0.33488811554422154,0.030335832919396708,0.5243695847819568,0.9436582530470142,-0.04348233498083633,2.1829342902572417,0.9443941896683075,0.07041083052720894,-0.017958047155890423,-0.06519171338061451,-0.004867651875575555,1.4813777322640407,1.0,2.0,-0.007966407097114905,0.6066838118233225,-0.04318197381588677,0.43262602721633825,0.0322551305559049,-1.1369149331194401,0.88781668773677
1.9000000000000001,0.9426041409329812,0.05139840581331116,2.180954013916697,0.9486850197787746,0.06490431231169222,-0.021379162198903488,-0.031702901826192356,-0.0018340685836358839,1.5338146907422359,1.0,2.0,28.09287758679664,0.3503361966882107,0.024676069532371968,0.16338800718969645,0.9426041409329812,0.05139840581331116,2.180954013916697,0.9486850197787746,0.06490431231169222,-0.021379162198903488,-0.031702901826192356,-0.0018340685836358839,1.5338146907422359,1.0,2.0,0.01990731831416184,0.2754782949197139,-0.0359478769721505,0.43498625543005615,0.02975959690004325,-1.0869207017055327,0.9902741554881132
2.0,0.9388260006265692,0.14660750579911858,2.1786496914339732,0.9529132552145656,0.059737240762991924,-0.02462398612740844,0.0033307178426287146,0.0006335383696013129,1.550153491461205,1.0,2.0,28.11177357115961,0.3535988455374207,0.01823619415222643,-0.2020277929768771,0.9388260006265692,0.14660750579911858,2.1786496914339732,0.9529132552145656,0.059737240762991924,-0.02462398612740844,0.0033307178426287146,0.0006335383696013129,1.550153491461205,1.0,2.0,0.043348411928443485,-0.06803214665609753,-0.024384129204493055,0.4373870930059271,0.027419387796884985,-1.0673020025544808,1.0182414464278118
2.1,0.935741595337922,0.24222213046956728,2.1760584546828547,0.9569497349927206,0.05499567783247553,-0.027320536140181016,0.03869060239637079,0.002457157784823956,1.529950712163517,1.0,2.0,28.17096407184642,0.34996760393298676,0.011118094178963102,-0.5630042452343416,0.935741595337922,0.24222213046956728,2.1760584546828547,0.9569497349927206,0.05499567783247553,-0.027320536140181016,0.03869060239637079,0.002457157784823956,1.529950712163517,1.0,2.0,0.06174391554200611,-0.4131322533243824,-0.010999535295174367,0.4397628808791303,0.025273070084181525,-1.0822163907313707,0.9724930956486779
2.2,0.9367993572278956,0.3382287269740571,2.1732443081814634,0.9606125319011388,0.05071887102495452,-0.029282798129700274,0.07368736278966946,0.0035689672027202643,1.4736502876400828,1.0,2.0,28.2661149405193,0.3340510300397302,0.006867185962671305,-0.9109044943654242,0.9367993572278956,0.3382287269740571,2.1732443081814634,0.9606125319011388,0.05071887102495452,-0.029282798129700274,0.07368736278966946,0.0035689672027202643,1.4736502876400828,1.0,2.0,0.07424363011066851,-0.7539759073781341,0.002794411117744589,0.4420177373914138,0.02333785982276207,-1.1269508458075133,0.8520172823859421
2.3000000000000003,0.9453859402218855,0.43415647599334745,2.1702850884187583,0.963791962279444,0.046918144088065765,-0.030395728728257323,0.10709246579364246,0.004255685798987395,1.38255983820354,1.0,2.0,28.390998319432597,0.3098830655513897,0.003087430342521039,-1.2368194071065872,0.9453859402218855,0.43415647599334745,2.1702850884187583,0.963791962279444,0.046918144088065765,-0.030395728728257323,0.10709246579364246,0.004255685798987395,1.38255983820354,1.0,2.0,0.0831643781786321,-1.0790649612384433,0.016360085105459308,0.44408541874176094,0.021618424389696064,-1.1880063897655557,0.6550002537874248
2.4000000000000004,0.9646367078175518,0.5287758852283632,2.167268761477896,0.9664596336543285,0.04363088733911497,-0.030554896625591833,0.13808077234878138,0.0045644288332395005,1.2588778974928805,1.0,2.0,28.536027101979567,0.2771339912700409,0.0017391382673521156,-1.5328457735575456,0.9646367078175518,0.5287758852283632,2.167268761477896,0.9664596336543285,0.04363088733911497,-0.030554896625591833,0.13808077234878138,0.0045644288332395005,1.2588778974928805,1.0,2.0,0.08820130484119046,-1.380413590657571,0.028907725282026796,0.44593437179211864,0.020131738211075566,-1.2439185936255561,0.38160735451846434
2.5,0.9971514782334735,0.6198998722521066,2.164291386960414,0.9686080579123503,0.040865852215902304,-0.029687423079843945,0.16579417147578543,0.0047383426599747125,1.1055933201371257,1.0,2.0,28.689294828256823,0.2374363572985496,0.0019253585752056035,-1.791626409254001,0.9971514782334735,0.6198998722521066,2.164291386960414,0.9686080579123503,0.040865852215902304,-0.029687423079843945,0.16579417147578543,0.0047383426599747125,1.1055933201371257,1.0,2.0,0.09078345619002923,-1.6493197430994382,0.03982486253156787,0.4475405039026137,0.018881862424862925,-1.2674572147709853,0.03738787872524059
2.6,1.0446205357383327,0.7043725974257007,2.161454048124524,0.9702810195236085,0.03863211633810374,-0.02775888826571881,0.18953780720564034,0.004930878517495273,0.9264306792117258,1.0,2.0,28.835880059983666,0.19240693352605806,0.0034520706573323984,-2.006837640988391,1.0446205357383327,0.7043725974257007,2.161454048124524,0.9702810195236085,0.03863211633810374,-0.02775888826571881,0.18953780720564034,0.004930878517495273,0.9264306792117258,1.0,2.0,0.09139454804940313,-1.8783491115482993,0.04795405324903941,0.44890198816186416,0.017873207330789436,-1.229372342833516,-0.363269719277259
2.7,1.107433586438109,0.7782899442165768,2.158855515478681,0.9715191103443478,0.03692068362526532,-0.02485045418707083,0.20877850055824607,0.005276085583228512,0.725746915112887,1.0,2.0,28.960690362834338,0.14254961580874403,0.006037734746853749,-2.1731839737484284,1.107433586438109,0.7782899442165768,2.158855515478681,0.9715191103443478,0.03692068362526532,-0.02485045418707083,0.20877850055824607,0.005276085583228512,0.725746915112887,1.0,2.0,0.09045167837440438,-2.0616082617389737,0.05212823849851712,0.45001580855165924,0.017101970632378765,-1.1038734433284274,-0.7953928078907606
2.8000000000000003,1.1843878251481144,0.8374594635816963,2.1565803265377115,0.9723649961134108,0.03571612487455735,-0.02116905327072894,0.22303346213912037,0.00587985905791389,0.5084285177380443,1.0,2.0,29.050478959382687,0.08919462047753485,0.00868989767145175,-2.2864729222754963,1.1843878251481144,0.8374594635816963,2.1565803265377115,0.9723649961134108,0.03571612487455735,-0.02116905327072894,0.22303346213912037,0.00587985905791389,0.5084285177380443,1.0,2.0,0.08842898863691243,-2.193941979771878,0.051661647491868225,0.45088280930137997,0.016561462809919034,-0.8747558797428373,-1.2244999161184336
2.9000000000000004,1.2726189988900654,0.8780379329860563,2.1546877924041956,0.9728487366437276,0.03500690936315817,-0.017023838017684118,0.23195292418687388,0.006748848825059067,0.2797812255104948,1.0,2.0,29.09642503514946,0.03277251838607712,0.011060058703089968,-2.343787243058167,1.2726189988900654,0.8780379329860563,2.1546877924041956,0.9728487366437276,0.03500690936315817,-0.017023838017684118,0.23195292418687388,0.006748848825059067,0.2797812255104948,1.0,2.0,0.08533340127717436,-2.272028210278176,0.04668651858031605,0.4515033407964062,0.016246859283542674,-0.5405579133121127,-1.6110794528516073
3.0,1.367843843444963,0.8972046360704546,2.153205692467781,0.9729864962845892,0.03478925119402109,-0.012749975732184756,0.23523017602548169,0.007854854695368063,0.045402501204678085,1.0,2.0,29.095315803711664,-0.025392658665933127,0.012278563052736651,-2.3435165337423656,1.367843843444963,0.8972046360704546,2.153205692467781,0.9729864962845892,0.03478925119402109,-0.012749975732184756,0.23523017602548169,0.007854854695368063,0.045402501204678085,1.0,2.0,0.08141979102374289,-2.2935526303371763,0.038400251918895636,0.4518780995648646,0.016156956725369445,-0.11675679544798523,-1.917762811651898
3.1,1.464913052511672,0.893693908449932,2.152132263064557,0.9727838962674984,0.03507313830629737,-0.008623360864461558,0.23269091015888838,0.009082711000641727,-0.18894915216955846,1.0,2.0,29.049570986075338,-0.08407149246560133,0.012112399815162218,-2.285490140487809,1.464913052511672,0.893693908449932,2.152132263064557,0.9727838962674984,0.03507313830629737,-0.008623360864461558,0.23269091015888838,0.009082711000641727,-0.18894915216955846,1.0,2.0,0.07661360912042656,-2.25792574832172,0.028623086406211078,0.4520093457835579,0.016296925104572577,0.36623544917068307,-2.117158025236421
3.2,1.5585688862918199,0.8680280220204911,2.15144504197417,0.9722339684428597,0.035875026297347276,-0.0048043308907351,0.22428376091232816,0.010293950982157948,-0.41749816621833946,1.0,2.0,28.96656884455368,-0.14156427398024543,0.01035124073049501,-2.170952509348425,1.5585688862918199,0.8680280220204911,2.15144504197417,0.9722339684428597,0.035875026297347276,-0.0048043308907351,0.22428376091232816,0.010293950982157948,-0.41749816621833946,1.0,2.0,0.0709360407172094,-2.1658958852144874,0.01946269128528771,0.4518981193917628,0.016674851366144255,0.8690773030380989,-2.1978122173387376
3.3000000000000003,1.6442271513043063,0.822381426038985,2.1511136757223683,0.9713241604274601,0.037215369638792635,-0.0013144053532034477,0.2101273335143037,0.011329075055207449,-0.634593417153182,1.0,2.0,28.857100843310704,-0.19599606442503878,0.007157545765658197,-2.002567448827647,1.6442271513043063,0.822381426038985,2.1511136757223683,0.9713241604274601,0.037215369638792635,-0.0013144053532034477,0.2101273335143037,0.011329075055207449,-0.634593417153182,1.0,2.0,0.06423785296266227,-2.0196714292281266,0.01272566748424339,0.4515447841691948,0.017300512780337046,1.3517116286884603,-2.1662603788072814
3.4000000000000004,1.7185939060665345,0.7601226685511453,2.151112456308455,0.9700366884204777,0.0391108879321521,0.0019395943208964472,0.1905277270717999,0.012044829631773267,-0.8348501620359468,1.0,2.0,28.734290029432422,-0.24568384646561744,0.002927657223016363,-1.7843297446763566,1.7185939060665345,0.7601226685511453,2.151112456308455,0.9700366884204777,0.0391108879321521,0.0019395943208964472,0.1905277270717999,0.012044829631773267,-0.8348501620359468,1.0,2.0,0.056287699519236185,-1.8228855653726368,0.009730654353515892,0.45094652563407456,0.018181703061340957,1.7811398099530455,-2.04466254654678
3.5,1.7799897967247187,0.6851782808697829,2.151429967143959,0.9683561787820739,0.04157376213927407,0.0051342263487109685,0.1659593424252382,0.012337595354074908,-1.0132831365035824,1.0,2.0,28.611456255418776,-0.2885896800317635,-0.002056920125941931,-1.5214907757602671,1.7799897967247187,0.6851782808697829,2.151429967143959,0.9683561787820739,0.04157376213927407,0.0051342263487109685,0.1659593424252382,0.012337595354074908,-1.0132831365035824,1.0,2.0,0.04681348141587559,-1.5802492589205652,0.010982655055504758,0.45009886148772704,0.019323781286947297,2.1364254810918912,-1.8651548774425246
3.6,1.8283618894356353,0.6013991433730614,2.152073932769805,0.9662699126307733,0.04460720432011016,0.008466409806183201,0.13710037442206194,0.012131903341480711,-1.1654322140796074,1.0,2.0,28.50065298955208,-0.32329187143229726,-0.007296796397748781,-1.220466528906981,1.8283618894356353,0.6013991433730614,2.152073932769805,0.9662699126307733,0.04460720432011016,0.008466409806183201,0.13710037442206194,0.012131903341480711,-1.1654322140796074,1.0,2.0,0.03533965107665886,-1.297916734398062,0.01606735360428766,0.44899475706540687,0.020727542693061155,2.409834259520692,-1.6630584469091585
3.7,1.8650503663535811,0.5120803137724984,2.1530696715726467,0.9637733955720307,0.04820042797658124,0.012092293079522956,0.10477118727883228,0.011402223701705832,-1.2874788669703046,1.0,2.0,28.411305989403978,-0.34838124072027804,-0.012618852957699465,-0.8886621317193735,1.8650503663535811,0.5120803137724984,2.1530696715726467,0.9637733955720307,0.04820042797658124,0.012092293079522956,0.10477118727883228,0.011402223701705832,-1.2874788669703046,1.0,2.0,0.02148239769106282,-0.9829939544157702,0.023785984467784408,0.4476275934294642,0.022386840803611637,2.604497716308278,-1.4710176943957727
3.8000000000000003,1.8924307456063392,0.41971544715732007,2.1544529478661243,0.9608767165198503,0.052326696176499495,0.01607388741154358,0.06993306320680454,0.01014033840593589,-1.376345080142243,1.0,2.0,28.349220029587293,-0.3630118030299824,-0.017788102950947796,-0.5343410519745927,1.8924307456063392,0.41971544715732007,2.1544529478661243,0.9608767165198503,0.052326696176499495,0.01607388741154358,0.06993306320680454,0.01014033840593589,-1.376345080142243,1.0,2.0,0.004792019818714902,-0.6437187119705133,0.032277799819853806,0.4459956841812441,0.024287695040324003,2.7299562676321623,-1.3152834609356292
3.9000000000000004,1.9135444518129072,0.32599165128552127,2.15625809874075,0.9576083369575122,0.056935847055553844,0.02033823652144796,0.03363188290380635,0.008361528110841112,-1.4297791853397015,1.0,2.0,28.316414852124378,-0.36686133942553434,-0.022716477885363736,-0.1663989203626394,1.9135444518129072,0.32599165128552127,2.15625809874075,0.9576083369575122,0.056935847055553844,0.02033823652144796,0.03363188290380635,0.008361528110841112,-1.4297791853397015,1.0,2.0,-0.014997797110309685,-0.2891510653196756,0.03941831937665399,0.444106546204628,0.026404931343239593,2.797205202778114,-1.2142381659194676
4.0,1.9317887171902146,0.23197806584072853,2.158503788416994,0.954022207931391,0.06195111334639417,0.024668070346548724,-0.0030542510387470837,0.006089880322304741,-1.4464190773759646,1.0,2.0,28.311474653327213,-0.36012989541222656,-0.02733325969759173,0.2058673679778075,1.9317887171902146,0.23197806584072853,2.158503788416994,0.954022207931391,0.06195111334639417,0.024668070346548724,-0.0030542510387470837,0.006089880322304741,-1.4464190773759646,1.0,2.0,-0.03795333788407286,0.07111520369613555,0.04323731660967541,0.4419831056358965,0.02870095187177223,2.8145156225371517,-1.1784376378959724
4.1000000000000005,1.9506816345783677,0.13843863304833406,2.1611796298072576,0.9501987794992964,0.0672664972198507,0.02872430604639074,-0.039067240579969735,0.003356554352545569,-1.4258323405781845,1.0,2.0,28.330396317384338,-0.3435571676512235,-0.031534564334559825,0.5730184291392267,1.9506816345783677,0.13843863304833406,2.1611796298072576,0.9501987794992964,0.0672664972198507,0.02872430604639074,-0.039067240579969735,0.003356554352545569,-1.4258323405781845,1.0,2.0,-0.06385542705543025,0.4272971494566173,0.0423312019234002,0.43966672940742035,0.031124898778473954,2.784764203633227,-1.211158199261053
4.2,1.9736728822103224,0.04619611909136344,2.1642367145528993,0.9462430262471687,0.07274705447985075,0.032099222805623766,-0.07342295734509209,0.0002030979190895853,-1.3685304976642627,1.0,2.0,28.36764681372062,-0.3182638847243123,-0.035161644950014365,0.9257480682912165,1.9736728822103224,0.04619611909136344,2.1642367145528993,0.9462430262471687,0.07274705447985075,0.032099222805623766,-0.07342295734509209,0.0002030979190895853,-1.3685304976642627,1.0,2.0,-0.09213792183458372,0.7698678050762087,0.0361561588018748,0.437217897600748,0.03361326142869693,2.704581367229353,-1.3086458217982997
4.3,2.003948964680312,-0.04352156458795075,2.167584620767623,0.9422782986808431,0.07823270039656254,0.03438959758839697,-0.10524934581752335,-0.0033130665759118516,-1.2759556908351413,1.0,2.0,28.417169549085674,-0.2856394472861812,-0.03793547917988069,1.255147757324532,2.003948964680312,-0.04352156458795075,2.167584620767623,0.9422782986808431,0.07823270039656254,0.03438959758839697,-0.10524934581752335,-0.0033130665759118516,-1.2759556908351413,1.0,2.0,-0.12188152172294905,1.0899229801124792,0.025129204367265654,0.434713500756961,0.03609210899865926,2.565387859399796,-1.4597904964059847
4.4,2.0441876528665155,-0.12882075860018258,2.1710960441939102,0.9384377226585567,0.08354442050763733,0.03527376943377008,-0.1338132905461415,-0.007106614493899922,-1.1504409151026882,1.0,2.0,28.473157769975955,-0.24719454116366849,-0.03945968457499247,1.552954966875447,2.0441876528665155,-0.12882075860018258,2.1710960441939102,0.9384377226585567,0.08354442050763733,0.03527376943377008,-0.1338132905461415,-0.007106614493899922,-1.1504409151026882,1.0,2.0,-0.1518138598840685,1.379493033656675,0.010528312322406306,0.4322414594085736,0.038480296959251245,2.356240692500399,-1.6455694388745759
4.5,2.0962477481168724,-0.20703440757454264,2.1746185522478894,0.9348558885670235,0.0884926209106094,0.034576363570399234,-0.15853274466250836,-0.011052582951399173,-0.9951454184151434,1.0,2.0,28.53044710432631,-0.20442058188809897,-0.039247683798828495,1.8117663737115606,2.0962477481168724,-0.20703440757454264,2.1746185522478894,0.9348558885670235,0.0884926209106094,0.034576363570399234,-0.15853274466250836,-0.011052582951399173,-0.9951454184151434,1.0,2.0,-0.1803653359805644,1.6317433889773534,-0.005789641949475847,0.42989419344402674,0.040693399225871195,2.06815125192247,-1.8391073426184026
4.6000000000000005,2.160829381641726,-0.274823211079503,2.177991432581046,0.9316616842171316,0.09288604194752681,0.032306099527617406,-0.17897480285131823,-0.014977351331282026,-0.8139687810439871,1.0,2.0,28.58449832348071,-0.1586792454228615,-0.03680769740929201,2.0252104448757655,2.160829381641726,-0.274823211079503,2.177991432581046,0.9316616842171316,0.09288604194752681,0.032306099527617406,-0.17897480285131823,-0.014977351331282026,-0.8139687810439871,1.0,2.0,-0.20576879491781305,1.8410628092738308,-0.02179093932950105,0.4277618682425479,0.04264756993899258,1.6990790737418697,-2.007368835503074
4.7,2.2371897203566764,-0.32850763532774474,2.1810644381212905,0.9289725919212232,0.09654022839836625,0.02865720164544639,-0.19484272739360442,-0.018658121072211223,-0.6114477365564105,1.0,2.0,28.631094402864615,-0.11112694134679323,-0.03177681298110429,2.1880856214021343,2.2371897203566764,-0.32850763532774474,2.1810644381212905,0.9289725919212232,0.09654022839836625,0.02865720164544639,-0.19484272739360442,-0.018658121072211223,-0.6114477365564105,1.0,2.0,-0.2262060870266266,2.0030787419163976,-0.035692406530054274,0.4259262476084452,0.044262896002065566,1.2582617813901498,-2.115148861347048
4.800000000000001,2.3230260885624037,-0.3645933455180436,2.183714696523856,0.9268897705659975,0.09928569470766488,0.023972884152651624,-0.20595542152828378,-0.02183580237032165,-0.39263917441619695,1.0,2.0,28.665976711758002,-0.06268196039607486,-0.02407716394484128,2.296472959680822,2.3230260885624037,-0.3645933455180436,2.183714696523856,0.9268897705659975,0.09928569470766488,0.023972884152651624,-0.20595542152828378,-0.02183580237032165,-0.39263917441619695,1.0,2.0,-0.23999010654255148,2.114646063179659,-0.04631581537369438,0.42445552619189036,0.04546642236081147,0.7682434833205601,-2.1311473026144334
4.9,2.414621945304007,-0.3803817845787665,2.185858340671794,0.9254934915313308,0.10097695244087079,0.01867779598851438,-0.21222361756789118,-0.02424351876480579,-0.16299187844811464,1.0,2.0,28.68471452362867,-0.014049676403963861,-0.014039693382073818,2.347832160479015,2.414621945304007,-0.3803817845787665,2.185858340671794,0.9254934915313308,0.10097695244087079,0.01867779598851438,-0.21222361756789118,-0.02424351876480579,-0.16299187844811464,1.0,2.0,-0.24576367701676363,2.173845842661316,-0.05327743974997541,0.42340048955180365,0.046195561058104476,0.2632895930225474,-2.034786610503251
5.0,2.5072856774480994,-0.37450677090363566,2.1874545538024233,0.924838973696831,0.10150394600251726,0.013194566902234741,-0.21362858520828754,-0.025647488103013164,0.07179133759978687,1.0,2.0,28.683055641079186,0.03421601394449013,-0.0024339537658648906,2.3410807026870017,2.5072856774480994,-0.37450677090363566,2.1874545538024233,0.924838973696831,0.10150394600251726,0.013194566902234741,-0.21362858520828754,-0.025647488103013164,0.07179133759978687,1.0,2.0,-0.24268790522255165,2.1800143303397217,-0.05695580805232984,0.4227923145142356,0.0464027679231435,-0.21604450440943612,-1.8216145863256765
5.1000000000000005,2.5960149967620234,-0.34723535220168894,2.1885014685387882,0.9249545728731741,0.10080629482026666,0.007865503413669333,-0.2102069838138385,-0.02589088347959966,0.3058994078684872,1.0,2.0,28.65779550386399,0.0816374069250105,0.009606611985586518,2.2766368725735973,2.5960149967620234,-0.34723535220168894,2.1885014685387882,0.9249545728731741,0.10080629482026666,0.007865503413669333,-0.2102069838138385,-0.02589088347959966,0.3058994078684872,1.0,2.0,-0.23058462878519473,2.1337702784147985,-0.05824468055489623,0.4226428842612314,0.04606178989113162,-0.630923810065138,-1.5051957156097524
5.2,2.676237807848715,-0.30043682719736403,2.1890255521843027,0.9258417669130072,0.09888805945099911,0.00290063404814584,-0.20204324312133742,-0.024930222281040994,0.5335630951258468,1.0,2.0,28.607948328308407,0.12773780402847604,0.020804107341273196,2.1564067548321995,2.676237807848715,-0.30043682719736403,2.1890255521843027,0.9258417669130072,0.09888805945099911,0.00290063404814584,-0.20204324312133742,-0.024930222281040994,0.5335630951258468,1.0,2.0,-0.210019445793746,2.036981793736045,-0.05816437214497326,0.42294698935293973,0.04517446557548148,-0.9523673457567496,-1.1145082192165616
5.300000000000001,2.744448138680898,-0.2372248118739407,2.1890677843714976,0.9274775174252622,0.09582841843220097,-0.0016332567945503886,-0.1892694627184898,-0.022849811546913665,0.7492037706090665,1.0,2.0,28.5357743737056,0.17198590971820985,0.029961980104543456,1.9836963997248693,2.744448138680898,-0.2372248118739407,2.1890677843714976,0.9274775174252622,0.09582841843220097,-0.0016332567945503886,-0.1892694627184898,-0.022849811546913665,0.7492037706090665,1.0,2.0,-0.18226615017058037,1.8926278867026527,-0.05746673814971935,0.4236860658435709,0.04377590274561289,-1.1668657639262316,-0.6875783851238169
5.4,2.7985939256648527,-0.16138266832983356,2.188670838222576,0.9298160897319633,0.09178178706957117,-0.005781392378463339,-0.17207087174666877,-0.01985361353645932,0.9475734105815533,1.0,2.0,28.447215747804663,0.21372043677289881,0.03622074711796172,1.7630575012277065,2.7985939256648527,-0.16138266832983356,2.188670838222576,0.9298160897319633,0.09178178706957117,-0.005781392378463339,-0.17207087174666877,-0.01985361353645932,0.9475734105815533,1.0,2.0,-0.14918856201217265,1.7045494084383885,-0.05637298271388704,0.42483139698021877,0.0419349431018633,-1.277842321307633,-0.2635270084395241
5.5,2.8381665550745727,-0.07673580299665948,2.1878707464067064,0.9327895887100135,0.08696528313538433,-0.00964094031862681,-0.15069882806937887,-0.016231538824663147,1.1238791607043244,1.0,2.0,28.35143496252497,0.2521329832459825,0.03915622986477857,1.5000914950369473,2.8381665550745727,-0.07673580299665948,2.1878707464067064,0.9327895887100135,0.08696528313538433,-0.00964094031862681,-0.15069882806937887,-0.016231538824663147,1.1238791607043244,1.0,2.0,-0.11300219866007756,1.4771797304104481,-0.05455864671828071,0.42634583886730937,0.03974882121268522,-1.3029654497447403,0.12437394555712106
5.6000000000000005,2.8640350964010053,0.01337407473480018,2.186694758330011,0.93630572887267,0.08163327342359089,-0.013296869898264237,-0.12548552974478075,-0.012315915838185301,1.27388831020802,1.0,2.0,28.25953365528277,0.28621086248010147,0.03884186186140056,1.201250619219211,2.8640350964010053,0.01337407473480018,2.186694758330011,0.93630572887267,0.08163327342359089,-0.013296869898264237,-0.12548552974478075,-0.012315915838185301,1.27388831020802,1.0,2.0,-0.07602562084721015,1.2153109247638434,-0.051373908771506396,0.4281830947396294,0.03733181008122716,-1.2687505144171154,0.45274910969137605
5.7,2.8781322502816993,0.10641665726947952,2.1851645528004684,0.9402448308752693,0.07604524352149149,-0.016778099982125486,-0.0968644434967706,-0.008431729652045243,1.3940133721299415,1.0,2.0,28.182809285248894,0.3147752345302117,0.0357419595901891,0.8736735213594866,2.8781322502816993,0.10641665726947952,2.1851645528004684,0.9402448308752693,0.07604524352149149,-0.016778099982125486,-0.0968644434967706,-0.008431729652045243,1.3940133721299415,1.0,2.0,-0.04039968880900805,0.9240417253696138,-0.046206885353702744,0.4302855955036741,0.03480069426535098,-1.2044478457591326,0.7087326250858508
5.800000000000001,2.8831090645883264,0.20077721938571955,2.1833021052032318,0.9444594786128282,0.07043509383278601,-0.020047959017729926,-0.06538692004374942,-0.004857533693026335,1.48138072426589,1.0,2.0,28.131073445907898,0.33653236767622585,0.030602177881664205,0.5250646006254307,2.8831090645883264,0.20077721938571955,2.1833021052032318,0.9444594786128282,0.07043509383278601,-0.020047959017729926,-0.06538692004374942,-0.004857533693026335,1.48138072426589,1.0,2.0,-0.007890835378594474,0.6088789067920238,-0.0388089105662751,0.4325830476515359,0.032260809745442716,-1.1368471984857669,0.8878471783194329
5.9,2.882044880179461,0.2956660676376325,2.1811349250763676,0.9487799419132847,0.06499017465911511,-0.02302545857018895,-0.03173368327612682,-0.0017973159048599147,1.5338871843284334,1.0,2.0,28.111492426228956,0.35021622791598406,0.024289683548893073,0.16360784736710063,2.882044880179461,0.2956660676376325,2.1811349250763676,0.9487799419132847,0.06499017465911511,-0.02302545857018895,-0.03173368327612682,-0.0017973159048599147,1.5338871843284334,1.0,2.0,0.02024925228647278,0.27597658242663314,-0.029423506172985663,0.43499369571557583,0.02979649443595958,-1.0867586908437104,0.990507583762684
6.0,2.8782493572749526,0.39088587543426173,2.17869857089937,0.9530272217008324,0.0598446951815125,-0.025618328089560605,0.003287939515471586,0.0006316524500293926,1.5502479690651432,1.0,2.0,28.128143612146193,0.35475809582961204,0.01768513221806896,-0.20212676856166406,2.8782493572749526,0.39088587543426173,2.17869857089937,0.9530272217008324,0.0598446951815125,-0.025618328089560605,0.003287939515471586,0.0006316524500293926,1.5502479690651432,1.0,2.0,0.04332643946972546,-0.06764268862260564,-0.018650263323116274,0.4374295895863288,0.02746809309963816,-1.0670974698713938,1.018539761665229
6.1000000000000005,2.875145703595272,0.48651081671316987,2.1760365167756515,0.9570322992793051,0.05508681653455931,-0.027743391066433153,0.03876374909843279,0.0024001656718362885,1.5300352922089773,1.0,2.0,28.182103679319102,0.3494888197363568,0.011587445496198773,-0.5633271024485681,2.875145703595272,0.48651081671316987,2.1760365167756515,0.9570322992793051,0.05508681653455931,-0.027743391066433153,0.03876374909843279,0.0024001656718362885,1.5300352922089773,1.0,2.0,0.06118916144040899,-0.4140083875721778,-0.007136810823921965,0.43980525689770616,0.02531520776874846,-1.0820562171776933,0.9727567038323817
6.2,2.8761903320911646,0.5825239029157535,2.173199370923485,0.9606572766945896,0.050773603105245424,-0.029320251422746232,0.0737126310720685,0.0035589102214561657,1.4737025819641212,1.0,2.0,28.27168079141427,0.33428571655815364,0.00665721962093083,-0.9111555318290085,2.8761903320911646,0.5825239029157535,2.173199370923485,0.9606572766945896,0.050773603105245424,-0.029320251422746232,0.0737126310720685,0.0035589102214561657,1.4737025819641212,1.0,2.0,0.07414874800096279,-0.7543722141104914,0.00470978386147977,0.44204746676618323,0.023363527426234047,-1.1268641948008808,0.8521811810862538
6.300000000000001,2.8847692463475014,0.6784559125343954,2.170245912011904,0.9638118288965324,0.04694592253991531,-0.030243735174153682,0.10714120272788386,0.004224632183549249,1.382587028781221,1.0,2.0,28.392018477669577,0.30976181266169733,0.003316083577874327,-1.2370399830154968,2.8847692463475014,0.6784559125343954,2.170245912011904,0.9638118288965324,0.04694592253991531,-0.030243735174153682,0.10714120272788386,0.004224632183549249,1.382587028781221,1.0,2.0,0.08285927395082332,-1.0795847942476002,0.016657643431615292,0.44410258927894514,0.021631614316183448,-1.1879699882491872,0.6550865406547262
6.4,2.9040171872286535,0.7730765969175405,2.1672462635378205,0.9664574516821219,0.04363441167952125,-0.030373291807925237,0.1381173839940536,0.0045562405413366825,1.2588830304796714,1.0,2.0,28.53466478417433,0.27696899617844584,0.001785791032372589,-1.5329559764436076,2.9040171872286535,0.7730765969175405,2.1672462635378205,0.9664574516821219,0.04363441167952125,-0.030373291807925237,0.1381173839940536,0.0045562405413366825,1.2588830304796714,1.0,2.0,0.08811839728558413,-1.3807090063305203,0.028382053541658982,0.4459379941919814,0.020133573380023865,-1.2439190407399021,0.3816222246966618
6.5,2.936532101604146,0.8641999124368596,2.164284452757853,0.9685999453695407,0.040858489128062,-0.029557432590813275,0.16581428361189812,0.004734819644573944,1.1055874328353117,1.0,2.0,28.687234370578906,0.2373697393730558,0.0019460731447180511,-1.7916543546130743,2.936532101604146,0.8641999124368596,2.164284452757853,0.9685999453695407,0.040858489128062,-0.029557432590813275,0.16581428361189812,0.004734819644573944,1.1055874328353117,1.0,2.0,0.0907455343280388,-1.6493987362519373,0.039080020260905936,0.447538189416505,0.018878520832138226,-1.2674653067991635,0.037367351246324426
6.6000000000000005,2.984002077405292,0.9486710260473585,2.1614564081345153,0.9702716932272675,0.038622142734739295,-0.027702745066965358,0.18955125754920374,0.004929426959045748,0.9264219973740044,1.0,2.0,28.83430459690469,0.1922428635685754,0.0035148693858468314,-2.0068198181974473,2.984002077405292,0.9486710260473585,2.1614564081345153,0.9702716932272675,0.038622142734739295,-0.027702745066965358,0.18955125754920374,0.004929426959045748,0.9264219973740044,1.0,2.0,0.09137766312410583,-1.8783773583707304,0.047388194335572086,0.4488971832028194,0.01786857351801642,-1.2293781798004413,-0.363298789899012
6.7,3.0468159129222374,1.0225865986074767,2.1588607161954876,0.9715133029068412,0.036913146660442965,-0.024849186050725076,0.20877554390606132,0.00528091389763043,0.7257400155542598,1.0,2.0,28.95995086141418,0.14253963034515327,0.005998185031534883,-2.1731452865706182,3.0468159129222374,1.0225865986074767,2.1588607161954876,0.9715133029068412,0.036913146660442965,-0.024849186050725076,0.20877554390606132,0.00528091389763043,0.7257400155542598,1.0,2.0,0.0904979967614819,-2.061524995598456,0.051882316045005906,0.4500120344117974,0.017098438256588498,-1.1038735081208046,-0.7954146641283707
6.800000000000001,3.1237704978160235,1.081755096903386,2.1565844316569325,0.9723631906736743,0.035713060747370025,-0.02119215654393946,0.2230295069405767,0.005880732400783916,0.508425486897198,1.0,2.0,29.050424062828878,0.08916325506676587,0.00870845855216749,-2.286445107783126,3.1237704978160235,1.081755096903386,2.1565844316569325,0.9723631906736743,0.035713060747370025,-0.02119215654393946,0.2230295069405767,0.005880732400783916,0.508425486897198,1.0,2.0,0.08843747293817536,-2.193898449303526,0.05165261266224525,0.45088111385771,0.01656001046058336,-0.8747538656598377,-1.2245085785692313
6.9,3.212001744171257,1.122333216155152,2.1546895540402757,0.9728492237578836,0.035006855132987014,-0.01704747081478033,0.2319458324472532,0.006751578256000669,0.2797809761188855,1.0,2.0,29.09670129954496,0.03281302972959295,0.01102944952231703,-2.3437722583602105,3.212001744171257,1.122333216155152,2.1546895540402757,0.9728492237578836,0.035006855132987014,-0.01704747081478033,0.2319458324472532,0.006751578256000669,0.2797809761188855,1.0,2.0,0.08536101486277015,-2.271980400949112,0.046797250938337594,0.45150319772687725,0.016246820831959472,-0.540557015677783,-1.6110798845126473
7.0,3.3072267126892867,1.1415002335251638,2.153205629373903,0.9729880590816588,0.03479080942461812,-0.012763012245526678,0.23522713542021248,0.00785452320823237,0.04540375028286444,1.0,2.0,29.095607274214043,-0.0253706602550701,0.012281277067704438,-2.3435164410788007,3.3072267126892867,1.1415002335251638,2.153205629373903,0.9729880590816588,0.03479080942461812,-0.012763012245526678,0.23522713542021248,0.00785452320823237,0.04540375028286444,1.0,2.0,0.08141738831778386,-2.2935464319766656,0.038506562549378016,0.4518788386061292,0.016157680878223595,-0.11675767154025463,-1.9177598922452035
7.1000000000000005,3.40429608511814,1.1379897973492272,2.1521314184523512,0.9727849731523723,0.035074540258791455,-0.008626044064299707,0.23269006939470546,0.009082650915002814,-0.1889478938250156,1.0,2.0,29.049741527030925,-0.08405515550450171,0.012107301469967434,-2.2854954293188148,3.40429608511814,1.1379897973492272,2.1521314184523512,0.9727849731523723,0.035074540258791455,-0.008626044064299707,0.23269006939470546,0.009082650915002814,-0.1889478938250156,1.0,2.0,0.07661361717362003,-2.2579312397820304,0.028682903156939797,0.45201002355698383,0.0162975829254955,0.36623381780769726,-2.1171558600352944
7.2,3.4979520653387306,1.1123241126971115,2.1514442217039558,0.9722344986163209,0.03587579917550334,-0.004801223895574527,0.22428455384425527,0.010293381061999562,-0.41749743675689716,1.0,2.0,28.96657556042387,-0.14154959756394286,0.010349776916466566,-2.170959485106471,3.4979520653387306,1.1123241126971115,2.1514442217039558,0.9722344986163209,0.03587579917550334,-0.004801223895574527,0.22428455384425527,0.010293381061999562,-0.41749743675689716,1.0,2.0,0.07093048222026661,-2.165904229008368,0.019463141743626556,0.4518985381114393,0.016675216960581718,0.869076203822869,-2.1978113692111774
7.300000000000001,3.5836103780503143,1.0666775904039043,2.1511131636624707,0.9713239255372469,0.03721529525523735,-0.0013114042166934875,0.210129594087861,0.011328358753646217,-0.634593385267544,1.0,2.0,28.857089782915605,-0.1960348458009505,0.007174526708527693,-2.002569532138684,3.5836103780503143,1.0666775904039043,2.1511131636624707,0.9713239255372469,0.03721529525523735,-0.0013114042166934875,0.210129594087861,0.011328358753646217,-0.634593385267544,1.0,2.0,0.06423073128058,-2.019692829516049,0.012717142100307896,0.4515447824620613,0.017300482319523736,1.3517113235390172,-2.166260465319733
7.4,3.6579770799550513,1.0044188138784091,2.1511122150640647,0.9700366604775604,0.039110721956976846,0.0019421365629981823,0.1905261095077659,0.012045811424498992,-0.8348503384814125,1.0,2.0,28.734257167030098,-0.24565132688991143,0.002906849346812437,-1.7843285579664676,3.6579770799550513,1.0044188138784091,2.1511122150640647,0.9700366604775604,0.039110721956976846,0.0019421365629981823,0.1905261095077659,0.012045811424498992,-0.8348503384814125,1.0,2.0,0.05629723031724266,-1.8228675131249905,0.009722282686638665,0.45094656321714516,0.01818162794255345,1.7811401496824901,-2.044662569406455
7.5,3.7193729857112245,0.9294744200154507,2.151429928193067,0.9683560541589104,0.04157368556456774,0.005135641419940775,0.1659609768187747,0.012336496359180238,-1.0132831942780596,1.0,2.0,28.611425931127588,-0.2886138766584578,-0.0020373448732749996,-1.5214922562153397,3.7193729857112245,0.9294744200154507,2.151429928193067,0.9683560541589104,0.04157368556456774,0.005135641419940775,0.1659609768187747,0.012336496359180238,-1.0132831942780596,1.0,2.0,0.04680252692424219,-1.5802635677913253,0.010969641198228729,0.45009881171087396,0.01932374604432711,2.1364254666289773,-1.8651548865326342
7.6000000000000005,3.767745021952672,0.8456952949908979,2.1520739772149953,0.9662696989254655,0.0446069624456753,0.00846670941379218,0.1370995891529288,0.012132761871852731,-1.1654324198995942,1.0,2.0,28.50067466183814,-0.3232925573033982,-0.007305104862321435,-1.2204633626119819,3.767745021952672,0.8456952949908979,2.1520739772149953,0.9662696989254655,0.0446069624456753,0.00846670941379218,0.1370995891529288,0.012132761871852731,-1.1654324198995942,1.0,2.0,0.035348186090364504,-1.2979100503785714,0.01607577750893007,0.4489946484906238,0.02072742987367065,2.4098343972870757,-1.6630583916691624
7.7,3.804433502329597,0.756376465972356,2.153069789382391,0.9637736305166613,0.048200605079271756,0.012093427096245292,0.10477033342258898,0.011402251385620591,-1.287478756160792,1.0,2.0,28.41127212484511,-0.3483516243580688,-0.012627659108011509,-0.8886639680920664,3.804433502329597,0.756376465972356,2.153069789382391,0.9637736305166613,0.048200605079271756,0.012093427096245292,0.10477033342258898,0.011402251385620591,-1.287478756160792,1.0,2.0,0.02148254403030601,-0.9829843240184183,0.023775103104066688,0.44762767805734727,0.02238692183456725,2.6044977829090783,-1.4710176991009354
7.800000000000001,3.8318139513333596,0.6640116302787804,2.1544531241110088,0.9608764573330644,0.05232653708607644,0.01607378676504477,0.06993517098678215,0.010139485474819443,-1.376345152969999,1.0,2.0,28.34875966783616,-0.36293465130398606,-0.017822206355998845,-0.5343644189117671,3.8318139513333596,0.6640116302787804,2.1544531241110088,0.9608764573330644,0.05232653708607644,0.01607378676504477,0.06993517098678215,0.010139485474819443,-1.376345152969999,1.0,2.0,0.004781994650999974,-0.6437282614279136,0.03211659780835884,0.4459955273937791,0.02428761921086954,2.729956108045351,-1.3152834911879543
7.9,3.852927463438478,0.5702879432718497,2.15625745537644,0.9576053141452456,0.05693279989789249,0.020321891862408906,0.03364170585638355,0.008357264839219555,-1.429781594861176,1.0,2.0,28.315517726979685,-0.36692116800826896,-0.022672475218817968,-0.16643009936456984,3.852927463438478,0.5702879432718497,2.15625745537644,0.9576053141452456,0.05693279989789249,0.020321891862408906,0.03364170585638355,0.008357264839219555,-1.429781594861176,1.0,2.0,-0.015042427619893014,-0.28923737122717563,0.03910391033042405,0.44410527683396067,0.026403526052019212,2.7972052428815886,-1.2142367805252865
8.0,3.8711708392261017,0.4762746939370454,2.158499957614451,0.9540168235233066,0.06194471201694912,0.024620491784174567,-0.0030504109444433702,0.006090017317337761,-1.4464246047976326,1.0,2.0,28.31052242569312,-0.3602087132936016,-0.027301769047228436,0.2058625333533408,3.8711708392261017,0.4762746939370454,2.158499957614451,0.9540168235233066,0.06194471201694912,0.024620491784174567,-0.0030504109444433702,0.006090017317337761,-1.4464246047976326,1.0,2.0,-0.037954056898743385,0.07107621617462541,0.04290764745881842,0.4419813955325137,0.028698037170873842,2.814517094252306,-1.178433755474856
8.1,3.890062511919808,0.3827355580591103,2.1611693953351114,0.9501947537536909,0.06726004684147423,0.02864376439067044,-0.03907128227380354,0.0033598404126149177,-1.425838351462299,1.0,2.0,28.330079269155696,-0.3436790657601273,-0.03146677691249307,0.5730600149502829,3.890062511919808,0.3827355580591103,2.1611693953351114,0.9501947537536909,0.06726004684147423,0.02864376439067044,-0.03907128227380354,0.0033598404126149177,-1.425838351462299,1.0,2.0,-0.06382355148501624,0.42733250392248306,0.04222207032646199,0.4396669487383489,0.031122061503672586,2.7847678623171794,-1.2111536222561694
8.200000000000001,3.9130529613528617,0.29049301327979316,2.1642178671624546,0.9462455746983385,0.07274608720875197,0.03200734291733982,-0.07343918884981625,0.0002131627213656117,-1.3685323499672708,1.0,2.0,28.36885035626049,-0.3183576267631749,-0.035112407511185516,0.9258569274306241,3.9130529613528617,0.29049301327979316,2.1642178671624546,0.9462455746983385,0.07274608720875197,0.03200734291733982,-0.07343918884981625,0.0002131627213656117,-1.3685323499672708,1.0,2.0,-0.09203890219030608,0.7700582984765991,0.03656536389223671,0.4372228827123483,0.03361310721647941,2.7045864744356862,-1.30864353209163
8.3,3.9433300897231187,0.20077473232047455,2.16755860409053,0.9422943637545362,0.0782449520074358,0.034337833448720476,-0.10527495152613374,-0.0032980780297529404,-1.2759466572242084,1.0,2.0,28.420533175990833,-0.28559794532966054,-0.03795015482575331,1.2553101182584667,3.9433300897231187,0.20077473232047455,2.16755860409053,0.9422943637545362,0.0782449520074358,0.034337833448720476,-0.10527495152613374,-0.0032980780297529404,-1.2759466572242084,1.0,2.0,-0.12173791720815785,1.0902979565593665,0.02626916674392482,0.4347261301153639,0.0360981944662419,2.565390030504097,-1.459792907272628
8.4,3.9835731496464075,0.11547473057527657,2.171070532796472,0.9384712334216998,0.08357537202793676,0.035335528535172134,-0.13383474605909979,-0.007093093512328272,-1.1504156453983623,1.0,2.0,28.478499862196088,-0.24695654439202178,-0.039583915795658245,1.5531057760332516,3.9835731496464075,0.11547473057527657,2.171070532796472,0.9384712334216998,0.08357537202793676,0.035335528535172134,-0.13383474605909979,-0.007093093512328272,-1.1504156453983623,1.0,2.0,-0.15169357532374006,1.3799520509539513,0.012341473555946152,0.43226197364158925,0.03849500546639844,2.3562305086148987,-1.645574314264044
8.5,4.0356413295760944,0.03726117860233617,2.17460830885956,0.9349025619732932,0.08853954712248396,0.0348202667136984,-0.15853040049830208,-0.011051485091894096,-0.9951050677950373,1.0,2.0,28.536107409115314,-0.20397243411168126,-0.03951462314006366,1.811785352068384,4.0356413295760944,0.03726117860233617,2.17460830885956,0.9349025619732932,0.08853954712248396,0.0348202667136984,-0.15853040049830208,-0.011051485091894096,-0.9951050677950373,1.0,2.0,-0.18037502873963282,1.6320313859335198,-0.0038489895495470296,0.4299176813426178,0.040715170066151905,2.0681201445523154,-1.8391061440079577
8.6,4.100232506705763,-0.030525543054127392,2.1780153806410563,0.9317030539633626,0.09293164817001491,0.032747049784121726,-0.17892764390947016,-0.015002947405900462,-0.8139265325881991,1.0,2.0,28.586980607364975,-0.1581643461255319,-0.037164868973481154,2.0249469515703704,4.100232506705763,-0.030525543054127392,2.1780153806410563,0.9317030539633626,0.09293164817001491,0.032747049784121726,-0.17892764390947016,-0.015002947405900462,-0.8139265325881991,1.0,2.0,-0.20603172294259403,1.8407544126024755,-0.02087642173859237,0.4277761590871475,0.04266804036189235,1.6990317102779,-2.0073556496058216
8.700000000000001,4.17659835449553,-0.08420713386293556,2.181137203760404,0.9289738042257845,0.09655006111666488,0.029194150974655518,-0.1947440785220234,-0.01871943430324858,-0.6114318374311624,1.0,2.0,28.6255602368395,-0.1108526168728319,-0.032069593052712494,2.1874384541317173,4.17659835449553,-0.08420713386293556,2.181137203760404,0.9289738042257845,0.09655006111666488,0.029194150974655518,-0.1947440785220234,-0.01871943430324858,-0.6114318374311624,1.0,2.0,-0.22677244744675307,2.001741319309083,-0.03742156511502633,0.4259125939551996,0.04426592740255272,1.258227829731245,-2.1151442637592774
8.8,4.262429673234276,-0.12029529907989173,2.1838326240780614,0.9268075356448918,0.09921565897681542,0.02434031782179419,-0.20582934020930654,-0.021926393608519827,-0.39268799201799093,1.0,2.0,28.64814658589536,-0.0630631671853034,-0.0240341771053173,2.295509286166374,4.262429673234276,-0.12029529907989173,2.1838326240780614,0.9268075356448918,0.09921565897681542,0.02434031782179419,-0.20582934020930654,-0.021926393608519827,-0.39268799201799093,1.0,2.0,-0.24074805744674552,2.112148940266726,-0.052164478255312445,0.4243949492402871,0.045431897061571205,0.7682701329783419,-2.1312250804188193
8.9,4.354007593155609,-0.1361017396836244,2.1859836956743814,0.9252985537076117,0.1007949896002708,0.01845816964291517,-0.21213565692783687,-0.02432981131905157,-0.1631370634013533,1.0,2.0,28.654341744891767,-0.015418853538613494,-0.013351085787470657,2.346905028081656,4.354007593155609,-0.1361017396836244,2.1859836956743814,0.9252985537076117,0.1007949896002708,0.01845816964291517,-0.21213565692783687,-0.02432981131905157,-0.1631370634013533,1.0,2.0,-0.24636275266684354,2.1707711238040805,-0.0634371152826996,0.42328703344795754,0.04610967126594936,0.2634047429099431,-2.0350646928760248
9.0,4.446647232140286,-0.13026773085239512,2.1875067598228743,0.9245521029793821,0.10122423281352382,0.011947340654732857,-0.21367754228169825,-0.025664919897798635,0.07155343940681232,1.0,2.0,28.64808253719358,0.0319077891525828,-0.0009329908368314507,2.3408504082274293,4.446647232140286,-0.13026773085239512,2.1875067598228743,0.9245521029793821,0.10122423281352382,0.011947340654732857,-0.21367754228169825,-0.025664919897798635,0.07155343940681232,1.0,2.0,-0.24255592610754717,2.177929815107522,-0.06891262522441889,0.422651083855048,0.04627379200497652,-0.21587383642301983,-1.8221656592099709
9.1,4.535360411279785,-0.10305332405025755,2.1883684817051914,0.9246821923212253,0.10052263493125431,0.0054020823537302325,-0.21048676336643996,-0.025758218981481784,0.3056384802295553,1.0,2.0,28.63704250266195,0.0790558627172265,0.011707451558268661,2.2779000930822986,4.535360411279785,-0.10305332405025755,2.1883684817051914,0.9246821923212253,0.10052263493125431,0.0054020823537302325,-0.21048676336643996,-0.025758218981481784,0.3056384802295553,1.0,2.0,-0.22909904077917356,2.135014291485891,-0.06576972487069221,0.4225441008000201,0.045934967429674546,-0.6307770873445259,-1.5058852924961794
9.200000000000001,4.615583586380499,-0.05629736480672464,2.1886078634489414,0.9257854309090197,0.09878264035972024,-0.0003371500929604641,-0.2025811770947172,-0.02458747382565492,0.5334284895377852,1.0,2.0,28.62951453715339,0.12614726401618337,0.02272740576355083,2.159710249506296,4.615583586380499,-0.05629736480672464,2.1886078634489414,0.9257854309090197,0.09878264035972024,-0.0003371500929604641,-0.2025811770947172,-0.02458747382565492,0.5334284895377852,1.0,2.0,-0.20683500778900507,2.043751799821052,-0.05169409722612881,0.4230019668530801,0.045134919785974156,-0.9522603348262686,-1.1148664447566305
9.3,4.683797073402832,0.006933453890559261,2.1883583230289423,0.9278881261544137,0.0961325987279886,-0.004234259830982643,-0.1899664506930989,-0.022314733249299838,0.7493995144884147,1.0,2.0,28.628632414100753,0.17291925349080986,0.03035124329074245,1.988822631444327,4.683797073402832,0.006933453890559261,2.1883583230289423,0.9278881261544137,0.0961325987279886,-0.004234259830982643,-0.1899664506930989,-0.022314733249299838,0.7493995144884147,1.0,2.0,-0.17773582107886574,1.9055047394703977,-0.026831249725695193,0.4240110572340405,0.043929094114226186,-1.1666084621598576,-0.6868642349436919
9.4,4.7379075056473035,0.08289467623111281,2.187854912409897,0.9308760691342841,0.09267906437618459,-0.005305278441634474,-0.172674525344018,-0.019279608920225597,0.9482817776328476,1.0,2.0,28.62422844904381,0.21845179022853042,0.03336938884143135,1.7685506411098382,4.7379075056473035,0.08289467623111281,2.187854912409897,0.9308760691342841,0.09267906437618459,-0.005305278441634474,-0.172674525344018,-0.019279608920225597,0.9482817776328476,1.0,2.0,-0.14476853541506518,1.720938401916368,0.0033799583161238816,0.4254743145234136,0.04236069944606138,-1.2770334770443594,-0.2610658096406927
9.5,4.7773573996356875,0.16776023891302533,2.187402581680046,0.9344318161514479,0.08844863976974987,-0.0031488702005383518,-0.15082934632116488,-0.015942670036082476,1.1251368417438312,1.0,2.0,28.584196187630425,0.2610319748236294,0.031707243529355965,1.5031111452880297,4.7773573996356875,0.16776023891302533,2.187402581680046,0.9344318161514479,0.08844863976974987,-0.0031488702005383518,-0.15082934632116488,-0.015942670036082476,1.1251368417438312,1.0,2.0,-0.11151692815755342,1.49047703232514,0.025154106254181467,0.4271878546626532,0.040435464651329266,-1.3012744059347705,0.1286691385852604
9.600000000000001,4.803003420159273,0.25812898377112264,2.187276292357009,0.9380244446240309,0.08336174525068563,0.0012223496233738996,-0.12472614883880187,-0.01277194568314688,1.2754479562726357,1.0,2.0,28.452211837985246,0.29815814143584923,0.026887492301887254,1.1982111934440294,4.803003420159273,0.25812898377112264,2.187276292357009,0.9380244446240309,0.08336174525068563,0.0012223496233738996,-0.12472614883880187,-0.01277194568314688,1.2754479562726357,1.0,2.0,-0.08141746385017978,1.2160631014832184,0.015535608450347037,0.4288550321245496,0.038112123988165665,-1.2664503076523284,0.45791623604753134
9.700000000000001,4.816847427159356,0.3513595647577796,2.187534177043119,0.941014188398073,0.0772897934772367,0.004477696877064485,-0.09491033469521698,-0.010083196452958151,1.3952690756170385,1.0,2.0,28.15952166982861,0.3275959483968976,0.02160384185959846,0.8618668558263589,4.816847427159356,0.3513595647577796,2.187534177043119,0.941014188398073,0.0772897934772367,0.004477696877064485,-0.09491033469521698,-0.010083196452958151,1.3952690756170385,1.0,2.0,-0.05651481843719965,0.904055677238303,-0.053329639531619816,0.43017119379137564,0.035331924999548577,-1.2028823298277427,0.7126697735987578
9.8,4.821700988759111,0.4457054530481602,2.187762253872042,0.942889140154402,0.07020736534255413,0.0005089804814016187,-0.062150739855527236,-0.007922812266998303,1.4814557611996735,1.0,2.0,27.521465670582582,0.3728206213203845,-0.0007525327249276766,0.49864770674454684,4.821700988759111,0.4457054530481602,2.187762253872042,0.942889140154402,0.07020736534255413,0.0005089804814016187,-0.062150739855527236,-0.007922812266998303,1.4814557611996735,1.0,2.0,-0.036125484742643814,0.5640796802874128,-0.24946536850418433,0.43098336598760506,0.03209094828210727,-1.1383561949883516,0.8877756223991305
9.9,4.820893942850215,0.5402269831800732,2.186598655618075,0.9425955764378909,0.06159397460789173,-0.023508119326500557,-0.024868677723488775,-0.007998065539491077,1.5313205318741283,1.0,2.0,27.069429463522766,0.29582758399072906,0.10277770535316832,0.1419881071382044,4.820893942850215,0.5402269831800732,2.186598655618075,0.9425955764378909,0.06159397460789173,-0.023508119326500557,-0.024868677723488775,-0.007998065539491077,1.5313205318741283,1.0,2.0,-0.0372094102176243,0.20011247800634877,-0.39038822949713786,0.43107845786699805,0.028168852317565003,-1.095311830480369,0.9818838207040509
10.0,4.817924048596455,0.6346504405507366,2.182307132714047,0.9445463983995999,0.05423880591315193,-0.06224813499270698,0.004714080675584132,0.0022797049958257565,1.5455193425879494,1.0,2.0,26.772861098019842,0.4259449436705899,-0.01682908306673038,-0.22045688903639668,4.817924048596455,0.6346504405507366,2.182307132714047,0.9445463983995999,0.05423880591315193,-0.06224813499270698,0.004714080675584132,0.0022797049958257565,1.5455193425879494,1.0,2.0,0.058838285553198665,-0.07885347621228564,-0.48917895504756637,0.4328201032019291,0.024853882893054253,-1.0800890022940983,1.0033707747446037
10.100000000000001,4.8159505387563915,0.7294440401043386,2.173629130120435,0.9484809173589702,0.04745893875798254,-0.11145461214885889,0.04730857504264313,0.0005967966891527178,1.5234736536843096,1.0,2.0,26.614266406369932,0.34310123688050165,0.02745111881896549,-0.5872957767870266,4.8159505387563915,0.7294440401043386,2.173629130120435,0.9484809173589702,0.04745893875798254,-0.11145461214885889,0.04730857504264313,0.0005967966891527178,1.5234736536843096,1.0,2.0,0.043690930031323634,-0.47121000812596653,-0.5529063780396826,0.4363582104305059,0.021833963347442333,-1.0965850775521226,0.9517294051884093
10.200000000000001,4.818585735196933,0.8244758736666131,2.1596927061509823,0.951467749750841,0.040464478474904905,-0.16758303206642872,0.08161869873069329,0.0033419085710492654,1.4647440760056072,1.0,2.0,28.10523881785845,-0.06742780501663907,0.1816201404584324,-0.8593985427724221,4.818585735196933,0.8244758736666131,2.1596927061509823,0.951467749750841,0.040464478474904905,-0.16758303206642872,0.08161869873069329,0.0033419085710492654,1.4647440760056072,1.0,2.0,0.0723728572455146,-0.8262028944470645,-0.05424658631178803,0.44055700472617365,0.018736220370453048,-1.1431492739979574,0.8231390748569046
10.3,4.828700557767644,0.9196332328895761,2.142669930388366,0.9640994287198161,0.043630954030874504,-0.17282023052169052,0.07487591822902935,0.0215039226168925,1.378804221728365,1.0,2.0,28.73695295207126,0.7637125472491579,-0.2872034919966411,-1.186990738969207,4.828700557767644,0.9196332328895761,2.142669930388366,0.9640994287198161,0.043630954030874504,-0.17282023052169052,0.07487591822902935,0.0215039226168925,1.378804221728365,1.0,2.0,0.2558910610416241,-0.7706434021749538,0.1681036379682627,0.44995237719375186,0.020362890901710767,-1.1899674659771398,0.6436274649962421
10.4,4.847952045349438,1.01469334893612,2.12611490334822,0.9695096743712831,0.04403755420922726,-0.15968934405657334,0.15124717295394519,-0.007216426582771613,1.2601051478314447,1.0,2.0,28.970348894991613,0.057932396875163564,0.19646567997617345,-1.5509233374756544,4.847952045349438,1.01469334893612,2.12611490334822,0.9695096743712831,0.04403755420922726,-0.15968934405657334,0.15124717295394519,-0.007216426582771613,1.2601051478314447,1.0,2.0,-0.02876043203108707,-1.53270777171509,0.16384082203762723,0.45600060130545755,0.020712687794943077,-1.240452106705876,0.38472645361493185
10.5,4.880703495909142,1.1057750453415947,2.1109501763650322,0.9700212353189204,0.038626471574995005,-0.14377237545742994,0.15704041264146154,0.012430141414845724,1.1050128140838793,1.0,2.0,29.40280170063838,0.27621625347047846,-0.1250704355546541,-1.7806226094376774,4.880703495909142,1.1057750453415947,2.1109501763650322,0.9700212353189204,0.038626471574995005,-0.14377237545742994,0.15704041264146154,0.012430141414845724,1.1050128140838793,1.0,2.0,0.1697105521166119,-1.601760394940487,0.3024672897023164,0.45951877319494877,0.018298144602118545,-1.2660416416170999,0.0338504493170072
10.600000000000001,4.928430430171894,1.1904870746015783,2.0980086479027493,0.9733673120989926,0.0384064493449184,-0.11586230477982777,0.1846620379885095,-7.690214061968582e-05,0.9269505531401112,1.0,2.0,30.158668787342346,0.014060709693667168,0.14074185229362665,-1.9799805099029844,4.928430430171894,1.1904870746015783,2.0980086479027493,0.9733673120989926,0.0384064493449184,-0.11586230477982777,0.1846620379885095,-7.690214061968582e-05,0.9269505531401112,1.0,2.0,0.041896844506896416,-1.9148376335881265,0.5128361099304348,0.4639481887131439,0.018306144440019812,-1.2264946912858847,-0.3623517895765977
10.700000000000001,4.991336777886922,1.2647419787288463,2.088978270830289,0.9768981159284738,0.03978797545665582,-0.06483700327583655,0.18606810895787618,0.01399728308874298,0.7289525021498128,1.0,2.0,29.733861476274605,0.5795789385807207,-0.23306148349265415,-2.18631114875716,4.991336777886922,1.2647419787288463,2.088978270830289,0.9768981159284738,0.03978797545665582,-0.06483700327583655,0.18606810895787618,0.01399728308874298,0.7289525021498128,1.0,2.0,0.18068614007457298,-1.8872495152290227,0.36203373602265276,0.4676439815432806,0.019046620068882584,-1.1011518233758952,-0.785868399651724
10.8,5.068236619292285,1.3248503844688186,2.0841068821881605,0.9734053936221986,0.03608708956444904,-0.03473192580181678,0.24402600281594836,-0.009308865260522433,0.5103213872740973,1.0,2.0,28.16035723551904,0.23354891685584792,-0.13056133073909837,-2.397150734015941,5.068236619292285,1.3248503844688186,2.0841068821881605,0.9734053936221986,0.03608708956444904,-0.03473192580181678,0.24402600281594836,-0.009308865260522433,0.5103213872740973,1.0,2.0,-0.05804424542042207,-2.3257213555157663,-0.29787233822490916,0.46706116751564764,0.017315373732924973,-0.8760975962878371,-1.2206303370330496
10.9,5.155917919067512,1.3644708484555437,2.079049206051528,0.9531448362424862,0.024293212369403124,-0.06740014949063264,0.2673808945015331,-0.02236499833443227,0.270606313872503,1.0,2.0,29.486904626431873,-2.1679306095482116,0.6357323968655368,-2.04916215654433,5.155917919067512,1.3644708484555437,2.079049206051528,0.9531448362424862,0.024293212369403124,-0.06740014949063264,0.2673808945015331,-0.02236499833443227,0.270606313872503,1.0,2.0,-0.20239413211970395,-2.6547390441384495,0.08862522719839057,0.4584522739856995,0.011684770278015743,-0.545095630593916,-1.6356090448535454
11.0,5.249199772096757,1.382856475446215,2.07354169260215,0.9589475660608012,0.06327168202183533,-0.037006774932962554,0.050587833546711675,0.04120824135212144,0.06569009821806991,1.0,2.0,29.486904626431873,-2.1679306095482116,0.6357323968655368,-2.04916215654433,5.249199772096757,1.382856475446215,2.07354169260215,0.9589475660608012,0.06327168202183533,-0.037006774932962554,0.050587833546711675,0.04120824135212144,0.06569009821806991,1.0,2.0,0.4282017807010775,-0.4540081064557818,0.43291067962738566,0.46246842756143913,0.030513821953796257,-0.1701813436189742,-1.8667718162769367
