x,y,z,v_x,v_y,v_z,phi,theta,psi,omega_x,omega_y,omega_z,wx,wy,Ax,Ay,Az,Axt,Ayt,rx,ry,Wax,Way
0.0,0.0,2.0,1.0,0.0,0.0,0.0,0.0,0.0,0.0,0.0,0.0,1.5,2.0,0.01740341106856945,0.06961364427427776,-1.5176413818604797,0.01740341106856945,0.06961364427427776,0.5,0.0,-0.5000000000000002,-1.9999999999999998
0.10025031715008612,0.0003294669145498207,1.9924198072843953,1.0082798281804009,0.004698172794668076,-0.15154728483728883,0.0026560699823773744,0.023658062506770463,0.001512214557230743,0.05262752251941704,0.47321294712160517,0.029678682529421574,1.5,2.0,0.28547650999277163,0.009254837555304218,1.526135721611847,0.2853366654215966,0.03926702875363319,0.5060579223786448,0.0023580235337408812,-0.4947428846870301,-1.9930312194415847
0.20330796206222906,0.0010548651140907216,1.984859210088284,1.0600613736714468,0.003850894589761123,-7.125270833296211e-05,0.007734505178733226,0.06174643062785381,0.0033081194760324487,0.047646926076302124,0.288698718786749,0.002344148197785919,1.5,2.0,0.6767445098894965,-0.016079216298632355,0.8845805073802516,0.676735395904119,-0.013570348908552698,0.5340738367152482,0.0019401348822065017,-0.44654664547962053,-1.991175991602427
0.3130535406187711,0.0016660340983893974,1.9892453425996253,1.1369174394881316,0.0014690421989311188,0.08759330652524361,0.010670665906044775,0.07345717070197642,0.0025249492550692156,0.012224197107221963,-0.05465668901924202,-0.020061950543726725,1.5,2.0,0.717457660285035,-0.009915979544121465,-0.2373158756534363,0.7174875254768358,-0.033029173580862735,0.5715320353608884,0.0007384922148473229,-0.368127672132166,-1.9947371625774808
0.43019611529122226,0.0019352226221878775,1.9968287819133768,1.2041311862616733,0.00031764666651187395,0.06421080500907765,0.010395634008090656,0.062378002084905605,0.0006217559355406791,-0.015113971487334597,-0.16731891551804193,-0.015522201100571146,1.5,2.0,0.5929626220720405,-0.00867334315397383,-0.48410321211228324,0.5929676133440014,-0.027594197237493453,0.6030217498707453,0.00015907556491022854,-0.2971120355939656,-1.9987493329098358
0.5533417309130259,0.0019315835001269318,2.000845905109585,1.2567687827374727,-0.00024667027522200273,0.016272505296759172,0.008535332403152412,0.04964405411538806,-0.0004863849719717913,-0.020818584553949294,-0.0875635595563861,-0.004160207058358381,1.5,2.0,0.48368112695064375,-0.006818235220305077,-0.2453249298500791,0.48368009075314816,-0.012097593116362888,0.6281187269484605,-0.00012328299475340793,-0.2422582699291862,-2.0009760111340773
0.6813333789897309,0.0018138677349291408,2.001253060577167,1.3024155505892672,-0.0004287712097134138,-0.008083831098111513,0.006896513086085091,0.045740421282540585,-0.0006191553976941044,-0.011825465276712833,0.009470349580894427,0.0021257918330579544,1.5,2.0,0.4555426761498516,-0.0008085726926909727,-0.006650889422618114,0.45554359485336604,0.001982038515414354,0.6508000293644257,-0.000214251369884104,-0.19634585117941739,-2.001357120893521
0.8138770982821434,0.0017136273125526711,2.0004103054662776,1.3488193006199236,-0.00023935538166557928,-0.00878828892207302,0.006280202964980685,0.04810913957286111,-0.00031694063564864384,-0.000784592156322879,0.03794225337842352,0.0036071515946689728,1.5,2.0,0.48090014703544276,0.0026190807554637265,0.06979947688826443,0.48090101683817943,0.007520607141870892,0.6742713217054368,-0.00011965314366333846,-0.1505467427808671,-2.0007146658758135
0.9512150912581614,0.0016827180356466932,1.9998774036940434,1.3983765069658285,9.593349634520245e-06,-0.0018970148248213625,0.00649569526331695,0.050924696306658405,4.243472361951643e-06,0.0047769106568919745,0.0184085062372796,0.0024523984707437935,1.5,2.0,0.5055248005593511,0.002097497750651074,0.03898636151951465,0.5055247768495732,0.0055535582109783425,0.6992311150587723,4.796968862591294e-06,-0.1016319799653902,-1.9999840414238157
1.093599255446798,0.0017042953813053902,1.9998812383700693,1.44941368158869,0.00011236189292648331,0.0019639312413536943,0.0069663861269352555,0.05174987971640452,0.00015690103047699615,0.004480442699590299,-0.0018849047624366288,0.00048684905368047876,1.5,2.0,0.5096200952208293,0.0004936590516342006,-0.005312418603875079,0.5096200400639543,0.0012051558682490075,0.7247498770326892,5.618428273173851e-05,-0.05090010200752659,-1.9996522619443904
1.2410818964658807,0.001738551672494196,2.0000512570134057,1.5001634028551092,8.78842678515154e-05,0.001438785497481771,0.007269457282699446,0.0514655842834992,0.0001383643000668918,0.0016000096294370113,-0.0038035951457389364,-0.0008163704104156354,1.5,2.0,0.5040467111822443,-0.0003896360171369679,-0.024914100792308373,0.5040467835438263,-0.001624830890082912,0.7500624784462981,4.3941007783345195e-05,-0.00011331138563197563,-1.9997045501380308
1.3936119013527755,0.0017587037525591523,2.0000708852572098,1.5503959419816398,2.5767903988789816e-05,-0.0010442302172307609,0.0073050843617446706,0.05139688193217935,4.852299251593679e-05,-0.0007951382411254291,0.0024164872233892677,-0.0009680197940829729,1.5,2.0,0.5019285934151617,-0.000497246085655909,-0.018790469197675894,0.5019286185737752,-0.002010982409224437,0.7751704969107924,1.2883495369453396e-05,0.05029889776250651,-1.999901445252785
1.5511614334507196,0.0017604777011776909,1.9998724653638884,1.6005903055065136,-1.4842335460161419e-05,-0.0029242124973377554,0.007186231045807673,0.05154898481022663,-1.988013110778135e-05,-0.0015115540369643836,0.0006155713438892604,-0.000420286642057085,1.5,2.0,0.5031225161314502,-0.00036539745770652454,0.009427880170672639,0.5031225098403916,-0.0010438221856953309,0.8003461886832253,-7.421640988222102e-06,0.10063006606514113,-2.0000446621369
1.7137294643710397,0.001752785753220934,1.9996273351333906,1.6506585834437177,-2.3099877222244626e-05,-0.001974549315556328,0.007062981110301055,0.051039821254503924,-3.876637149429784e-05,-0.0009339936887719328,-0.01080128664936647,0.00011536730798301922,1.5,2.0,0.49819048593455617,-0.0002734905630434626,0.04511687776749515,0.4981904886217823,-8.146820816474808e-05,0.8254831059976513,-1.1552091140374257e-05,0.15073611731381042,-2.0000812479316172
1.881264467652988,0.0017447302013843544,1.9996561705603593,1.6998153714210054,-1.565823469810549e-05,0.002558690180201729,0.007016005971467388,0.04982595978288933,-2.9772695431074464e-05,-1.4541857387815444e-05,-0.013474079511914257,0.0002349394602100372,1.5,2.0,0.48470280065177285,-4.7434783435329855e-05,0.04928706969472466,0.4847028043608325,0.00035521064412315944,0.8500538224752258,-7.83046352099502e-06,0.19987491747666852,-2.0000603163914246
2.053655925199517,0.0017396108026778603,2.000158724069078,1.747991141005586,-8.806200571556674e-06,0.0074892297819177415,0.007041719259655042,0.04985820335763036,-1.799867382983351e-05,0.0005171004178714105,0.014120586153068642,-4.384197516854231e-06,1.5,2.0,0.4803049930208258,0.0005377347561722317,-0.0118165130158963,0.4803049929818984,0.0005300078417639957,0.8739262139404177,-4.402750874511368e-06,0.24802713859620762,-2.0000358038873625
2.230895563323339,0.0017373659626342937,2.000846509458744,1.7973777900210517,-3.431100090465515e-06,0.006235984456886266,0.007091193675666313,0.05356396629086931,-5.1172672513557666e-06,0.00045927680322100826,0.05999463700470971,-0.0002624229240429102,1.5,2.0,0.5102326344970886,0.0011368706870811133,-0.10059624574615778,0.5102326335890247,0.0006611824782708569,0.8983086816125972,-1.714824237764082e-06,0.2973880245751943,-2.000011106974781
2.413276730909229,0.0017388094202909635,2.0009624618802935,1.8511483151639816,1.148684636288396e-05,-0.003963828065072806,0.007118468488642232,0.05933759460301439,1.3892020249977392e-05,6.464837247611397e-05,0.05547771137349659,-0.00017883452758958622,1.5,2.0,0.565302091087729,0.0006217246121169946,-0.08844482090493867,0.5653020931601921,0.0002877394214587145,0.9251289569043027,5.740660597945368e-06,0.35112053126822373,-1.9999676749302744
2.6012506266861695,0.0017440322268885606,2.0001222222644834,1.9081163596476898,1.996855733533451e-05,-0.012825088907324509,0.007109551166329802,0.05822201918890357,2.5586206219822633e-05,-0.0002567037830705917,-0.07778699528825352,0.0005709195196748484,1.5,2.0,0.5607133837111397,-0.0017318989545318064,0.05384632057087724,0.5607133722104503,-0.0006329385630251145,0.9539998798110312,9.98366855437797e-06,0.408065187726246,-1.999941651478685
2.794640059590675,0.0017482512234334125,1.99912068673013,1.9564765228046106,-1.2636675528984194e-05,-0.007051245490385089,0.007082130819371948,0.03893795078649541,1.6682080519667645e-05,-0.00027800869373690847,-0.3078859342781158,0.0019871251219649713,1.5,2.0,0.36914036462888167,-0.004353622038231992,0.07348555948652441,0.3691403899359252,-0.0004354525481740294,0.9786685395191069,-6.321116885470993e-06,0.4564431588522917,-1.999987613276459
2.9915709293565222,0.0017484783249874568,1.9987994304032808,1.9759863654998693,-3.7022593113155587e-06,0.0007503043851438262,0.007063905232598458,0.0016583198202645708,-4.4709724933727336e-06,-7.159741690024858e-05,-0.43769103517582014,0.002861625582116704,1.5,2.0,-0.00018887498020498392,-0.0058508465620387955,0.06684110817502613,-0.00018886431113690152,-0.00015650392131735325,0.9885866162675419,-1.8522415280899821e-06,0.47599530745984797,-2.0000104086980612
3.1885010623178864,0.001746465806067512,1.9992028139684834,1.9564721928450888,1.1784204785405231e-05,0.0072047388373463655,0.007069057420196142,-0.03574866431046815,-2.0558130876369755e-05,0.00016396831473331194,-0.3104322478510224,0.00210155344581989,1.5,2.0,-0.3686577453221404,-0.004302448309459437,0.053550053900316204,-0.368657770277667,-0.00015920786979818272,0.9786261699789363,5.894451880053728e-06,0.45651330942381607,-2.0000190525688906
3.38189136045038,0.0017425633874470017,2.0001734306614893,1.9081412315405426,-1.6183079822397648e-05,0.01205430915933064,0.0070900874593084395,-0.055346664973615727,-1.9299730077891513e-05,0.0002528581872615391,-0.08151777319106221,0.0006974585186751093,1.5,2.0,-0.5530146593389467,-0.0007864529441370981,-0.08522790285636153,-0.5530146479547462,0.0005558541101069884,0.9539878903948293,-8.090838311478642e-06,0.4081798312800553,-2.0000451323024575
3.569865621130741,0.001739734728056483,2.0009488152892767,1.8511352733099473,-5.227171059424489e-06,0.0034446158049687365,0.007107910156653265,-0.05683422206758601,-7.699625562756262e-07,0.00012433113240573106,0.05177000428743153,-0.00011657044490617759,1.5,2.0,-0.5647834391883408,0.0006876513199560949,-0.09825287818060406,-0.5647834398029826,0.00046998386986257015,0.9251287485044084,-2.612346212698498e-06,0.3511368132355044,-2.000006382114301
3.752244295141736,0.001741308454231147,2.000807346214727,1.797345526949483,9.246861589041341e-06,-0.006220894284960159,0.0071083431103164596,-0.05141283915264661,1.5930380145255682e-05,-9.732074259736627e-05,0.05665728500798874,-0.0003208628159824458,1.5,2.0,-0.514549521222566,0.00045128458450222644,-0.01151797485584103,-0.5145495182306234,-0.0001302699857174577,0.8983101398292204,4.621565192938354e-06,0.2973136663795264,-1.9999668573144171
3.9294827665089134,0.001744611413252682,2.000131450887788,1.7480032941060775,7.1309041332176395e-06,-0.007269103227883684,0.007093058545166393,-0.04804346024130698,1.3489111178901772e-05,-0.0002108117294895277,0.010728247425566348,-0.00020656937406993104,1.5,2.0,-0.4826106319776787,-2.889781606797313e-05,0.048298809468828384,-0.4826106304925275,-0.0003929539188222297,0.8739442066821159,3.565217741090208e-06,0.24797631602018755,-1.999972635247143
4.101878758788287,0.0017460041827918789,1.9996460409082508,1.6998882128410298,-2.8925962286232395e-07,-0.0024445808470996604,0.0070762258071126105,-0.04839010306184216,1.9267853751613597e-07,-0.0001386206214541611,-0.01766281241444704,-1.0001614746827148e-05,1.5,2.0,-0.48418847193754433,-0.00018450418550185695,0.044547643543266534,-0.4841884719404612,-0.00020164575866372526,0.8500945557689453,-1.4465541248037105e-07,0.19988782748398237,-2.0000000002417795
4.269421190008774,0.0017451590743671616,1.9996226828983863,1.6507150823610532,-3.89196258295208e-06,0.0019613900252884574,0.00707115492934401,-0.05006260746071818,-7.358469407658331e-06,2.9818831468404478e-05,-0.015787505887349392,9.572631101277266e-05,1.5,2.0,-0.49735616120867965,-8.401641908989093e-05,0.011604484983863815,-0.49735616083302064,7.531346793621723e-05,0.8255132813198522,-1.946348486760917e-06,0.1507297993404786,-2.000014929612547
4.431988080947914,0.0017438515617854843,1.9998757321988052,1.600494499826928,-2.553793496212885e-06,0.0030909611843802248,0.007080041283124511,-0.05102095243716892,-5.638522994517621e-06,0.00014964812184201123,-0.0033786709165331682,7.420598704498013e-05,1.5,2.0,-0.503838113256365,3.215355234589496e-05,-0.012062352430842664,-0.5038381130652726,0.00015191355495043917,0.8002969754861872,-1.2769760916119838e-06,0.10050577689676143,-2.000011011546195
4.589517935222234,0.0017432263034031566,2.0001244145918564,1.5501199461742206,-5.18686307423623e-07,0.0018827688137431112,0.007094223319735516,-0.051092953424939185,-1.7748922063322851e-06,0.00013793669827722076,0.0019392340387282135,1.315877370262522e-05,1.5,2.0,-0.5024318912131244,4.1664432149090966e-05,-0.019057917606723478,-0.5024318912062419,6.223314227892906e-05,0.7750117617011023,-2.593270216790317e-07,0.050123495960995745,-2.0000031810214662
4.742022329332064,0.0017430413996027997,2.0002175951745778,1.4999981248319334,-8.662386483813437e-07,-1.80037464582167e-05,0.007101569788613236,-0.05108490122030068,-5.103811790121496e-07,1.0283863357241462e-05,-0.0017780147210636518,1.0958530412571718e-05,1.5,2.0,-0.5006051107766125,-2.596840149877257e-05,-0.01905171856119674,-0.5006051107670402,-9.392684049658577e-06,0.7499174732042163,-4.330722069794306e-07,-8.544055134507289e-07,-2.0000016318101563
4.889517592286799,0.0017428792962494181,2.000120420206596,1.4498772728035265,-1.4008939551326818e-06,-0.0019274006600137903,0.007094866141538043,-0.05144736044320491,5.989723424015826e-07,-0.000143215929034255,-0.005470829865607405,6.266186836423657e-05,1.5,2.0,-0.5027769658493966,-8.605354215643793e-05,-0.012026672902760814,-0.5027769657608763,5.561986220472929e-06,0.7248949903995111,-7.00404806120614e-07,-0.05012392514088937,-2.000000502435083
5.031987630855168,0.0017431110196681808,1.9998672717625914,1.399506703281971,1.8854455047868672e-06,-0.0031372231693656788,0.0070773594970391296,-0.05172656002832348,4.359848356389049e-06,-0.00020303705043082457,-0.00011248928080153731,5.2038530242073575e-05,1.5,2.0,-0.5049985311357993,-6.609661119645645e-05,0.011815653371034063,-0.5049985312347394,7.3434919488555245e-06,0.6997997932375332,9.427853195102902e-07,-0.1005020164004855,-1.9999915747629522
5.169421166727067,0.0017442202588807052,1.999612815861369,1.3492921721510744,7.6772195240814e-06,-0.0019474645182029004,0.007062728321666933,-0.0511171905959401,6.5966262792744275e-06,-8.726571823158219e-05,0.01229988972729046,-9.348917006574195e-05,1.5,2.0,-0.4989609719366472,4.37509462940258e-05,0.04522315907817102,-0.4989609712129137,-8.344717381733028e-05,0.6747767174966033,3.839353030338676e-06,-0.15072102106884744,-1.9999824277975415
5.301879494110599,0.0017454852089994139,1.9996449906572042,1.300118206881549,6.931453871525088e-06,0.0025992212837961225,0.007066709942567634,-0.04979608143249027,9.188479338306301e-07,0.00016120822337677257,0.014120833201961813,-0.0002065209461283331,1.5,2.0,-0.48440334592583034,0.00012364384883193123,0.04920855619233898,-0.4844033444824707,-0.00014708408238899901,0.650174512453959,3.4663422277006247e-06,-0.19988363081368554,-1.9999916902733834
5.429483509400106,0.0017452204020516535,2.0001512346048163,1.2519897081104807,-7.331184277881357e-06,0.007522756697948565,0.0070924042309298005,-0.04980807620359347,-8.161127193932363e-06,0.0003436560064196614,-0.014362005068129739,2.6951262710538338e-05,1.5,2.0,-0.4798187900091688,-2.3999947863589686e-06,-0.011716731720921891,-0.4798187898099407,3.162336958540519e-05,0.6259475215922085,-3.665314977709588e-06,-0.24799396958517872,-2.0000195728084647
5.552243815044162,0.0017431237982127145,2.000842845142727,1.2026371444151664,-2.1003869715149344e-05,0.0062788413483237365,0.0071216165330445485,-0.05354659359354208,-6.78561769432001e-06,0.0002424123668885663,-0.060406255340738735,0.0005321723334255763,1.5,2.0,-0.5100617555248186,-0.0002789562859459176,-0.1006550293949635,-0.5100617442516636,0.0003665207154088359,0.6010652697360538,-1.0497510969508985e-05,-0.2973492843149117,-2.0000311822502117
5.669864453493745,0.0017418137540873126,2.0009627630001843,1.148867995628551,-3.2460695767222136e-06,-0.003927616651871823,0.007126783553289731,-0.05934838737655152,4.546163619170725e-06,-0.00012628468411450314,-0.05562506191258131,0.0005211611862509322,1.5,2.0,-0.5653901719358883,-0.00039436355825760833,-0.08872374937313979,-0.5653901702291444,0.00020969724525684132,0.5741576089631835,-1.6222538653618687e-06,-0.35114109668318694,-1.9999964268034802
5.781891554393438,0.0017433783155176776,2.00012474163051,1.0918877737881474,2.7060960308496143e-05,-0.012816863379486112,0.00709827613733145,-0.05823619774188717,6.271146149663901e-06,-0.00044155618419477446,0.07786854477529326,-0.0006444647649875247,1.5,2.0,-0.5608395813059881,0.00019050398931441627,0.05363920357233977,-0.5608395637129758,-0.0005193597715087333,0.5459098380524187,1.352963629980195e-05,-0.4081247684746565,-1.9999635322811398
5.888502063932773,0.0017448636841674195,1.9991230066317187,1.0435193433652097,5.123781756971296e-06,-0.007063343988771545,0.007057354430009322,-0.038942441732584494,-2.3773284008536243e-06,-0.00037950900869751844,0.3079957043520312,-0.0022578602601164783,1.5,2.0,-0.36918275816436946,0.0021846447697157975,0.07346143841062858,-0.3691827465053906,-0.0001898454998002596,0.5219885619361732,2.5630147519557845e-06,-0.4564759019737501,-1.9999984422051924
5.991570680944122,0.0017446479760051352,1.998800423754713,1.0240092481256284,-2.8832969029067936e-06,0.0007359471454315019,0.007038998367083217,-0.0016555434438465001,-1.0269872077857467e-06,1.7478251912309004e-05,0.43772394148475596,-0.0029680001890981388,1.5,2.0,0.00021595613553861557,0.003149421939726519,0.06690727328392954,0.0002159475178764401,8.884022994527008e-05,0.5123119026571169,-1.442513654009823e-06,-0.475988697899165,-2.00000442377666
6.094640228580422,0.0017445102194745526,1.9992027005078652,1.0435270976842548,-4.336897810280899e-06,0.007196904508030241,0.007059936495135692,0.03575193860080327,1.9865676925299486e-06,0.00039548420901481943,0.31040754732352793,-0.0022426492809389,1.5,2.0,0.3686908997527432,0.0022880281729609517,0.0536076295147616,0.36869088995191646,-7.020777646278056e-05,0.521971632700958,-2.169313701496692e-06,-0.4564768754481707,-2.000001357042325
6.201249983788844,0.0017432686149090463,2.000172819530869,1.0918601540778683,-2.4322719557949397e-05,0.012052170944831787,0.007101141919358783,0.05534733951505593,-4.645779350389971e-06,0.0004289216185528996,0.0814897251529855,-0.0006632920080058681,1.5,2.0,0.5530222584789447,0.0011778075376044552,-0.0851785675845871,0.5530222422068066,0.0004473423809687623,0.5458829074249488,-1.2160309009525574e-05,-0.40813055434724355,-2.000031291367
6.313275904842861,0.0017419848968564194,2.0009482348696364,1.148865842416431,3.4768558746336653e-06,0.0034474221005756332,0.007127963058033475,0.05683312402746059,-3.584092518203752e-06,0.00010595946525058675,-0.05177462903056121,0.000473489251942207,1.5,2.0,0.5647734665390858,-0.0002741026694489782,-0.09823424726767128,0.5647734648784581,0.00027462249888088845,0.5741607016091952,1.7376041089139847e-06,-0.3511269893888982,-2.000001899270057
6.430897338718157,0.0017432566991811514,2.000807137037645,1.2026546415302848,1.9843838599090434e-05,-0.006216210283685488,0.007121247919198885,0.05141181264682537,6.120066945036117e-06,-0.00025075002323726004,-0.05664746447403724,0.0004931596442015177,1.5,2.0,0.5145396990323609,-0.0008546644406661678,-0.011542888540219644,0.5145396891637,-0.0002565648958879005,0.6010847418861727,9.91791674057642e-06,-0.2973575985755139,-1.9999709760235282
6.553658961102539,0.0017451566896466368,2.000131581057867,1.2519963698910324,6.625517434903207e-06,-0.007266870973264598,0.00709183986609535,0.04804330251259612,7.17583088587172e-06,-0.00033880673658784956,-0.010720883472402616,6.94277291754899e-06,1.5,2.0,0.4826089812608349,-0.0003891141921899084,0.04826668043758641,0.4826089812144569,-0.0003803503279648168,0.6259570029032057,3.3125407836413342e-06,-0.24801798173211997,-1.9999826106847438
6.681262975269154,0.0017453154730835661,1.9996462326078872,1.3001115862304475,-6.885626733012992e-06,-0.002445539852373484,0.007066841597618062,0.04839046536973825,-1.138518432205376e-06,-0.0001531452355339337,0.017662792347602395,-0.00022207572836312726,1.5,2.0,0.48419153611923016,0.0001824053856224891,0.04453823540754855,0.48419153457752706,-0.00010869173215868208,0.650170797728994,-3.443422451796853e-06,-0.19988613673171596,-2.0000085934030856
6.813720643245049,0.0017440830396633895,1.9996227244766775,1.349284815592613,-7.382556504820789e-06,0.0019594958240905617,0.007063481058485222,0.05006288945938499,-6.212598257881433e-06,9.088324940210202e-05,0.015784138810561055,-0.00011552065279111183,1.5,2.0,0.49735858323640303,0.00030792425680959714,0.011616247880142679,0.4973585823764852,0.0001507599962970943,0.6747696948411781,-3.691974698253583e-06,-0.15070275918192433,-2.000016701415295
6.951153739399235,0.0017430493396031024,1.999875643127574,1.39950547789311,-1.6971120977757204e-06,0.0030902292533862554,0.007078210460467022,0.051020973344888025,-4.005132765669888e-06,0.00020144334874071395,0.0033773722048098848,2.4170556963364054e-05,1.5,2.0,0.5038383566128658,0.00013555297168133922,-0.012048447551485904,0.503838356654229,0.00016966276923382004,0.6997962511831213,-8.486088140568749e-07,-0.10048651182932788,-2.0000077047952054
7.093623882780799,0.001742852704903477,2.0001243215775855,1.4498802272932925,1.4062079146407043e-06,0.001883404039047314,0.007095425540841517,0.05109289209253363,-5.71606898445492e-07,0.00013935235145777017,-0.001938547296184586,3.422718856647372e-05,1.5,2.0,0.5024313590889548,2.418737549571062e-07,-0.019053260228254824,0.5024313590404206,5.028336037290049e-05,0.7248950535983226,7.030602545403611e-07,-0.050118629492665656,-1.9999994512021062
7.2411195243757,0.001742996180381699,2.000217588045822,1.5000018426615023,7.570123795599288e-07,-1.6893321475632602e-05,0.007101725390189207,0.051084864834819055,3.3138514309189525e-07,-1.4277466357332006e-05,0.0017781341576220077,-1.5054581775014484e-05,1.5,2.0,0.500604616283,1.1770368192943522e-05,-0.019054220840944266,0.5006046162944922,-1.1001038258436585e-05,0.7499193345894825,3.7846501504844626e-07,1.1798912982197152e-06,-1.9999987459097956
7.393624256081561,0.001743143649872569,2.000120511925356,1.5501224712494972,4.2085535848997666e-07,-0.0019265257924147656,0.007093978464932178,0.05144736179412632,1.636231336011736e-06,-0.0001419991545793711,0.005471807368484595,-1.0346701652523855e-05,1.5,2.0,0.5027765941712175,3.0402963137594464e-05,-0.012037372143787703,0.5027765941756085,1.4229535608616145e-05,0.7750145363777698,2.1041500048657214e-07,0.0501191987888332,-1.9999971247949602
7.5511541973778185,0.0017437516237809338,1.9998673969786729,1.6004930318303356,2.5453099035750613e-06,-0.0031374238629963695,0.007079381857443252,0.05172661702992478,5.667135823112208e-06,-0.0001540952838399734,0.00011372743400814907,5.126416128738296e-05,1.5,2.0,0.5049990549881376,-9.527394477215155e-05,0.0118012712316405,0.5049990548565579,-1.2536560899823891e-05,0.8002995769861054,1.27273933632821e-06,0.10048169758277692,-1.9999889539542455
7.713720630797846,0.00174506736426057,1.9996128489232416,1.6507076269199858,3.953235291566333e-06,-0.0019491192610508693,0.007070103091376424,0.0511172544712946,7.4424277124261396e-06,-3.3307544344968757e-05,-0.01230042285916102,7.038451659269983e-05,1.5,2.0,0.4989626051000354,-0.00027329845910890253,0.045223571557096685,0.4989626048194621,-0.0001561426475119387,0.8255136127020111,1.9770003446892653e-06,0.15069274210610328,-1.99998488306775
7.881262197951625,0.0017459120209329653,1.9996448631376154,1.6998816090555877,3.196918996861748e-07,0.0025976040849416807,0.007075000425883209,0.04979612949274996,-2.9967219614032817e-07,0.00013902539325524895,-0.014122509765347032,-3.819457361419857e-05,1.5,2.0,0.48440513696291176,-0.0001633494908011018,0.04923405456903536,0.4844051369752236,-0.0002288146172128949,0.8500917539869188,1.5987433847855895e-07,0.19988220840004733,-2.000000129816305
8.053658157201026,0.0017444886284391581,2.0001510740609807,1.748010237599278,-7.201780788372204e-06,0.007523707556796688,0.007092154662816812,0.04980818440103016,-1.3721727876457622e-05,0.00021739550779061959,0.014361701990273056,-0.00023168643838249664,1.5,2.0,0.4798194911147834,0.00044255111886942614,-0.011693529384413126,0.47981948943235037,3.4192373575200526e-05,0.8739391040348908,-3.600618414163167e-06,0.24803768119624459,-2.0000277841843164
8.230897862194952,0.0017411964196455034,2.0008428963092313,1.7973628926398983,-9.368142852924967e-06,0.006282150138387651,0.007108403488645907,0.05354675885379516,-1.55630564425917e-05,0.00010948922770595592,0.06040764049029438,-0.00033616683795788856,1.5,2.0,0.510060855122225,0.0011045492368685,-0.10067276556103329,0.5100608519461073,0.0004951823459559342,0.8983028582380588,-4.682098164831186e-06,0.2973940189344386,-2.0000327124853072
8.413277225143544,0.0017398075189043632,2.0009630571898223,1.8511320124949946,5.503512848644634e-06,-0.003926052890523609,0.007109345334431696,0.05934848386095409,2.1683265286645123e-06,-0.00011095714980673507,0.05562644418561438,-0.00013489318147987662,1.5,2.0,0.5653888560907331,0.0006315871625211229,-0.08876961086299062,0.5653888568396972,0.0003796696345390704,0.9251205342565133,2.7504320126598624e-06,0.35112767584546356,-1.9999912439926568
8.601249810396343,0.001742897339068495,2.000124980441157,1.9081121781469759,1.7297282946581682e-05,-0.012819930185322938,0.007092476967750889,0.058236200101947896,1.983925384902468e-05,-0.00024720191782717267,-0.07786905637056056,0.0006453450686889091,1.5,2.0,0.5608406490730825,-0.001704535532097007,0.05362612796440006,0.5608406378123867,-0.0004623363451358288,0.95399647362342,8.648101051548544e-06,0.40807249993447714,-1.9999529434426857
8.794639297953232,0.0017465381429238262,1.9991228713373437,1.9564806896205038,-1.232312765366439e-05,-0.007067782215284628,0.007070640137524365,0.038942425222635586,1.7137940964823446e-05,-0.00018211173805907966,-0.30799715596076266,0.0020323254509208607,1.5,2.0,0.36918535092036003,-0.004329247979177479,0.07350693667736916,0.369185376160556,-0.0003219896435163296,0.978669554368955,-6.164267254578827e-06,0.45644641395885754,-1.9999866159224986
8.991570632683013,0.001747299068001694,1.9988000720590586,1.975990708359798,-2.14734431804607e-06,0.0007360081120459247,0.007061516748014074,0.0016555266001265579,-1.227282485699351e-06,1.2999362607128743e-05,-0.43772480051179685,0.002868271464060909,1.5,2.0,-0.00021620454900961574,-0.005841467802779316,0.06695012728685767,-0.00021619834649555235,-0.00013390145920632736,0.9885884716445085,-1.0743167103421148e-06,0.4759931629258991,-2.00000398826654
9.18850099220589,0.0017460765260550208,1.999202565336899,1.9564730069485068,1.3202326934780543e-05,0.007201214643090632,0.007072463372661714,-0.035751912913296074,-1.7774262630472287e-05,0.000194873803370949,-0.3104076523053038,0.002086440459726965,1.5,2.0,-0.36869118521073224,-0.004306791937195379,0.05359277408299272,-0.368691212968466,-0.00019333094662744963,0.9786266989002229,6.6037965155150404e-06,0.45650855571070914,-2.000013458751085
9.38189124617027,0.001742651402038623,2.000173043349334,1.9081399081906338,-1.5650421341565537e-05,0.01205506957374182,0.00709445722176158,-0.055347331920040314,-1.8251833159444263e-05,0.00023960457896056713,-0.08149097144471766,0.0006791848605847463,1.5,2.0,-0.5530212606927029,-0.0007939562602074484,-0.08522404988874893,-0.5530212499716141,0.0005131866510898347,0.953987413506689,-7.824533679025371e-06,0.40817641210679767,-2.0000430278379495
9.569865630804934,0.0017398874795975065,2.0009485401670988,1.851134250437708,-5.460490548136503e-06,0.003445823430832001,0.007110322774618104,-0.056833271147697303,-1.1357215604039035e-06,9.683972717121167e-05,0.05177536099930686,-0.00012660861198670708,1.5,2.0,-0.5647742106554269,0.0006829506146531629,-0.09825209775959241,-0.5647742113527962,0.0004465388673704026,0.9251283645121229,-2.7289510142427245e-06,0.3511365218817959,-2.0000071640715986
9.75224421470858,0.0017412954759221774,2.000807193407741,1.797345432405774,8.766203003087287e-06,-0.006219601749617517,0.007108463612716722,-0.051412012789965114,1.5064527295118068e-05,-0.00011622732579199052,0.056649365782130805,-0.00032092073036255595,1.5,2.0,-0.5145413687913837,0.00045028470705548026,-0.011519786338067502,-0.5145413659544523,-0.00013137484507423484,0.8983101611827803,4.381333209901569e-06,0.2973153035213898,-1.999968636779115
9.929482581080846,0.001744416471920469,2.0001314116290003,1.748003611015711,6.801946272764638e-06,-0.007267997118049515,0.007092020803817133,-0.04804336765721332,1.2864371300198328e-05,-0.00021483741565803775,0.0107215258733669,-0.00020155856953433163,1.5,2.0,-0.48260949242307205,-2.740107519557327e-05,0.04829296476921791,-0.482609491040798,-0.00038262587816117,0.8739443822803898,3.4007496873542e-06,0.2479778823972303,-1.9999739013312856
10.101878571340482,0.0017457228783190719,1.999646081150622,1.6998883746323443,-3.559215824112793e-07,-0.00244407131262995,0.007075235118390247,-0.04839038174390455,4.5428506577147376e-08,-0.00013319476848074974,-0.01766344819989242,-5.428598685510607e-06,1.5,2.0,-0.48419092718329587,-0.0001825122625682119,0.04454115561009698,-0.4841909271852439,-0.00019181622428933735,0.8500946195709826,-1.7799228861863267e-07,0.1998882837753324,-2.0000002877788203
10.269421048386357,0.00174488499703607,1.999622744054852,1.6507149787853361,-3.7844998826631067e-06,0.0019612498477147274,0.0070707598856918855,-0.05006279606542669,-7.190477502541767e-06,3.6614661190444876e-05,-0.01578502410077252,9.741355433074963e-05,1.5,2.0,-0.49735784874487643,-8.293097385806206e-05,0.0116014118203384,-0.4973578483731516,7.920714229406279e-05,0.8255132042747235,-1.892606939941514e-06,0.15072935977911817,-2.0000145701644336
10.431987919396628,0.0017436251456060914,1.9998757637442086,1.600494434959393,-2.4218804078468464e-06,0.003090522186939268,0.007080157296547829,-0.051020925361726616,-5.418063834395293e-06,0.0001531259627065497,-0.003376831822875502,7.353328534109202e-05,1.5,2.0,-0.5038379304597875,3.207096508491141e-05,-0.01206036324485568,-0.5038379302802086,0.00015074531243678647,0.8002969304267753,-1.2110154299347835e-06,0.10050527110907814,-2.0000105489468036
10.589517773880873,0.0017430383180268337,2.0001244126136166,1.5501197656088395,-4.5268238925547804e-07,0.0018825207410077109,0.007094510973116982,-0.05109285549003209,-1.65899619874995e-06,0.00013778488129039185,0.001938797311555664,1.1733298956029045e-05,1.5,2.0,-0.5024309979602607,4.1052915864419995e-05,-0.019056295856921233,-0.5024309979549046,5.939344437187744e-05,0.7750116721905594,-2.2632711565374363e-07,0.05012308360330131,-2.000002941173935
10.742022141438532,0.0017428649054748056,2.0002175759339393,1.4999981720791977,-8.7712363912054e-07,-1.8082666565505097e-05,0.007101766998889564,-0.05108483288806539,-5.129923579273939e-07,8.5057840906547e-06,-0.0017781868281823078,1.0020949786619298e-05,1.5,2.0,-0.5006045506518157,-2.649810760643648e-05,-0.01904958717336708,-0.5006045506429524,-1.1340557923371592e-05,0.7499175040389395,-4.385141145012659e-07,-8.019358890276607e-07,-2.000001646611913
10.889517416950003,0.0017426941895283662,2.000120404097913,1.4498775300931153,-1.450815972511846e-06,-0.0019272584881101058,0.007094902833440007,-0.051447340616926615,5.408734936056581e-07,-0.00014470499253641498,-0.005471635716365576,6.24987757082816e-05,1.5,2.0,-0.5027768581718239,-8.618048845775576e-05,-0.012025238995311912,-0.5027768580803877,5.196607793457709e-06,0.7248951248747617,-7.253643178377493e-07,-0.050123551653652676,-2.0000006395054397
11.031987477604858,0.0017429129356905872,1.9998672767933625,1.3995069651037617,1.8472095885562956e-06,-0.003136937869614034,0.007077298069537799,-0.051726636652621893,4.307858128389519e-06,-0.00020350402413446878,-0.00011361153228366745,5.233725015479701e-05,1.5,2.0,-0.5049992432845601,-6.590270933084267e-05,0.011814577559131649,-0.5049992433820502,7.958976104298354e-06,0.6997999223967334,9.236660902408273e-07,-0.10050165059857696,-1.999991690984661
11.169421013107502,0.0017440151400226849,1.999612842773186,1.349292446894537,7.665036013821723e-06,-0.0019472814066305276,0.007062657040988562,-0.05111732888315781,6.577580207120471e-06,-8.69619409257547e-05,0.012299783408838858,-9.311989043714116e-05,1.5,2.0,-0.49896227315601166,4.396341211291961e-05,0.04522166576333465,-0.498962272436281,-8.27322967420831e-05,0.6747768458134402,3.833260044075022e-06,-0.15072070823342876,-1.9999824685504108
11.301879293001592,0.0017452788178196935,1.9996450261175527,1.3001182651647873,6.951009500294131e-06,0.00259925132647143,0.007066676406777529,-0.04979621091924696,9.266416312437276e-07,0.00016168634758515605,0.014121119320647565,-0.00020635374397590917,1.5,2.0,-0.48440453347840867,0.0001237675080889382,0.049206673909816534,-0.4844045320321488,-0.00014674124306359725,0.6501745300709975,3.4761217163578228e-06,-0.19988358811783113,-1.9999916590271944
11.429483310807013,0.0017450179142031248,2.0001512637310115,1.251989611289871,-7.310765388864432e-06,0.007522596872084149,0.00709240933141696,-0.04980814076403957,-8.143539651397067e-06,0.0003439603262273813,-0.014360991304522454,2.6970654820354066e-05,1.5,2.0,-0.4798193820706612,-2.4710238084730396e-06,-0.0117174787082305,-0.47981938187184503,3.157681887546956e-05,0.6259474640705193,-3.655106251927761e-06,-0.24799410158108848,-2.0000195260085487
11.5522435869996,0.0017429249305250512,2.0008428535587583,1.202637029947897,-2.0993811349472027e-05,0.006278606295135,0.007121638583784675,-0.05354656440935518,-6.771937792260548e-06,0.000242442865695489,-0.06040539480527253,0.0005320627551594153,1.5,2.0,-0.5100615264032331,-0.0002790466904600886,-0.10065390171912844,-0.5100615151377966,0.00036629735394503113,0.601065209998302,-1.0492483861054761e-05,-0.2973494261421241,-2.0000311516721787
11.669864189608347,0.0017416160269222514,2.0009627524894507,1.1488679508322308,-3.243644843307909e-06,-0.003927738770330248,0.00712680174284108,-0.05934831607148456,4.5491842015326535e-06,-0.0001264044195633515,-0.05562508154776691,0.000521054069943843,1.5,2.0,-0.5653895807289576,-0.0003944292380755544,-0.08872195815974707,-0.5653895790238391,0.00020950739517019973,0.5741575895917572,-1.621042090499888e-06,-0.35114114752065095,-1.9999964198478462
11.781891292811485,0.0017431804247327164,2.000124728082412,1.0918877798794473,2.7058055902438803e-05,-0.012816807328663768,0.007098282861536666,-0.058236156025535696,6.2670047989828514e-06,-0.00044167432793975253,0.07786797163564257,-0.000644496400529503,1.5,2.0,-0.560839189871255,0.00019047034038732963,0.053639560459443,-0.5608391722792674,-0.000519428273229282,0.545909844795668,1.3528184278977584e-05,-0.40812475410069426,-1.9999635413976236
11.888501805756862,0.0017446648907394754,1.9991230004397835,1.0435193651267947,5.11976814078827e-06,-0.007063254816980001,0.0070573520896870644,-0.0389424439216028,-2.3822340452175036e-06,-0.0003795732516848677,0.3079953992955616,-0.0022578380354075158,1.5,2.0,-0.36918274152823743,0.002184652120678497,0.07346042424284058,-0.36918272987850614,-0.00018981482034950768,0.5219885744385077,2.561007071431813e-06,-0.4564758704008587,-1.9999984535772521
11.991570424948401,0.0017444485180330182,1.9988004213437638,1.024009262461426,-2.884903919368482e-06,0.0007359345932726183,0.00703899148583837,-0.0016555530309261784,-1.0287673791647493e-06,1.7452744018304365e-05,0.4377240990497288,-0.002967955082302036,1.5,2.0,0.00021586231445886242,0.0031494498930909175,0.06690637471194395,0.00021585369212470033,8.891467500335698e-05,0.5123119104472671,-1.4433176462055195e-06,-0.47598868000302197,-2.0000044280539298
12.094639973489027,0.001744310818662718,1.9992026923790605,1.0435271087163795,-4.334795700769183e-06,0.007196802449462559,0.00705992863921474,0.03575194542614861,1.9891151009226504e-06,0.0003954887028766908,0.310407718647792,-0.0022426044424892974,1.5,2.0,0.3686910003115405,0.002288051761579781,0.05360856576662195,0.3686909905156602,-7.013704565053807e-05,0.5219716403415691,-2.168262236387225e-06,-0.456476869510855,-2.0000013511190926
12.201249730262614,0.0017430700183321732,2.0001728058773973,1.0918601759891293,-2.4318015601036908e-05,0.012052162265291232,0.0071011375334804295,0.0553473378547628,-4.64020813695929e-06,0.0004289838509962778,0.08148938456754781,-0.0006632725044036808,1.5,2.0,0.5530224226839816,0.0011778051367847134,-0.08517530434016114,0.553022406415469,0.00044736144749430866,0.5458829221059093,-1.2157957317277668e-05,-0.40813054357844836,-2.0000312783062753
12.313275650533521,0.0017417873661281977,2.000948236864713,1.148865856671592,3.4806341046324514e-06,0.00344774056209767,0.0071279685281947025,0.0568330681180696,-3.5797399613121988e-06,0.00010609572023178882,-0.05177537357074357,0.00047345326983243806,1.5,2.0,0.5647730954382549,-0.0002741361445633948,-0.09823120297065678,0.5647730937759491,0.0002745473322370661,0.574160708160922,1.7394923269410802e-06,-0.35112698383887464,-2.000001888963023
12.430897069922638,0.0017430592638133689,2.000807187105307,1.2026545796096368,1.984323072795455e-05,-0.006215586221663075,0.007121266643665939,0.05141171714460044,6.117190374459138e-06,-0.0002506134626052079,-0.05664751278767541,0.0004930581850326602,1.5,2.0,0.5145386049061308,-0.0008547026992500755,-0.011545977817455725,0.5145385950398023,-0.00025672622591979403,0.6010846958969558,9.917612679442138e-06,-0.297357654743047,-1.9999709809462904
12.553658699328865,0.0017449579197201376,2.000131677172161,1.2519962343288504,6.617115200120794e-06,-0.007266556249867808,0.007091863254392565,0.048043304460889544,7.163202855795548e-06,-0.00033884037838368607,-0.010718887570725737,6.837229936233562e-06,1.5,2.0,0.4826083626561722,-0.0003891160983678974,0.048253323185731105,0.4826083626105571,-0.00038048546181276377,0.6259569050468495,3.308339783646768e-06,-0.2480180920383772,-1.9999826380292047
12.681262708913032,0.0017451137327306044,1.9996462928799954,1.300111534549274,-6.8974261424278994e-06,-0.002446565630200738,0.007066845705328344,0.04839072898254953,-1.1537882002552858e-06,-0.00015349466682362752,0.017666029228460497,-0.00022206007712289672,1.5,2.0,0.4841933215057099,0.00018246433543598977,0.04452135537068535,0.48419331996147363,-0.00010861226000583198,0.6501707522867882,-3.4493230962831255e-06,-0.1998861578733273,-2.000008628107111
12.813720237162505,0.0017438789187409348,1.9996226073273398,1.349285236952756,-7.3596182896861445e-06,0.001956773739981641,0.007063440675784465,0.050063315053682944,-6.213687312365567e-06,9.032928726827665e-05,0.01578414349713659,-0.00011527419543067857,1.5,2.0,0.4973627899489113,0.0003079795584525931,0.011616959570913195,0.49736278909349424,0.0001511505537167456,0.6747699450928827,-3.680503642396242e-06,-0.15070233564366187,-2.0000166801106483
12.951153434012966,0.0017428502357102597,1.999875255277495,1.3995060524705674,-1.6625110932211032e-06,0.0030875905759933293,0.007078133419305104,0.05102094956780615,-3.972052747377016e-06,0.00020122953456996865,0.003368385144130087,2.4670999846609697e-05,1.5,2.0,0.5038404222397357,0.00013527818858824074,-0.012002984359466964,0.5038404222810946,0.0001700942291127441,0.6997966742062506,-8.313073972158427e-07,-0.10048600341210512,-2.0000076205744373
13.09362362584889,0.0017426638880044458,2.000123897881245,1.4498804801178016,1.4436972674311194e-06,0.0018853307458380248,0.007095371539423671,0.051091759662465014,-5.131660675218509e-07,0.00014000111103305295,-0.0019517291537931804,3.43905856982983e-05,1.5,2.0,0.5024240937806757,-3.6557270974643544e-09,-0.018977919891424028,0.5024240937306097,5.027672705902513e-05,0.7248953335609246,7.218039187274575e-07,-0.05011849354986597,-1.9999993260515705
13.241119231646136,0.001742817903767672,2.000217734519424,1.5000009585349163,7.817458400651337e-07,-7.425023483232778e-06,0.007101783174441225,0.051083045108238294,3.669913273364921e-07,-1.2667182717851763e-05,0.0017775671900271536,-1.557664506002077e-05,1.5,2.0,0.5005883433891267,1.1780652413715653e-05,-0.019024091796419892,0.5005883434014059,-1.1780406887019771e-05,0.7499188376585958,3.9083037140102016e-07,2.245523624821999e-07,-1.9999986677670343
13.393623800680416,0.0017429665585705649,2.0001217553133572,1.5501204920550165,4.040167089661124e-07,-0.001914077234605406,0.007094195460501794,0.0514471035481491,1.597811976584678e-06,-0.00014034927249355336,0.00550359266369678,-1.1525971876191662e-05,1.5,2.0,0.5027685126700693,3.0894847571387375e-05,-0.01214676762027057,0.5027685126747651,1.2878065364889158e-05,0.7750130650482128,2.0199605743642115e-07,0.05011729643297791,-1.999997199262773
13.55115356277212,0.00174355816646095,1.9998693357880055,1.6004921198568363,2.4766875293480195e-06,-0.0031359931267947896,0.00707966953767952,0.051730603176900695,5.5446252275084234e-06,-0.0001542449263432158,0.00016681597433078886,5.016085494509738e-05,1.5,2.0,0.5050253398922596,-9.45491526359685e-05,0.011550260355623416,0.5050253397669828,-1.3592447686750848e-05,0.80029834510473,1.2384246735660527e-06,0.10048103062943836,-1.9999892063438864
13.713720130891407,0.0017448438959778237,1.9996136722559954,1.650711055684489,3.867140598101927e-06,-0.001972832210902743,0.0070702110003665695,0.05112423749136446,7.302845274044179e-06,-3.673556436072367e-05,-0.012293577828278168,7.072489941511614e-05,1.5,2.0,0.49902045372110015,-0.00027342001071932573,0.04500900751705621,0.4990204534453098,-0.00015569732901154758,0.8255149875136286,1.9339438671365746e-06,0.1506964500339396,-1.9999851785381593
13.881262444814183,0.0017456659132152324,1.9996422405359822,1.6998893174846477,3.071435518641883e-07,0.0025525542885477437,0.007074648756440621,0.049797617526198046,-3.2386526738740903e-07,0.0001331472150585637,-0.014239235472809397,-3.545611454485434e-05,1.5,2.0,0.4844242999061724,-0.00016524633254135166,0.049330437995884685,0.4844242999171529,-0.0002260180258494612,0.8500967238164617,1.5359925172507948e-07,0.19988996521526103,-2.000000178654244
14.053659064120014,0.0017442599056908764,2.0001444380758917,1.7480128865600761,-7.087825254780432e-06,0.00748862689712045,0.007091314705599074,0.04979407465286416,-1.3509415183985384e-05,0.00021327072156940405,0.014166513540862222,-0.000227489319543405,1.5,2.0,0.47970809357064564,0.00043954186117826303,-0.011144930376970617,0.47970809194483255,3.858075071809626e-05,0.8739433279336755,-3.5436567079119604e-06,0.24803990552732147,-2.0000273517655254
14.230898246717551,0.0017410422899803914,2.000835504438401,1.7973478842855086,-9.145213232338712e-06,0.006302192133703769,0.007107539632957277,0.05352209975023414,-1.5123926925854574e-05,0.00011290351413950162,0.060391879808302976,-0.00033426681290000133,1.5,2.0,0.5098624176823776,0.00110409537792184,-0.09990580622470752,0.5098624145993716,0.0004981790232263031,0.8982986758774015,-4.570697197271902e-06,0.29737813231090904,-2.000031830874887
14.413275318634412,0.0017397607876717981,2.000961491154523,1.8511037944458864,5.710944366815905e-06,-0.0038297660978438204,0.007109337092972633,0.059344405465931206,2.5986005088765645e-06,-9.723567882022247e-05,0.05605380765254998,-0.00013983356083344863,1.5,2.0,0.5653837185339696,0.0006368447413810708,-0.08820682141999232,0.5653837193396267,0.0003757049359159473,0.9251071560491796,2.8541000874138666e-06,0.3510985972499332,-1.9999903911481172
14.601245835558727,0.0017429082589500574,2.0001358068767967,1.9081075532875762,1.7356367958274792e-05,-0.01266890557610798,0.007094046321122202,0.058285139284443656,1.9750307250301054e-05,-0.00022877313116082508,-0.0772361679347288,0.0006324343441777526,1.5,2.0,0.561343342543142,-0.001697606517761056,0.05393278893198369,0.5613433314699827,-0.00048025626573187176,0.9539889975106629,8.67759474061748e-06,0.408068052965634,-1.9999530177810936
14.794638085203129,0.0017464223711769157,1.9991503055503412,1.9565444320259033,-1.2721314134730868e-05,-0.006886659198438962,0.007073479345488098,0.03901582571158096,1.59928768119178e-05,-0.00017409944839387345,-0.30814097351839387,0.002021603597053011,1.5,2.0,0.3698629942117217,-0.004328019206697036,0.07230692412908385,0.3698630201301676,-0.00034174935731112114,0.9786880088975055,-6.3633605234244e-06,0.45651244646410993,-1.9999887317431457
14.991578338932218,0.0017468175555082372,1.9988396817181098,1.9760902827085927,-3.1715343655636637e-06,0.0007989860353195217,0.007063785894293546,0.0016332057920686854,-3.0243444989546216e-06,-5.91203274211281e-06,-0.4394954402701087,0.0028815706924408637,1.5,2.0,-0.00044897691780454603,-0.005852817823960584,0.06161136499832027,-0.00044896771446439177,-0.00011848580953353953,0.9886186975285768,-1.5866877141630287e-06,0.4760963314044506,-2.000007708041967
15.188514844289404,0.0017452583793452561,1.9992217448707688,1.9564650048574024,1.2366261495916348e-05,0.006728654698771984,0.00707140035270004,-0.03597358826642756,-1.8167990125462885e-05,0.00014786424700329186,-0.31262380126162564,0.002130091018430827,1.5,2.0,-0.37063480212698524,-0.004334601178566724,0.04678719268815528,-0.3706348286710307,-0.00013507037659892654,0.9786133078418822,6.185537711183565e-06,0.4565013410852079,-2.000014885393615
15.381892637380481,0.001742041637376619,2.000110793553029,1.9078925961512128,-1.4546969091079849e-05,0.010898298567957859,0.007088559491726441,-0.05562070054754292,-1.540597564593204e-05,0.00019287554797431042,-0.08030821192887401,0.0007063543546506702,1.5,2.0,-0.5558804731303282,-0.0008155329048248502,-0.08156917983690486,-0.5558804627664077,0.0005437363034421977,0.953893455453036,-7.2730816402617274e-06,0.40792340828051143,-2.000037655695215
15.569832387577675,0.0017401307924982104,2.0007890981620933,1.8507574246671716,-2.2232786018910797e-06,0.0026624075718588375,0.007102251537233446,-0.05668241649012298,2.9841038182956162e-06,0.00010160876958028803,0.059077030186165135,-0.00018874504912817948,1.5,2.0,-0.5644825330274138,0.000728299427514538,-0.07722609570028145,-0.5644825334506962,0.00037594009430506366,0.9250137490089588,-1.1112008776604006e-06,0.35075145646621375,-1.9999977471139694
15.752187091947087,0.0017422196271255446,2.0006750700756557,1.79736994903804,1.0899516118800598e-05,-0.0048847792075636665,0.00710517426567634,-0.050495193162017026,1.5010475640696698e-05,-2.9859842317916557e-05,0.06466601971401345,-0.00045027548700590114,1.5,2.0,-0.5065931864039129,0.0005712935246635642,0.009359781774321481,-0.5065931814550737,-0.000244788114853216,0.8983817392046937,5.447919195788465e-06,0.2973399282557454,-1.9999665845451065
15.929475065007933,0.0017448229803239009,2.0002373412773973,1.7489880889632696,3.6504329299515383e-06,-0.0038427144289680712,0.007099437399987397,-0.04703108911498766,6.609467048315448e-06,-9.314654028678648e-05,0.004613121392987677,-0.00020969390369299546,1.5,2.0,-0.4721270995590231,-4.4265156332022886e-06,0.037222553433223775,-0.4721270987872811,-0.0003741819850275636,0.874390280028632,1.8249998910730706e-06,0.24897487006193675,-1.9999864353228125
16.102002326581097,0.001744612060166955,2.000038319081068,1.7012421459642746,-9.056108031926406e-06,-0.0001562624005751249,0.007090751234346,-0.049137608090583255,-5.19237931608006e-06,-9.16682748196694e-05,-0.04674411431758594,0.00027278465823966057,1.5,2.0,-0.48906717003276684,-0.00044633709864292997,-0.00743838681704869,-0.4890671675419385,2.157936874092848e-05,0.8506047757854571,-4.527967262190906e-06,0.20125253074312743,-2.000016844650045
16.269609264445037,0.0017430899954392995,1.9999817818277736,1.6501952964812512,-6.36294877608933e-06,-0.0010115632645451265,0.007081945662958332,-0.05361892704252908,-2.8911573542781136e-06,-8.191055294119639e-05,-0.04287968898102399,0.00040829266661323015,1.5,2.0,-0.5302623119717428,-0.00044599158783715685,-0.027392412023730106,-0.5302623093516988,0.00023350219954562367,0.8251051641946187,-3.1815033686328195e-06,0.15020107880222877,-2.0000106996764484
16.43194303326917,0.0017432713085886705,1.9997417918400815,1.5964519624321374,1.1955507143760182e-05,-0.0037898362689169087,0.007075017348453631,-0.053960851084035186,2.4270035357114433e-06,-5.0954415122050416e-05,0.03604213230670826,-0.00025360909131586,1.5,2.0,-0.5350920785607409,0.0002685612731691442,0.034655301412337254,-0.5350920755028893,-0.00013976212545048885,0.7983290487534127,5.978525423904457e-06,0.09644710842948379,-1.999984403981662
16.58902489865505,0.0017441939556392043,1.9995415479321772,1.5467994444206847,7.5941324769177826e-06,-0.0001382527102043669,0.007075074574471701,-0.044284170841110394,-3.182521528400456e-06,4.840981796273887e-05,0.15748583670717067,-0.0012275034259829772,1.5,2.0,-0.4387124811638391,0.0016727616883250587,0.05351913437104413,-0.4387124717670843,-0.00024120217021553284,0.7735770462085697,3.797936824454207e-06,0.04680580947133772,-1.9999971796396874
16.74179861938242,0.0017431410657014312,1.999806339961094,1.5118051342100787,-1.653334918859664e-05,0.005540165053068703,0.007085103187865345,-0.02536777478353194,-5.838093015645783e-06,0.00015105474844857617,0.22083222693853602,-0.0015038628694339562,1.5,2.0,-0.2508453584448777,0.0019510974683770036,0.05982365556166969,-0.25084538349236424,-0.00033923816254865206,0.7559757682533853,-8.26747513407638e-06,0.011816810421672486,-2.0000252904546283
