time,state_x,state_y,state_z,state_v_x,state_v_y,state_v_z,state_phi,state_theta,state_psi,state_omega_x,state_omega_y,state_omega_z,state_wx,state_wy,control_PWM1,control_PWM2,control_PWM3,control_PWM4,output_x,output_y,output_z,output_v_x,output_v_y,output_v_z,output_phi,output_theta,output_psi,output_omega_x,output_omega_y,output_omega_z,output_wx,output_wy,output_Ax,output_Ay,output_Az,output_Axt,output_Ayt,output_rx,output_ry,output_Wax,output_Way
0.0,0.0,0.0,2.0,1.0,0.0,0.0,0.0,0.0,0.0,0.0,0.0,0.0,1.5,2.0,4.328771890952283,4.583789632389202,4.7725563451909006,4.344271885839752,0.0,0.0,2.0,1.0,0.0,0.0,0.0,0.0,0.0,0.0,0.0,0.0,1.5,2.0,0.01740341106856945,0.06961364427427776,-1.4008867835507608,0.01740341106856945,0.06961364427427776,0.5,0.0,-0.5000000000000002,-1.9999999999999998
0.1,0.1000808620930734,0.0003288215800077043,1.9930036742660184,1.001504643788912,0.00466645373801372,-0.1398458322168232,0.002679034007907354,-0.0008634544745963587,0.0015299542024479452,0.053598924785596844,-0.01721553437536136,0.030619895569342418,1.5,2.0,5.915457708439249,5.904542397175378,5.78212246575794,5.862048778469027,0.1000808620930734,0.0003288215800077043,1.9930036742660184,1.001504643788912,0.00466645373801372,-0.1398458322168232,0.002679034007907354,-0.0008634544745963587,0.0015299542024479452,0.053598924785596844,-0.01721553437536136,0.030619895569342418,1.5,2.0,0.008151178502489366,0.009304036066645427,1.138781635289273,0.008007909838839125,0.04005206015746663,0.5025101843616746,0.002341417528862448,-0.5015535078526787,-1.9930362750942232
0.2,0.20024215679343516,0.0010542311760986898,1.9847059862557532,1.0015002346238102,0.004125114988258552,-0.026178952292685707,0.0076811684555261476,-0.0022471174631120204,0.0032663521605911646,0.04648909140417304,-0.010308399661681676,0.004247948346435838,1.5,2.0,5.872346854808054,5.697607600656273,5.552709811549969,5.853724662734915,0.20024215679343516,0.0010542311760986898,1.9847059862557532,1.0015002346238102,0.004125114988258552,-0.026178952292685707,0.0076811684555261476,-0.0022471174631120204,0.0032663521605911646,0.04648909140417304,-0.010308399661681676,0.004247948346435838,1.5,2.0,-0.00648443769885274,-0.017301779461070636,0.9070181247397766,-0.006502095099796286,-0.013014895037692644,0.5046088647685244,0.0020784514264708736,-0.5050244562958666,-1.9909646964361225
0.30000000000000004,0.30034547210712564,0.0016624234899338586,1.9866173282573012,1.000522498449848,0.0018087582357480757,0.0643484931626834,0.010466607849438994,-0.0026418089871080535,0.0024617263287040237,0.009177055945688536,0.0022496219878000738,-0.02027014784294155,1.5,2.0,5.381153630321642,5.235846642326571,5.225773460305116,5.409892808751957,0.30034547210712564,0.0016624234899338586,1.9866173282573012,1.000522498449848,0.0018087582357480757,0.0643484931626834,0.010466607849438994,-0.0026418089871080535,0.0024617263287040237,0.009177055945688536,0.0022496219878000738,-0.02027014784294155,1.5,2.0,-0.008666040314660213,-0.013834297406672226,0.09966900312974195,-0.00862899465819739,-0.0343262636785324,0.5036312148387055,0.0009104713877305969,-0.5043964041647024,-1.9944925959073125
0.4,0.4003596283949839,0.0019136533309763763,1.993549911793733,0.9998376138360413,0.00023636347950929513,0.07429820251364551,0.01009735329009148,-0.002203989885035836,0.0005791074675069239,-0.01665420234840937,0.006114470732109717,-0.017472021057434062,1.5,2.0,5.074508092848932,5.0404594946789105,5.09917816563619,5.101729209912367,0.4003596283949839,0.0019136533309763763,1.993549911793733,0.9998376138360413,0.00023636347950929513,0.07429820251364551,0.01009735329009148,-0.002203989885035836,0.0005791074675069239,-0.01665420234840937,0.006114470732109717,-0.017472021057434062,1.5,2.0,-0.0034377511045988684,-0.008456515060443908,-0.337536118836006,-0.0034335798584893755,-0.02610124074097945,0.5015362835517969,0.00011856411425215975,-0.5013203495101478,-1.998894640002334
0.5,0.5003346889949374,0.0018922459728248214,1.999294290102798,0.9997364001818887,-0.0004375513938107649,0.040611673646998386,0.00829079685848666,-0.001738381230463259,-0.000519647158616717,-0.019521523594006877,0.0029893292743109904,-0.004588767423659777,1.5,2.0,5.040530323101063,5.087955823524875,5.131262688062895,5.048692951739961,0.5003346889949374,0.0018922459728248214,1.999294290102798,0.9997364001818887,-0.0004375513938107649,0.040611673646998386,0.00829079685848666,-0.001738381230463259,-0.000519647158616717,-0.019521523594006877,0.0029893292743109904,-0.004588767423659777,1.5,2.0,0.0009129012595105163,-0.004248830145621814,-0.33966431278520715,0.0009108768576251551,-0.008874271366974185,0.5000446433178605,-0.0002188529202413054,-0.4992241030227793,-2.0012167520634923
0.6000000000000001,0.6003161655856848,0.0017789725240104643,2.001659321807928,0.9999136976790777,-0.0004887452995316486,0.006710365441650288,0.006848538499639228,-0.0016135750907565287,-0.0005917461831017786,-0.009326291488908685,-0.0005068205759599905,0.003127472653669878,1.5,2.0,5.141649431114595,5.201622567970483,5.20899704439048,5.140547434595626,0.6003161655856848,0.0017789725240104643,2.001659321807928,0.9999136976790777,-0.0004887452995316486,0.006710365441650288,0.006848538499639228,-0.0016135750907565287,-0.0005917461831017786,-0.009326291488908685,-0.0005068205759599905,0.003127472653669878,1.5,2.0,0.00179084170268893,0.0004157549601929429,-0.15910661831551642,0.0017923806745718056,0.0035643050690223788,0.49954239804201095,-0.0002441700714036626,-0.49890254740113704,-2.001376014358847
0.7000000000000001,0.7003153017383944,0.0016996642803593098,2.0015358192250243,1.000054582942621,-0.00020452554924816794,-0.009170782472683386,0.0064189087438641535,-0.0017088250963481814,-0.0002325881744990199,0.0007456302661116136,-0.0013509140089787693,0.004067925518660048,1.5,2.0,5.244688627801777,5.273163433562052,5.2617610520825755,5.241830850811671,0.7003153017383944,0.0016996642803593098,2.0015358192250243,1.000054582942621,-0.00020452554924816794,-0.009170782472683386,0.0064189087438641535,-0.0017088250963481814,-0.0002325881744990199,0.0007456302661116136,-0.0013509140089787693,0.004067925518660048,1.5,2.0,0.0006304170956752246,0.0026040555285802404,-0.005255636587295605,0.0006312544149201114,0.006698238144460331,0.4996436103401001,-0.00010218430631301832,-0.49948020013963124,-2.0005533537105924
0.8,0.8003220569463719,0.0016866208077758594,2.0005924720249473,1.0000654198678611,6.631037703185652e-05,-0.009696163967593005,0.006682767621541263,-0.0018033401825008559,6.669767445743696e-05,0.004542025287799031,-0.0005003775724246259,0.0019299367674960625,1.5,2.0,5.292951037921883,5.288341212525628,5.27740185832669,5.289799497067474,0.8003220569463719,0.0016866208077758594,2.0005924720249473,1.0000654198678611,6.631037703185652e-05,-0.009696163967593005,0.006682767621541263,-0.0018033401825008559,6.669767445743696e-05,0.004542025287799031,-0.0005003775724246259,0.0019299367674960625,1.5,2.0,-0.0003816525452021781,0.001747279315432765,0.05400005959478651,-0.0003817813726084422,0.003690200467487845,0.49988462610559614,3.31453696637871e-05,-0.5000679721445203,-1.9998336386627764
0.9,0.9003261920339537,0.0017114451111382644,1.9998924950969184,1.0000154221587565,0.0001455679635314741,-0.004306942123110946,0.007070121282144368,-0.001815215618464329,0.00015398454356585167,0.00320820534786933,0.0002746913772957415,-0.00018264936210168783,1.5,2.0,5.292214211085035,5.2754391478650495,5.272300776491309,5.289837249054868,0.9003261920339537,0.0017114451111382644,1.9998924950969184,1.0000154221587565,0.0001455679635314741,-0.004306942123110946,0.007070121282144368,-0.001815215618464329,0.00015398454356585167,0.00320820534786933,0.0002746913772957415,-0.00018264936210168783,1.5,2.0,-0.0004752460388128521,0.0001077677857818192,0.04506329542309296,-0.000475219263559494,-7.617149344395017e-05,0.500034589164401,7.278789429349782e-05,-0.5002925291437286,-1.9996234315107928
1.0,1.0003258405706748,0.0017368669989098983,1.9996868273203767,0.9999827431839823,8.36257693152708e-05,0.00019076856185886815,0.007256502464767315,-0.0017835317181880965,9.460196688174989e-05,0.0005172877282853858,0.0003504112078062496,-0.0010095271168160667,1.5,2.0,5.272019247141371,5.2609394579179005,5.263217098691866,5.2715415265189876,1.0003258405706748,0.0017368669989098983,1.9996868273203767,0.9999827431839823,8.36257693152708e-05,0.00019076856185886815,0.007256502464767315,-0.0017835317181880965,9.460196688174989e-05,0.0005172877282853858,0.0003504112078062496,-0.0010095271168160667,1.5,2.0,-0.00011439922041094347,-0.0006807878668194426,0.01594290940861279,-0.00011431418741004024,-0.001697598046272698,0.5000696756721554,4.181943300958337e-05,-0.5002064540373499,-1.9997744623310416
1.1,1.1003240038472364,0.0017459940285835533,1.9997855255051153,0.9999840431588929,9.912619377139247e-07,0.0017823072045128065,0.007232296428484115,-0.001761564698404446,7.2989688401585124e-06,-0.0010045032131077714,7.625491038108952e-05,-0.0007396742876158804,1.5,2.0,5.255707905702067,5.254728463215514,5.2576483544119705,5.256786834537934,1.1003240038472364,0.0017459940285835533,1.9997855255051153,0.9999840431588929,9.912619377139247e-07,0.0017823072045128065,0.007232296428484115,-0.001761564698404446,7.2989688401585124e-06,-0.0010045032131077714,7.625491038108952e-05,-0.0007396742876158804,1.5,2.0,0.0001306081182375595,-0.0005627947863132363,-0.0040935850675053505,0.00013060885673325015,-0.0013077884943245677,0.5000456450980223,4.956841246580915e-07,-0.5000305547388311,-1.9999880602315272
1.2000000000000002,1.2003231081998273,0.0017419508613034289,1.9999433242830047,0.9999978007400119,-3.6213812861473865e-05,0.0013740167636821427,0.007131461200294766,-0.0017627804610253796,-3.6702084113476575e-05,-0.0010137512968099887,-0.0001069046648602537,-0.00014015080101345515,1.5,2.0,5.250659037489939,5.254955651146536,5.256101379517465,5.251926045162458,1.2003231081998273,0.0017419508613034289,1.9999433242830047,0.9999978007400119,-3.6213812861473865e-05,0.0013740167636821427,0.007131461200294766,-0.0017627804610253796,-3.6702084113476575e-05,-0.0010137512968099887,-0.0001069046648602537,-0.00014015080101345515,1.5,2.0,0.00012437015048846737,-0.00013690966185606456,-0.009309693128974067,0.00012436503902003154,-0.00027805627941674007,0.5000130696696212,-1.8107419556230074e-05,-0.4999287940814956,-2.000091265591976
1.3,1.3003233396109244,0.0017346497458762856,2.000034240991143,1.0000051794130882,-2.920032035425694e-05,0.0004449324232399856,0.007063300160641728,-0.001772895901280855,-3.27022597022606e-05,-0.0003493271166043086,-9.48374607631207e-05,0.00022157982309082956,1.5,2.0,5.2532458108068685,5.257024992914374,5.256659485839801,5.253733803783645,1.3003233396109244,0.0017346497458762856,2.000034240991143,1.0000051794130882,-2.920032035425694e-05,0.0004449324232399856,0.007063300160641728,-0.001772895901280855,-3.27022597022606e-05,-0.0003493271166043086,-9.48374607631207e-05,0.00022157982309082956,1.5,2.0,1.9426639061256072e-05,0.00014324656174458596,-0.00599774377640603,1.9433154812512732e-05,0.00036638743572745593,0.4999940295609753,-1.4599910219430215e-05,-0.49992941526544077,-2.0000782526404612
1.4000000000000001,1.4003238348764975,0.001730641446097013,2.000048782575207,1.0000038630590826,-7.150442272237759e-06,-0.00015374503961855122,0.007054618468889237,-0.0017782961408734923,-9.663573125525844e-06,0.0001765115942298524,-9.913227077010923e-06,0.00023994365532025393,1.5,2.0,5.257395937626636,5.258374187968165,5.257653942630669,5.257127616683791,1.4003238348764975,0.001730641446097013,2.000048782575207,1.0000038630590826,-7.150442272237759e-06,-0.00015374503961855122,0.007054618468889237,-0.0017782961408734923,-9.663573125525844e-06,0.0001765115942298524,-9.913227077010923e-06,0.00023994365532025393,1.5,2.0,-4.006476973125463e-05,0.00017536761517339956,-0.0013648353459931022,-4.006304196442837e-05,0.00041699931219824294,0.49998973613608844,-3.5751339339988747e-06,-0.4999768097246282,-2.0000216457085753
1.5,1.5003240243149296,0.0017306983372972638,2.000026589501284,1.0000001243241534,7.281368979270144e-06,-0.00029006574833548635,0.0070781400437449045,-0.0017771561711939707,6.928755796086796e-06,0.0002945099367691943,3.50559349422005e-05,9.173287216879219e-05,1.5,2.0,5.2596632503912835,5.25871253052987,5.258338927035314,5.259195022382586,1.5003240243149296,0.0017306983372972638,2.000026589501284,1.0000001243241534,7.281368979270144e-06,-0.00029006574833548635,0.0070781400437449045,-0.0017771561711939707,6.928755796086796e-06,0.0002945099367691943,3.50559349422005e-05,9.173287216879219e-05,1.5,2.0,-3.2033839054823135e-05,7.48474052111251e-05,0.0011372860917511257,-3.203451170778295e-05,0.00016722742953839624,0.4999934148743033,3.6406360882861e-06,-0.5000137331514329,-1.9999823254493188
1.6,1.600323930878633,0.0017325273368718227,2.000003259722321,0.9999984879095937,9.01515352217501e-06,-0.00017661763070640134,0.007100500812144103,-0.0017741416638551264,9.812917462492122e-06,0.0001528079577879955,2.564095443329293e-05,-3.447863982171557e-05,1.5,2.0,5.2597768079122105,5.258605355142113,5.2586175497127465,5.259539925729649,1.600323930878633,0.0017325273368718227,2.000003259722321,0.9999984879095937,9.01515352217501e-06,-0.00017661763070640134,0.007100500812144103,-0.0017741416638551264,9.812917462492122e-06,0.0001528079577879955,2.564095443329293e-05,-3.447863982171557e-05,1.5,2.0,-2.719839204912306e-06,-1.9731671684566546e-05,0.0014256230152524525,-2.719526174992219e-06,-5.445425804846119e-05,0.49999842902677705,4.507569414375188e-06,-0.5000211378531111,-1.999976265373991
1.7000000000000002,1.700323797823031,0.0017339563235263002,1.9999927164185818,0.9999990602604852,3.9482992060488635e-06,-3.4335413521257264e-05,0.007107580125859656,-0.00177278032722042,4.690273832763014e-06,-1.1403358689158252e-05,8.571355302302271e-07,-6.816491816423347e-05,1.5,2.0,5.2589515916297405,5.25847468826744,5.2586290454067,5.258994119457384,1.700323797823031,0.0017339563235263002,1.9999927164185818,0.9999990602604852,3.9482992060488635e-06,-3.4335413521257264e-05,0.007107580125859656,-0.00177278032722042,4.690273832763014e-06,-1.1403358689158252e-05,8.571355302302271e-07,-6.816491816423347e-05,1.5,2.0,1.1493324113327104e-05,-4.988090581390852e-05,0.0007251761462275349,1.1493595155333228e-05,-0.00011852862911689833,0.5000013510305173,1.974156792490297e-06,-0.5000103202706813,-1.999989016268046
1.8,1.80032375772415,0.0017342766645435377,1.9999929048031493,1.0000000639600868,-8.796732424726494e-07,3.8067690248631174e-05,0.007103147602720637,-0.0017732130099989746,-6.535359998703193e-07,-7.743658729254696e-05,-1.0270023330395023e-05,-3.864692782565684e-05,1.5,2.0,5.258262382893925,5.2584170536313595,5.258527155053078,5.2584082016219655,1.80032375772415,0.0017342766645435377,1.9999929048031493,1.0000000639600868,-8.796732424726494e-07,3.8067690248631174e-05,0.007103147602720637,-0.0017732130099989746,-6.535359998703193e-07,-7.743658729254696e-05,-1.0270023330395023e-05,-3.864692782565684e-05,1.5,2.0,8.027706484735008e-06,-3.0921776216194305e-05,5.383755446851693e-05,8.02767224738919e-06,-6.984230528852412e-05,0.5000018057856622,-4.3983818160556515e-07,-0.4999986289675933,-2.0000018599768152
1.9000000000000001,1.9003237879532635,0.001733899919984919,1.9999969812842557,1.0000004248728724,-2.4845889690876052e-06,4.3465555581008274e-05,0.00709648037280561,-0.0017740484689351,-2.6057703471512024e-06,-5.5977252542322466e-05,-6.716010822733989e-06,-2.780808161523878e-07,1.5,2.0,5.258059610281085,5.258390053285296,5.258413426137164,5.258151050366938,1.9003237879532635,0.001733899919984919,1.9999969812842557,1.0000004248728724,-2.4845889690876052e-06,4.3465555581008274e-05,0.00709648037280561,-0.0017740484689351,-2.6057703471512024e-06,-5.5977252542322466e-05,-6.716010822733989e-06,-2.780808161523878e-07,1.5,2.0,1.7947585416970224e-07,-2.0103987345082567e-06,-0.00022604446926113045,1.7947515836644178e-07,-2.2904464867751427e-06,0.5000009671168321,-1.2422963596135925e-06,-0.49999436358134086,-2.0000063932376997
2.0,2.000323823144534,0.001733452225981727,2.0000001994641585,1.0000002272984752,-1.580905320139085e-06,2.09139457908796e-05,0.007093205804715129,-0.001774387328297645,-1.7752935799420403e-06,-9.484638403639046e-06,5.6817350434522883e-08,1.693525532685831e-05,1.5,2.0,5.258178030324243,5.2583648487912305,5.2583401536840615,5.258180580520372,2.000323823144534,0.001733452225981727,2.0000001994641585,1.0000002272984752,-1.580905320139085e-06,2.09139457908796e-05,0.007093205804715129,-0.001774387328297645,-1.7752935799420403e-06,-9.484638403639046e-06,5.6817350434522883e-08,1.693525532685831e-05,1.5,2.0,-3.121343657600055e-06,1.2538910723679309e-05,-0.00020196323570131664,-3.1213166952908302e-06,2.9593894984772158e-05,0.5000000637831916,-7.90452581236063e-07,-0.49999622211200134,-2.0000042438425383
2.1,2.1003238318143946,0.001733266822577163,2.0000012823266813,0.9999999663195355,-1.6975964136651375e-07,7.527128399992673e-07,0.007093612940346005,-0.0017742569367269797,-2.468061135976675e-07,1.7681591967368478e-05,2.7677864380706825e-06,1.3615178925772245e-05,1.5,2.0,5.258350030350163,5.258347811557534,5.258318492005992,5.258309631258277,2.1003238318143946,0.001733266822577163,2.0000012823266813,0.9999999663195355,-1.6975964136651375e-07,7.527128399992673e-07,0.007093612940346005,-0.0017742569367269797,-2.468061135976675e-07,1.7681591967368478e-05,2.7677864380706825e-06,1.3615178925772245e-05,1.5,2.0,-1.943765596881633e-06,1.0891617667427328e-05,-7.892692090457772e-05,-1.943763269232843e-06,2.4603055160536388e-05,0.49999966257831374,-8.487976626146238e-08,-0.4999995400681917,-2.0000005399687506
2.2,2.200323823201941,0.0017333149389902893,2.0000009632555256,0.9999998874477266,5.700390706962158e-07,-7.132270225336216e-06,0.007095405653597418,-0.0017740412363984142,5.936360225061768e-07,1.820249512231752e-05,1.6653549886642995e-06,3.1626093158747284e-06,1.5,2.0,5.2584325666645695,5.258349048981358,5.258335494207253,5.258401538219964,2.200323823201941,0.0017333149389902893,2.0000009632555256,0.9999998874477266,5.700390706962158e-07,-7.132270225336216e-06,0.007095405653597418,-0.0017740412363984142,5.936360225061768e-07,1.820249512231752e-05,1.6653549886642995e-06,3.1626093158747284e-06,1.5,2.0,7.428649489782247e-08,3.1243928996230307e-06,1.1093616875570445e-05,7.428467933790382e-08,6.3093670665594465e-06,0.499999702910125,2.8501939807485286e-07,-0.5000012998240543,-1.9999985395065432
2.3000000000000003,2.3003238143423443,0.0017334365933623281,2.000000305243156,0.999999945105616,5.370562488540878e-07,-6.029574339893878e-06,0.007096639455030019,-0.0017739615088245143,5.762551897943986e-07,6.472917020239751e-06,-7.331275435556897e-08,-3.5215312296946743e-06,1.5,2.0,5.258426987478204,5.258363442005231,5.258364449628311,5.258421807616222,2.3003238143423443,0.0017334365933623281,2.000000305243156,0.999999945105616,5.370562488540878e-07,-6.029574339893878e-06,0.007096639455030019,-0.0017739615088245143,5.762551897943986e-07,6.472917020239751e-06,-7.331275435556897e-08,-3.5215312296946743e-06,1.5,2.0,8.053269620095124e-07,-2.4378667549112536e-06,3.803990111048959e-05,8.053288666467181e-07,-5.984305522019747e-06,0.4999998962420348,2.685280834438641e-07,-0.5000012074045147,-1.9999985985606343
2.4000000000000004,2.4003238123865844,0.0017335117358581785,1.999999892194272,1.0000000107172848,1.7862757489194218e-07,-2.2332492727558935e-06,0.007096813326524586,-0.0017739969014778166,1.9256447376679685e-07,-3.009100303102712e-06,-6.889811895738589e-07,-4.147054302858197e-06,1.5,2.0,5.258390460588075,5.258377609096739,5.258384178815695,5.258400101501489,2.4003238123865844,0.0017335117358581785,1.999999892194272,1.0000000107172848,1.7862757489194218e-07,-2.2332492727558935e-06,0.007096813326524586,-0.0017739969014778166,1.9256447376679685e-07,-3.009100303102712e-06,-6.889811895738589e-07,-4.147054302858197e-06,1.5,2.0,4.4928848346351975e-07,-3.4005439460598326e-06,2.6544419043217252e-05,4.4928922948141306e-07,-7.576931056295383e-06,0.5000000323100762,8.931379226024029e-08,-0.500000374411635,-1.9999995325256772
2.5,2.5003238146184628,0.0017335178706158235,1.9999998014654017,1.000000027419226,-9.539507079208971e-08,4.1786890055978375e-07,0.007096400104584136,-0.0017740484380662385,-1.0099555973760237e-07,-5.265754107839307e-06,-3.833901681155388e-07,-1.71667460383696e-06,1.5,2.0,5.258365407635802,5.258383048614932,5.258388228964669,5.258374774231096,2.5003238146184628,0.0017335178706158235,1.9999998014654017,1.000000027419226,-9.539507079208971e-08,4.1786890055978375e-07,0.007096400104584136,-0.0017740484380662385,-1.0099555973760237e-07,-5.265754107839307e-06,-3.833901681155388e-07,-1.71667460383696e-06,1.5,2.0,-4.3520596432668274e-08,-1.634185405306973e-06,7.408701579054148e-06,-4.352076135321275e-08,-3.363001659907748e-06,0.5000000633432689,-4.769754013085084e-08,-0.49999977058964706,-2.0000002468884004
2.6,2.60032381668552,0.0017334896414721935,1.9999998803051275,1.0000000119085368,-1.5501665122573226e-07,1.1589455769844202e-06,0.007095995576644923,-0.0017740655052377015,-1.6373824658310277e-07,-2.8270308474173733e-06,3.31504773493227e-08,4.642766880083586e-07,1.5,2.0,5.2583611209655565,5.258380451773647,5.258381985414739,5.258363950804103,2.60032381668552,0.0017334896414721935,1.9999998803051275,1.0000000119085368,-1.5501665122573226e-07,1.1589455769844202e-06,0.007095995576644923,-0.0017740655052377015,-1.6373824658310277e-07,-2.8270308474173733e-06,3.31504773493227e-08,4.642766880083586e-07,1.5,2.0,-1.9501055378228645e-07,2.2248465559425843e-07,-3.7597112243309436e-06,-1.9501048130266805e-07,6.900448737763156e-07,0.5000000358779887,-7.750833025154098e-08,-0.49999966061494994,-2.0000004006239944
2.7,2.700323817037898,0.0017334646684850636,1.9999999774502375,0.9999999964174878,-8.031661371520633e-08,7.842382893788605e-07,0.007095859254717757,-0.0017740563032614919,-8.453342113059845e-08,1.0340258473042297e-07,1.6212489328697724e-07,1.118471535074184e-06,1.5,2.0,5.258367803026898,5.258375260805633,5.258374206943865,5.258365930158304,2.700323817037898,0.0017334646684850636,1.9999999774502375,0.9999999964174878,-8.031661371520633e-08,7.842382893788605e-07,0.007095859254717757,-0.0017740563032614919,-8.453342113059845e-08,1.0340258473042297e-07,1.6212489328697724e-07,1.118471535074184e-06,1.5,2.0,-9.51385836441229e-08,9.085052795721181e-07,-5.746276562519183e-06,-9.513849317696708e-08,2.0348868750343566e-06,0.5000000038461846,-4.015830731038331e-08,-0.49999983451566454,-2.000000207116738
2.8000000000000003,2.8003238164528756,0.0017334574444930874,2.000000027173872,0.99999999337827,5.284449469751423e-09,2.104254050729443e-07,0.007095931135549153,-0.0017740448036930743,5.458230548865543e-09,1.3374070375561295e-06,8.06319665866747e-08,6.796813767505492e-07,1.5,2.0,5.2583744551819755,5.2583719015574655,5.258370259127772,5.258371857465858,2.8003238164528756,0.0017334574444930874,2.000000027173872,0.99999999337827,5.284449469751423e-09,2.104254050729443e-07,0.007095931135549153,-0.0017740448036930743,5.458230548865543e-09,1.3374070375561295e-06,8.06319665866747e-08,6.796813767505492e-07,1.5,2.0,1.9689066777387314e-08,6.201194593433096e-07,-3.2720665745284834e-06,1.9689063160243617e-08,1.3046077287852053e-06,0.4999999898956671,2.642224698975974e-09,-0.5000000175381911,-1.9999999865282045
2.9000000000000004,2.9003238159811717,0.001733462786594777,2.000000031861429,0.9999999975646282,3.972358439395828e-08,-1.1663144861198339e-07,0.007096048530858857,-0.0017740417499826741,4.166380457061385e-08,1.0117837613590162e-06,-1.4421081311590394e-08,4.397735772255571e-08,1.5,2.0,5.258376718336159,5.258371462281477,5.258370546289699,5.258375565300839,2.9003238159811717,0.001733462786594777,2.000000031861429,0.9999999975646282,3.972358439395828e-08,-1.1663144861198339e-07,0.007096048530858857,-0.0017740417499826741,4.166380457061385e-08,1.0117837613590162e-06,-1.4421081311590394e-08,4.397735772255571e-08,1.5,2.0,4.7220532489647895e-08,8.632246919914011e-08,-5.548846555303887e-07,4.7220530730354575e-08,1.3061085214107016e-07,0.499999990816957,1.9861791880566603e-08,-0.5000000857629797,-1.999999897780707
3.0,3.000323815933668,0.0017334701986918024,2.000000017417589,1.0000000011432044,2.8993677432981485e-08,-1.722731331929251e-07,0.007096109437185222,-0.001774044292489397,3.053325261189373e-08,2.0594784438754153e-07,-3.8007428889378965e-08,-2.662216077219552e-07,1.5,2.0,5.258375725549226,5.25837269481426,5.258372702273921,5.258375957171382,3.000323815933668,0.0017334701986918024,2.000000017417589,1.0000000011432044,2.8993677432981485e-08,-1.722731331929251e-07,0.007096109437185222,-0.001774044292489397,3.053325261189373e-08,2.0594784438754153e-07,-3.8007428889378965e-08,-2.662216077219552e-07,1.5,2.0,1.9080160425830863e-08,-2.0704812616882412e-07,7.429018647111481e-07,1.9080168199164766e-08,-4.751525751635618e-07,0.499999996217205,1.4496838590240753e-08,-0.5000000599233001,-1.9999999252064427
3.1,3.1003238160868603,0.0017334736917325065,2.000000003899247,1.0000000015939707,5.336601710191923e-09,-9.812226165592757e-08,0.007096105428091148,-0.0017740468017374545,5.6848388906243446e-09,-2.8701136977327535e-07,-1.5702774760356793e-08,-2.3037725728313755e-07,1.5,2.0,5.258374077284197,5.2583739814355654,5.258374428700994,5.258374738982518,3.1003238160868603,0.0017334736917325065,2.000000003899247,1.0000000015939707,5.336601710191923e-09,-9.812226165592757e-08,0.007096105428091148,-0.0017740468017374545,5.6848388906243446e-09,-2.8701136977327535e-07,-1.5702774760356793e-08,-2.3037725728313755e-07,1.5,2.0,-7.40282618542051e-09,-2.0218111861827974e-07,8.089278390498323e-07,-7.402824947293747e-09,-4.3418770868179773e-07,0.4999999998221736,2.668300849893779e-09,-0.5000000097757071,-1.99999998613614
3.2,3.2003238161931358,0.001733473170821097,1.9999999981302377,1.000000000476732,-8.635267041520703e-09,-1.7266832672724463e-08,0.007096075160516802,-0.0017740472006886132,-9.043040217823641e-09,-3.1886267587301166e-07,5.633764534011652e-09,-6.411582571849701e-08,1.5,2.0,5.258373264143748,5.258374517405991,5.258374885354356,5.258373666594093,3.2003238161931358,0.001733473170821097,1.9999999981302377,1.000000000476732,-8.635267041520703e-09,-1.7266832672724463e-08,0.007096075160516802,-0.0017740472006886132,-9.043040217823641e-09,-3.1886267587301166e-07,5.633764534011652e-09,-6.411582571849701e-08,1.5,2.0,-1.1567844678198436e-08,-6.848255568506434e-08,3.91763632170279e-07,-1.156784523577141e-08,-1.3305183569550598e-07,0.5000000007058066,-4.317633524796826e-09,-0.4999999814371876,-2.0000000221998273
3.3000000000000003,3.300323816195456,0.0017334712089888905,1.9999999983631764,0.9999999996609287,-9.231846516832593e-09,2.1927579814534898e-08,0.00709605296895429,-0.001774046461163067,-9.674289227431848e-09,-1.24990971695115e-07,9.06678646168034e-09,5.138622975351221e-08,1.5,2.0,5.258373339307761,5.258374377086305,5.258374467091368,5.258373366718856,3.300323816195456,0.0017334712089888905,1.9999999983631764,0.9999999996609287,-9.231846516832593e-09,2.1927579814534898e-08,0.00709605296895429,-0.001774046461163067,-9.674289227431848e-09,-1.24990971695115e-07,9.06678646168034e-09,5.138622975351221e-08,1.5,2.0,-3.683279917691257e-09,3.554424322820366e-08,2.6629657832211092e-08,-3.683279439946396e-09,8.729389700165094e-08,0.5000000002396703,-4.615923262194022e-09,-0.4999999809904926,-2.0000000237432802
3.4000000000000004,3.4003238161561207,0.0017334698834284626,2.0000000006898477,0.9999999996223605,-3.513790975657162e-09,2.4607979313739066e-08,0.007096048843541491,-0.0017740459086205609,-3.6514032089404797e-09,4.2696413101721646e-08,2.8385509477447282e-09,6.898985158954175e-08,1.5,2.0,5.258373702350519,5.258373976447241,5.258373877237769,5.25837355467442,3.4003238161561207,0.0017334698834284626,2.0000000006898477,0.9999999996223605,-3.513790975657162e-09,2.4607979313739066e-08,0.007096048843541491,-0.0017740459086205609,-3.6514032089404797e-09,4.2696413101721646e-08,2.8385509477447282e-09,6.898985158954175e-08,1.5,2.0,2.5209141053392327e-09,5.922757416600035e-08,-1.7814653152114687e-07,2.520914349469612e-09,1.2870534936187543e-07,0.49999999963871833,-1.7568954872225858e-09,-0.49999999307483334,-2.0000000089908956
3.5,3.5003238161332466,0.00173346970163241,2.0000000022603244,0.9999999999236511,1.3264722172456429e-09,6.803376229851051e-09,0.007096055443920223,-0.0017740459017157265,1.397049572903228e-09,8.949028518594676e-08,-1.983983292031335e-09,3.1975523155663445e-08,1.5,2.0,5.25837402033388,5.258373779635962,5.258373655469291,5.258373894460065,3.5003238161332466,0.00173346970163241,2.0000000022603244,0.9999999999236511,1.3264722172456429e-09,6.803376229851051e-09,0.007096055443920223,-0.0017740459017157265,1.397049572903228e-09,8.949028518594676e-08,-1.983983292031335e-09,3.1975523155663445e-08,1.5,2.0,2.7325116433911543e-09,3.05301777105363e-08,-6.642855256855385e-08,2.7325116006765376e-09,6.273184467342706e-08,0.49999999939674444,6.63236107873257e-10,-0.5000000028704483,-1.9999999965779534
3.6,3.6003238161354525,0.0017334701438587769,2.0000000026079343,1.0000000000961182,2.584835130832016e-09,1.457587212041685e-10,0.007096062509592328,-0.0017740461179913953,2.718736089495437e-09,5.1870051524294006e-08,-2.1538478312843733e-09,-5.511806096063028e-09,1.5,2.0,5.258374044331153,5.2583737317316075,5.25837368028723,5.258374010053733,3.6003238161354525,0.0017334701438587769,2.0000000026079343,1.0000000000961182,2.584835130832016e-09,1.457587212041685e-10,0.007096062509592328,-0.0017740461179913953,2.718736089495437e-09,5.1870051524294006e-08,-2.1538478312843733e-09,-5.511806096063028e-09,1.5,2.0,6.013267726781793e-10,-1.5301145984315783e-09,-1.2354865400071257e-08,6.013267870260508e-10,-7.0809024517681955e-09,0.49999999939607553,1.2924175637307379e-09,-0.500000005341354,-1.9999999933370607
3.7,3.7003238161451137,0.0017334705735827978,2.00000000256035,1.0000000000826974,1.4767002232966915e-09,-1.0990358684940275e-09,0.0070960651797956215,-0.0017740462394944152,1.5240691428895212e-09,1.4916264677151294e-09,-4.45698373495506e-10,-1.8363649957108395e-08,1.5,2.0,5.258373936729243,5.258373793750972,5.258373809825605,5.2583739631445985,3.7003238161451137,0.0017334705735827978,2.00000000256035,1.0000000000826974,1.4767002232966915e-09,-1.0990358684940275e-09,0.0070960651797956215,-0.0017740462394944152,1.5240691428895212e-09,1.4916264677151294e-09,-4.45698373495506e-10,-1.8363649957108395e-08,1.5,2.0,-7.036390418463805e-10,-1.48037800620763e-08,4.779005825484973e-09,-7.036390145369875e-10,-3.329730534495057e-08,0.49999999940126116,7.383501107031283e-10,-0.500000002965441,-1.999999996237196
3.8000000000000003,3.800323816149695,0.0017334707196254566,2.0000000024743967,1.0000000000100429,3.6136801570781324e-11,-6.193756453421832e-10,0.007096064169775193,-0.0017740462218475465,6.304423717005552e-12,-2.1745886706946964e-08,5.832258753384943e-10,-1.1993336851231886e-08,1.5,2.0,5.258373846808123,5.258373870963579,5.258373906627834,5.258373881852637,3.800323816149695,0.0017334707196254566,2.0000000024743967,1.0000000000100429,3.6136801570781324e-11,-6.193756453421832e-10,0.007096064169775193,-0.0017740462218475465,6.304423717005552e-12,-2.1745886706946964e-08,5.832258753384943e-10,-1.1993336851231886e-08,1.5,2.0,-6.360944377983732e-10,-1.1190719244016478e-08,6.139664249797284e-09,-6.360944373619073e-10,-2.3268877919734538e-08,0.49999999938642226,1.8068400763036468e-11,-0.5000000000025662,-1.9999999999544062
3.9000000000000004,3.9003238161485903,0.001733470646490522,2.0000000024433935,0.9999999999739282,-6.255903297474506e-10,6.132312779122737e-13,0.007096062188245767,-0.0017740461618603917,-6.625707458261316e-10,-1.790843412517703e-08,5.215603392938119e-10,-1.3923220660908763e-09,1.5,2.0,5.258373823935088,5.258373906628928,5.258373927441112,5.258373840062516,3.9003238161485903,0.001733470646490522,2.0000000024433935,0.9999999999739282,-6.255903297474506e-10,6.132312779122737e-13,0.007096062188245767,-0.0017740461618603917,-6.625707458261316e-10,-1.790843412517703e-08,5.215603392938119e-10,-1.3923220660908763e-09,1.5,2.0,-8.639896876217839e-11,-2.3428317765412935e-09,2.4398128256088837e-09,-8.639896963936184e-11,-3.745000915712901e-09,0.4999999993761157,-3.1279516449158446e-10,-0.4999999987009305,-2.0000000016194464
4.0,4.000323816146237,0.00173347052428533,2.0000000024558187,0.999999999981914,-5.156164009889844e-10,2.4861155855159403e-10,0.0070960610640657795,-0.0017740461339892032,-5.246928591474356e-10,-4.5702735860022694e-09,5.541700021960436e-11,4.145850552997251e-09,1.5,2.0,5.258373846289548,5.258373901462712,5.25837390166327,5.258373844244464,4.000323816146237,0.00173347052428533,2.0000000024558187,0.999999999981914,-5.156164009889844e-10,2.4861155855159403e-10,0.0070960610640657795,-0.0017740461339892032,-5.246928591474356e-10,-4.5702735860022694e-09,5.541700021960436e-11,4.145850552997251e-09,1.5,2.0,1.9984572624169935e-10,3.1116117526030393e-09,4.5419830637780165e-10,1.9984572839448637e-10,7.286783457634416e-09,0.49999999937700235,-2.578082001779271e-10,-0.4999999989687003,-2.0000000013026558
4.1000000000000005,4.100323816145377,0.0017334704593774664,2.0000000024829676,1.0000000000002625,-1.3557907028229764e-10,2.9432822969013786e-10,0.00709606104783641,-0.0017740461424634532,-1.239842517768734e-10,4.259903714276948e-09,-1.6802923243359713e-10,3.869309876910631e-09,1.5,2.0,5.258373873209724,5.25837388058245,5.258373871576357,5.258373864702076,4.100323816145377,0.0017334704593774664,2.0000000024829676,1.0000000000002625,-1.3557907028229764e-10,2.9432822969013786e-10,0.00709606104783641,-0.0017740461424634532,-1.239842517768734e-10,4.259903714276948e-09,-1.6802923243359713e-10,3.869309876910631e-09,1.5,2.0,1.469373791657986e-10,3.52704926262887e-09,-1.2204950280885033e-09,1.469373796941062e-10,7.423724482731669e-09,0.4999999993793893,-6.778953505698922e-11,-0.49999999975176923,-2.0000000003215557
4.2,4.200323816145845,0.001733470461407115,2.000000002506241,1.0000000000076683,1.19551938398089e-10,1.7084283524971281e-10,0.00709606152924049,-0.0017740461586002415,1.3155164689557569e-10,5.377244493420898e-09,-1.184328022039776e-10,1.2435615158641283e-09,1.5,2.0,5.258373884724396,5.258373866206718,5.258373859109163,5.258373878806862,4.200323816145845,0.001733470461407115,2.000000002506241,1.0000000000076683,1.19551938398089e-10,1.7084283524971281e-10,0.00709606152924049,-0.0017740461586002415,1.3155164689557569e-10,5.377244493420898e-09,-1.184328022039776e-10,1.2435615158641283e-09,1.5,2.0,7.238259142173707e-12,1.4306139078498852e-09,-1.8206155150974134e-09,7.238258992452061e-12,2.6829704003586043e-09,0.4999999993772739,5.977596912413801e-11,-0.500000000255435,-1.9999999996831206
4.3,4.300323816146499,0.0017334704915787555,2.000000002514175,1.000000000004866,1.5528442662551193e-10,-1.236566803568227e-11,0.007096061917062859,-0.001774046164762756,1.5830040277789737e-10,2.380151958688396e-09,-1.0182038670633616e-12,-7.077261246860477e-10,1.5,2.0,5.258373882655362,5.258373864708951,5.258373863183837,5.258373881564799,4.300323816146499,0.0017334704915787555,2.000000002514175,1.000000000004866,1.5528442662551193e-10,-1.236566803568227e-11,0.007096061917062859,-0.001774046164762756,1.5830040277789737e-10,2.380151958688396e-09,-1.0182038670633616e-12,-7.077261246860477e-10,1.5,2.0,-5.3910669982548476e-11,-4.222905735031304e-10,-3.181725293566621e-10,-5.391066987187238e-11,-1.1350220276356062e-09,0.4999999993738893,7.76422132151529e-11,-0.5000000003117349,-1.999999999607265
4.4,4.400323816146745,0.001733470514630663,2.000000002511332,1.0000000000002685,7.0647305826774e-11,-4.4564058817444964e-11,0.007096062012787201,-0.0017740461620613496,6.79367652114157e-11,-4.68871279115689e-10,4.222056799350329e-11,-1.0998816647776338e-09,1.5,2.0,5.258373875430219,5.25837386932412,5.258373871200038,5.258373877141218,4.400323816146745,0.001733470514630663,2.000000002511332,1.0000000000002685,7.0647305826774e-11,-4.4564058817444964e-11,0.007096062012787201,-0.0017740461620613496,6.79367652114157e-11,-4.68871279115689e-10,4.222056799350329e-11,-1.0998816647776338e-09,1.5,2.0,-3.434161730270228e-11,-9.620071877788296e-10,1.346346169485149e-10,-3.4341617224449046e-11,-2.0696676669348567e-09,0.4999999993723012,3.532365286903229e-11,-0.5000000001356053,-1.9999999998274474
4.5,4.500323816146671,0.0017334705196900614,2.0000000025075595,0.9999999999985935,-1.1804969110721747e-11,-3.082921714037179e-11,0.0070960619188062445,-0.001774046158070191,-1.513686575324787e-11,-1.4136953870979095e-09,2.581079564960309e-11,-5.621129346816744e-10,1.5,2.0,5.258373870648762,5.258373873707453,5.258373875836263,5.258373872517107,4.500323816146671,0.0017334705196900614,2.0000000025075595,0.9999999999985935,-1.1804969110721747e-11,-3.082921714037179e-11,0.0070960619188062445,-0.001774046158070191,-1.513686575324787e-11,-1.4136953870979095e-09,2.581079564960309e-11,-5.621129346816744e-10,1.5,2.0,-6.053309351265955e-13,-5.731398591439981e-10,-3.9262865303026355e-11,-6.053309418092519e-13,-1.1392282870626914e-09,0.49999999937240686,-5.902484547960458e-12,-0.499999999971133,-2.00000000003451
4.6000000000000005,4.600323816146559,0.0017334705136728603,2.0000000025042977,0.999999999999302,-3.9588839558527476e-11,-3.432378703580443e-11,0.007096061802492815,-0.0017740461565987306,-4.137473523175491e-11,-9.135041447735463e-10,-1.05990117445797e-13,3.7160752796802274e-11,1.5,2.0,5.258373870288963,5.258373875407811,5.258373876250843,5.258373871036679,4.600323816146559,0.0017334705136728603,2.0000000025042977,0.999999999999302,-3.9588839558527476e-11,-3.432378703580443e-11,0.007096061802492815,-0.0017740461565987306,-4.137473523175491e-11,-9.135041447735463e-10,-1.05990117445797e-13,3.7160752796802274e-11,1.5,2.0,1.1736862495608918e-11,-3.418756631551391e-11,9.710544624266166e-11,1.1736862497090474e-11,3.2360025631001315e-12,0.4999999993735766,-1.979441975447818e-11,-0.49999999991794886,-2.0000000001016507
4.7,4.7003238161465415,0.0017334705067889324,2.000000002501359,1.0000000000002993,-2.456322398993774e-11,-2.4415125874451992e-11,0.0070960617516336805,-0.0017740461571945144,-2.5737821831023434e-11,-1.0312373803847452e-10,-9.590202602148026e-12,2.756537029897172e-10,1.5,2.0,5.258373872169582,5.2583738748999584,5.258373874641864,5.2583738719504804,4.7003238161465415,0.0017334705067889324,2.000000002501359,1.0000000000002993,-2.456322398993774e-11,-2.4415125874451992e-11,0.0070960617516336805,-0.0017740461571945144,-2.5737821831023434e-11,-1.0312373803847452e-10,-9.590202602148026e-12,2.756537029897172e-10,1.5,2.0,6.379118617240685e-12,2.2097968170747952e-10,4.163179450402814e-10,6.379118624059515e-12,4.985829207048723e-10,0.4999999993748099,-1.2281611979608508e-11,-0.4999999999482252,-2.00000000006317
4.800000000000001,4.800323816146587,0.0017334705042050752,2.000000002500996,1.0000000000005356,-1.3134552394010513e-12,1.7125458002729468e-11,0.0070960617625392035,-0.001774046158129738,-1.755634863445641e-12,3.2208510822550144e-10,-5.71024527281607e-12,2.0410993258149057e-10,1.5,2.0,5.258373873604488,5.2583738734968355,5.258373872917294,5.258373873084688,4.800323816146587,0.0017334705042050752,2.000000002500996,1.0000000000005356,-1.3134552394010513e-12,1.7125458002729468e-11,0.0070960617625392035,-0.001774046158129738,-1.755634863445641e-12,3.2208510822550144e-10,-5.71024527281607e-12,2.0410993258149057e-10,1.5,2.0,-6.70635763613434e-13,1.8583344502183644e-10,1.5357417932390946e-10,-6.706357633434487e-13,3.9138692673544e-10,0.4999999993750188,-6.567276188792891e-13,-0.49999999999595324,-2.000000000003947
4.9,4.90032381614663,0.0017334705052871682,2.000000002503471,1.000000000000296,1.0197700422383593e-11,3.234653551148213e-11,0.0070960617936475815,-0.0017740461584898938,1.0412184065298006e-11,3.005142029975146e-10,2.341678618131218e-13,3.929104940225517e-11,1.5,2.0,5.258373873943421,5.25837387264158,5.258373872298706,5.258373873620449,4.90032381614663,0.0017334705052871682,2.000000002503471,1.000000000000296,1.0197700422383593e-11,3.234653551148213e-11,0.0070960617936475815,-0.0017740461584898938,1.0412184065298006e-11,3.005142029975146e-10,2.341678618131218e-13,3.929104940225517e-11,1.5,2.0,-2.8487842664404662e-12,4.7591323606914133e-11,-1.2856915903187154e-10,-2.8487842668439785e-12,8.716025542181261e-11,0.4999999993742802,5.098850204809384e-12,-0.5000000000205287,-1.9999999999741838
5.0,5.000323816146647,0.0017334705073558782,2.0000000025060607,1.0000000000000588,8.937801095727807e-12,1.9433806192778666e-11,0.007096061813412978,-0.0017740461583599305,9.35083316944674e-12,9.475608252705937e-11,2.214401646650791e-12,-6.05359438461842e-11,1.5,2.0,5.258373873759386,5.258373872762664,5.2583738727280505,5.258373873734241,5.000323816146647,0.0017334705073558782,2.0000000025060607,1.0000000000000588,8.937801095727807e-12,1.9433806192778666e-11,0.007096061813412978,-0.0017740461583599305,9.35083316944674e-12,9.475608252705937e-11,2.214401646650791e-12,-6.05359438461842e-11,1.5,2.0,-2.0343518227886e-12,-4.726450366837359e-11,9.446533357150292e-11,-2.0343518222437154e-12,-1.0822858253333795e-10,0.49999999937351425,4.4689005422642356e-12,-0.5000000000186431,-1.9999999999770357
5.1000000000000005,5.100323816146648,0.0017334705085604199,2.000000002508475,0.9999999999999815,2.8243168758593692e-12,2.8851356128843342e-11,0.007096061815046058,-0.001774046158045258,2.851333666918032e-12,-6.232510569150146e-11,3.156486358808507e-12,-6.949522726961167e-11,1.5,2.0,5.258373842491677,5.258373842647295,5.25837384359446,5.2583738430184015,5.100323816146648,0.0017334705085604199,2.000000002508475,0.9999999999999815,2.8243168758593692e-12,2.8851356128843342e-11,0.007096061815046058,-0.001774046158045258,2.851333666918032e-12,-6.232510569150146e-11,3.156486358808507e-12,-6.949522726961167e-11,1.5,2.0,1.0091252001537654e-10,3.4752771075614324e-10,-5.644868430057448e-08,1.009125200155742e-10,2.775409847413514e-10,0.49999999937287193,1.4121584361585023e-12,-0.5000000000057215,-1.9999999999928986
5.2,5.200323816147133,0.001733470510594521,2.0000000022294797,1.000000000009453,2.845905115883491e-11,-5.60619261522378e-09,0.007096061811675434,-0.0017740461598503893,6.937757626704549e-12,-4.942422874233525e-12,-3.8678261160141016e-11,1.5147770450373826e-10,1.5,2.0,5.258373897913188,5.258373897491921,5.258373895980274,5.258373897298568,5.200323816147133,0.001733470510594521,2.0000000022294797,1.000000000009453,2.845905115883491e-11,-5.60619261522378e-09,0.007096061811675434,-0.0017740461598503893,6.937757626704549e-12,-4.942422874233525e-12,-3.8678261160141016e-11,1.5147770450373826e-10,1.5,2.0,-9.633413975597136e-11,-5.610185682038309e-10,4.492456528605848e-08,-9.633413976031276e-11,-4.0846955125639424e-10,0.4999999994473566,1.4229525563555236e-11,-0.5000000000044227,-1.9999999999611342
5.300000000000001,5.300323816147577,0.0017334705121805065,2.0000000018931954,0.99999999999956,-8.81388016374901e-12,-1.1215255136254201e-09,0.007096061804361218,-0.001774046159249807,6.150727894843875e-12,-1.4136980455913562e-10,5.0577902272180496e-11,-1.6730311266531821e-10,1.5,2.0,5.258373892560022,5.258373892895076,5.258373893199763,5.258373892637367,5.300323816147577,0.0017334705121805065,2.0000000018931954,0.99999999999956,-8.81388016374901e-12,-1.1215255136254201e-09,0.007096061804361218,-0.001774046159249807,6.150727894843875e-12,-1.4136980455913562e-10,5.0577902272180496e-11,-1.6730311266531821e-10,1.5,2.0,-7.576362333891529e-11,-1.0933155400019302e-10,3.66575069019486e-08,-7.576362334040032e-11,-2.7781790288247435e-10,0.49999999952648116,-4.406940077702906e-12,-0.5000000000127415,-1.9999999999995877
5.4,5.400323816147233,0.0017334705107437494,2.000000001964096,0.9999999999940633,-1.7063152673313904e-11,2.537897570852778e-09,0.0070960617937679705,-0.0017740461552247686,-7.687589056300601e-12,-7.09861367238851e-11,2.7956910596223507e-11,-1.1002705637045445e-10,1.5,2.0,5.25837387509254,5.25837387560834,5.258373876444984,5.2583738754020475,5.400323816147233,0.0017334705107437494,2.000000001964096,0.9999999999940633,-1.7063152673313904e-11,2.537897570852778e-09,0.0070960617937679705,-0.0017740461552247686,-7.687589056300601e-12,-7.09861367238851e-11,2.7956910596223507e-11,-1.1002705637045445e-10,1.5,2.0,1.9828697219535268e-11,1.654369383559694e-10,4.46866583648387e-09,1.9828697217644582e-11,5.4631725527014634e-11,0.49999999950600765,-8.531576328278535e-12,-0.49999999999056144,-2.0000000000285945
5.5,5.500323816146757,0.0017334705086005575,2.0000000022402,0.9999999999964567,-7.949397833767712e-12,2.9839969717062035e-09,0.0070960617927859305,-0.0017740461550345358,-1.0097168043432228e-11,5.125985932998534e-11,-2.4494318572853076e-11,6.180976792621457e-11,1.5,2.0,5.25837386601729,5.2583738662171005,5.258373866354251,5.258373866060981,5.500323816146757,0.0017334705086005575,2.0000000022402,0.9999999999964567,-7.949397833767712e-12,2.9839969717062035e-09,0.0070960617927859305,-0.0017740461550345358,-1.0097168043432228e-11,5.125985932998534e-11,-2.4494318572853076e-11,6.180976792621457e-11,1.5,2.0,5.2801304245755494e-11,1.2725754109737294e-10,-1.3222511533686175e-08,5.280130424625032e-11,1.8950445304712665e-10,0.49999999943817836,-3.974698912431795e-12,-0.4999999999833492,-2.000000000023095
5.6000000000000005,5.600323816146616,0.0017334705076262457,2.000000002472573,1.0000000000003582,2.3546812388414985e-13,1.6640186629919413e-09,0.007096061799832112,-0.001774046158002345,-2.581405882004186e-12,8.993041312484329e-11,-3.379373751498405e-11,8.892264591921961e-11,1.5,2.0,5.2583738661277435,5.258373865970238,5.2583738656252335,5.258373866041081,5.600323816146616,0.0017334705076262457,2.000000002472573,1.0000000000003582,2.3546812388414985e-13,1.6640186629919413e-09,0.007096061799832112,-0.001774046158002345,-2.581405882004186e-12,8.993041312484329e-11,-3.379373751498405e-11,8.892264591921961e-11,1.5,2.0,2.4807900638435163e-11,3.308260802015027e-11,-1.3590025110205322e-08,2.4807900638414076e-11,1.226341513545382e-10,0.4999999993820359,1.177340617965219e-13,-0.4999999999944793,-2.0000000000036366
5.7,5.70032381614673,0.001733470507865802,2.000000002571111,1.0000000000016491,3.2530437482913835e-12,3.073506336999821e-10,0.007096061806566847,-0.0017740461601365208,3.0599731891828943e-12,4.49644358291105e-11,-8.08808122327094e-12,2.420479964474916e-11,1.5,2.0,5.2583738698027185,5.258373869534997,5.258373869278008,5.258373869761028,5.70032381614673,0.001733470507865802,2.000000002571111,1.0000000000016491,3.2530437482913835e-12,3.073506336999821e-10,0.007096061806566847,-0.0017740461601365208,3.0599731891828943e-12,4.49644358291105e-11,-8.08808122327094e-12,2.420479964474916e-11,1.5,2.0,-7.870309385368555e-12,-1.6571471636747128e-11,-6.7280767336349855e-09,-7.870309385447851e-12,7.804514276596393e-12,0.49999999935804684,1.6265218720547078e-12,-0.5000000000044709,-1.999999999992157
5.800000000000001,5.800323816146854,0.0017334705084882766,2.0000000025682483,1.0000000000008598,2.7245051022736514e-12,-3.6429564159991784e-10,0.007096061808119069,-0.0017740461598754927,3.243341684294953e-12,-1.3913495398878988e-11,1.3334536279153206e-11,-2.057457296898539e-11,1.5,2.0,5.2583738731287895,5.258373872977709,5.258373872961274,5.258373873122607,5.800323816146854,0.0017334705084882766,2.0000000025682483,1.0000000000008598,2.7245051022736514e-12,-3.6429564159991784e-10,0.007096061808119069,-0.0017740461598754927,3.243341684294953e-12,-1.3913495398878988e-11,1.3334536279153206e-11,-2.057457296898539e-11,1.5,2.0,-1.6698782686180826e-11,-3.2412260007820056e-11,-2.621390748048044e-10,-1.6698782686124374e-11,-5.313234479374041e-11,0.4999999993583678,1.3622525493875243e-12,-0.500000000005627,-1.9999999999924105
5.9,5.900323816146882,0.0017334705088597338,2.00000000253051,0.9999999999998648,7.686362220088463e-13,-3.9045483429596333e-10,0.007096061805506581,-0.0017740461584752605,1.0262016092200814e-12,-3.84149231225472e-11,1.4354745089463e-11,-2.3965763345978055e-11,1.5,2.0,5.258373874537425,5.258373874549055,5.258373874636429,5.258373874538203,5.900323816146882,0.0017334705088597338,2.00000000253051,0.9999999999998648,7.686362220088463e-13,-3.9045483429596333e-10,0.007096061805506581,-0.0017740461584752605,1.0262016092200814e-12,-3.84149231225472e-11,1.4354745089463e-11,-2.3965763345978055e-11,1.5,2.0,-8.105543443788314e-12,-2.327674179250108e-11,2.570359286823979e-09,-8.105543443769762e-12,-4.741200084428015e-11,0.4999999993673049,3.8431811051816274e-13,-0.5000000000021878,-1.999999999997692
6.0,6.00032381614685,0.001733470508867908,2.0000000025043,0.9999999999996005,-5.121690327335252e-13,-1.338523778632026e-10,0.007096061802098931,-0.0017740461574583166,-7.023973243588841e-13,-2.97993778443192e-11,5.738293375617129e-12,-1.0749615196772541e-11,1.5,2.0,5.258373873622478,5.258373873729941,5.25837387383737,5.258373873650018,6.00032381614685,0.001733470508867908,2.0000000025043,0.9999999999996005,-5.121690327335252e-13,-1.338523778632026e-10,0.007096061802098931,-0.0017740461574583166,-7.023973243588841e-13,-2.97993778443192e-11,5.738293375617129e-12,-1.0749615196772541e-11,1.5,2.0,4.5899539342045166e-12,8.300907550764409e-12,9.659894031755318e-10,4.589953934198972e-12,-2.5247333326354383e-12,0.4999999993737253,-2.5608451604610636e-13,-0.4999999999989948,-2.000000000001566
6.1000000000000005,6.1003238161468385,0.001733470508774843,2.0000000024957383,1.0000000000001936,3.3230337326587273e-13,-3.741366422290086e-11,0.007096061800275168,-0.001774046157281504,-7.643414531328691e-13,-6.678125840944864e-12,-2.210921980176598e-12,9.485672511542996e-12,1.5,2.0,5.258373873556783,5.2583738736707,5.258373873709029,5.258373873536287,6.1003238161468385,0.001733470508774843,2.0000000024957383,1.0000000000001936,3.3230337326587273e-13,-3.741366422290086e-11,0.007096061800275168,-0.001774046157281504,-7.643414531328691e-13,-6.678125840944864e-12,-2.210921980176598e-12,9.485672511542996e-12,1.5,2.0,6.602969804915365e-12,7.002161717038947e-12,7.915911032978456e-10,6.602969804912191e-12,1.6554920794239156e-11,0.49999999937616224,1.661516864256008e-13,-0.4999999999982778,-2.0000000000008145
6.2,6.2003238161468825,0.0017334705088131166,2.0000000024959497,1.0000000000006364,8.196012443004191e-13,4.160683497744833e-11,0.007096061800729526,-0.0017740461578029279,3.1422747590737606e-13,1.5803539331710273e-11,-8.06421979052156e-12,1.2159129502894607e-11,1.5,2.0,5.2583738733052305,5.258373873328699,5.258373873271553,5.258373873293144,6.2003238161468825,0.0017334705088131166,2.0000000024959497,1.0000000000006364,8.196012443004191e-13,4.160683497744833e-11,0.007096061800729526,-0.0017740461578029279,3.1422747590737606e-13,1.5803539331710273e-11,-8.06421979052156e-12,1.2159129502894607e-11,1.5,2.0,2.6018002193770356e-12,3.996341526869806e-12,1.9452745868851613e-10,2.6018002193669996e-12,1.624146537954208e-11,0.4999999993763308,4.098006216387887e-13,-0.49999999999999223,-1.999999999998709
6.300000000000001,6.300323816146947,0.0017334705089783891,2.000000002501081,1.0000000000005835,9.712765547715476e-13,6.101969124672663e-11,0.007096061802316009,-0.0017740461583901025,1.007013869512823e-12,1.595072371129406e-11,-3.5806565912720275e-12,1.7795595690422897e-12,1.5,2.0,5.258373873080621,5.258373873038235,5.258373872994563,5.258373873087225,6.300323816146947,0.0017334705089783891,2.000000002501081,1.0000000000005835,9.712765547715476e-13,6.101969124672663e-11,0.007096061802316009,-0.0017740461583901025,1.007013869512823e-12,1.595072371129406e-11,-3.5806565912720275e-12,1.7795595690422897e-12,1.5,2.0,-2.2823719941480438e-12,2.147436425792348e-12,-2.71727568318699e-10,-2.2823719941497845e-12,3.939581769830039e-12,0.4999999993750215,4.856382767784634e-13,-0.5000000000014306,-1.9999999999975182
6.4,6.400323816146987,0.001733470509165528,2.0000000025054594,1.0000000000002967,8.936546324899732e-13,3.3902241589162185e-11,0.007096061803238766,-0.0017740461584292188,8.317500525836968e-13,5.359369191799571e-12,1.4220253321232213e-12,-3.777880662769658e-12,1.5,2.0,5.258373872779345,5.25837387272345,5.258373872724555,5.258373872795851,6.400323816146987,0.001733470509165528,2.0000000025054594,1.0000000000002967,8.936546324899732e-13,3.3902241589162185e-11,0.007096061803238766,-0.0017740461584292188,8.317500525836968e-13,5.359369191799571e-12,1.4220253321232213e-12,-3.777880662769658e-12,1.5,2.0,-1.6939764940613701e-12,2.6006855927874873e-12,-8.200066297945935e-10,-1.69397649405797e-12,-1.2039137911828904e-12,0.4999999993737835,4.4682731568523276e-13,-0.5000000000013669,-1.9999999999978584
6.5,6.500323816147011,0.001733470509328219,2.0000000025047546,1.0000000000002254,9.392946630994995e-13,-4.7956378579919633e-11,0.007096061803276375,-0.0017740461582086563,5.875422303089747e-13,-4.615872768586771e-12,2.9544595637848616e-12,-1.137447396767609e-12,1.5,2.0,5.258373873609616,5.258373873581585,5.258373873570954,5.258373873588829,6.500323816147011,0.001733470509328219,2.0000000025047546,1.0000000000002254,9.392946630994995e-13,-4.7956378579919633e-11,0.007096061803276375,-0.0017740461582086563,5.875422303089747e-13,-4.615872768586771e-12,2.9544595637848616e-12,-1.137447396767609e-12,1.5,2.0,-2.2982302528953976e-12,-1.1430015515318456e-11,7.34917096819215e-10,-2.2982302528943217e-12,-1.2575507406496402e-11,0.49999999937392403,4.696473309615741e-13,-0.5000000000009497,-1.9999999999981792
6.6000000000000005,6.600323816147028,0.0017334705094288283,2.0000000025036297,1.000000000000122,3.240703542684728e-13,2.540989682418969e-11,0.0070960618026353894,-0.001774046157961271,2.400298809823094e-13,-8.21614339945753e-12,1.9437953265723265e-12,-5.847722545201509e-12,1.5,2.0,5.258373873180603,5.258373873212889,5.258373873264094,5.258373873188915,6.600323816147028,0.0017334705094288283,2.0000000025036297,1.000000000000122,3.240703542684728e-13,2.540989682418969e-11,0.0070960618026353894,-0.001774046157961271,2.400298809823094e-13,-8.21614339945753e-12,1.9437953265723265e-12,-5.847722545201509e-12,1.5,2.0,1.3527799949941146e-12,4.620525606556601e-12,3.0725470510670397e-11,1.352779994996023e-12,-1.2685544303907474e-12,0.4999999993741535,1.6203517693139835e-13,-0.5000000000003582,-1.9999999999993159
6.7,6.700323816147048,0.0017334705094889434,2.000000002506324,1.0000000000002733,5.828379275966552e-13,2.847892155027658e-11,0.007096061802235427,-0.0017740461579793037,1.012791476354134e-13,2.1195598881542512e-13,-2.3241312218494145e-12,3.0753413084873933e-12,1.5,2.0,5.258373873082436,5.258373873106803,5.2583738731041425,5.258373873084605,6.700323816147048,0.0017334705094889434,2.000000002506324,1.0000000000002733,5.828379275966552e-13,2.847892155027658e-11,0.007096061802235427,-0.0017740461579793037,1.012791476354134e-13,2.1195598881542512e-13,-2.3241312218494145e-12,3.0753413084873933e-12,1.5,2.0,1.5485543775097724e-12,1.1068494436750967e-12,-1.8786967572761745e-10,1.5485543775079674e-12,4.2039408269640685e-12,0.49999999937355566,2.914189634331324e-13,-0.49999999999992917,-1.9999999999992653
6.800000000000001,6.8003238161470785,0.0017334705095758446,2.000000002508234,1.000000000000323,6.260500916436339e-13,9.723907808205764e-12,0.007096061802428245,-0.0017740461581898426,4.0364550206992783e-13,3.655151003995815e-12,-1.8436326683574875e-12,3.00170372736377e-12,1.5,2.0,5.258373873115262,5.258373873139852,5.258373873096984,5.258373873132482,6.8003238161470785,0.0017334705095758446,2.000000002508234,1.000000000000323,6.260500916436339e-13,9.723907808205764e-12,0.007096061802428245,-0.0017740461581898426,4.0364550206992783e-13,3.655151003995815e-12,-1.8436326683574875e-12,3.00170372736377e-12,1.5,2.0,-5.856832209899958e-13,-1.0806127030990953e-12,-1.375195737924556e-10,-5.856832209918883e-13,1.9423203038976015e-12,0.499999999373103,3.130250454292469e-13,-0.5000000000004843,-1.9999999999987685
6.9,6.900323816147107,0.0017334705096822716,2.00000000250852,1.000000000000285,5.480147761579543e-13,-4.0052539150290296e-12,0.0070960618027507945,-0.0017740461580760306,5.123630640847599e-13,2.7996983936617925e-12,4.1352469783911336e-12,-8.435628731879834e-13,1.5,2.0,5.2583738732099095,5.258373873155141,5.258373873181888,5.2583738731759455,6.900323816147107,0.0017334705096822716,2.00000000250852,1.000000000000285,5.480147761579543e-13,-4.0052539150290296e-12,0.0070960618027507945,-0.0017740461580760306,5.123630640847599e-13,2.7996983936617925e-12,4.1352469783911336e-12,-8.435628731879834e-13,1.5,2.0,3.425659222579715e-13,-1.1640400577132068e-12,-2.591391153948601e-11,3.4256592225843703e-13,-2.0135689534504257e-12,0.49999999937301254,2.7400738773530064e-13,-0.5000000000007399,-1.9999999999986833
7.0,7.000323816147142,0.0017334705097753823,2.0000000025079903,1.000000000000411,4.174893847737307e-13,-6.5925285123348235e-12,0.007096061802839546,-0.001774046157963572,3.7470477497673765e-13,-1.029533456179189e-12,-1.9056723933069736e-12,-1.925489358954568e-12,1.5,2.0,5.258373873185923,5.258373873175747,5.258373873184289,5.25837387318683,7.000323816147142,0.0017334705097753823,2.0000000025079903,1.000000000000411,4.174893847737307e-13,-6.5925285123348235e-12,0.007096061802839546,-0.001774046157963572,3.7470477497673765e-13,-1.029533456179189e-12,-1.9056723933069736e-12,-1.925489358954568e-12,1.5,2.0,1.423639795986071e-12,-9.661567074028506e-13,-2.1209935613917923e-11,1.4236397959868806e-12,-2.905263916667463e-12,0.49999999937320794,2.0874469212510053e-13,-0.5000000000003386,-1.9999999999990203
7.1000000000000005,7.100323816147187,0.001733470509842563,2.0000000025072247,1.0000000000004459,3.194760999432224e-13,-8.709621980465315e-12,0.00709606180268694,-0.0017740461581912583,2.513714381672774e-13,-2.026946201670283e-12,-2.665438084748465e-12,-5.087981734688099e-13,1.5,2.0,5.258373873196609,5.2583738732150245,5.258373873203529,5.258373873212518,7.100323816147187,0.001733470509842563,2.0000000025072247,1.0000000000004459,3.194760999432224e-13,-8.709621980465315e-12,0.00709606180268694,-0.0017740461581912583,2.513714381672774e-13,-2.026946201670283e-12,-2.665438084748465e-12,-5.087981734688099e-13,1.5,2.0,-8.983029735621683e-13,-1.2000248382739423e-12,2.3129118220774305e-11,-8.983029735620046e-13,-1.7124214410625436e-12,0.49999999937341677,1.5973804977136162e-13,-0.5000000000000571,-1.9999999999993034
7.2,7.2003238161472245,0.0017334705098943717,2.0000000025064697,1.0000000000002756,2.530080291294585e-13,-6.400376095316672e-12,0.007096061802521243,-0.0017740461583213313,2.3265177151060254e-13,-1.287680787333038e-12,6.139341570863719e-14,1.5287477518039125e-13,1.5,2.0,5.258373842655584,5.2583738430094575,5.258373843767689,5.258373843053856,7.2003238161472245,0.0017334705098943717,2.0000000025064697,1.0000000000002756,2.530080291294585e-13,-6.400376095316672e-12,0.007096061802521243,-0.0017740461583213313,2.3265177151060254e-13,-1.287680787333038e-12,6.139341570863719e-14,1.5287477518039125e-13,1.5,2.0,9.740220773648728e-11,3.9805010918221307e-10,-5.610390289793539e-08,9.740220773648725e-11,3.982040651504911e-10,0.49999999937352035,1.2650401440619002e-13,-0.5000000000001898,-1.999999999999398
7.300000000000001,7.300323816147717,0.0017334705118841195,2.000000002225675,1.0000000000093452,2.986026011326452e-11,-5.607051014257621e-09,0.007096061806563908,-0.0017740461601676149,8.904510310786697e-12,8.244866820014293e-11,-3.57554124072138e-11,1.7354168100311993e-10,1.5,2.0,5.258373867929444,5.2583738675819625,5.258373866736871,5.258373867581926,7.300323816147717,0.0017334705118841195,2.000000002225675,1.0000000000093452,2.986026011326452e-11,-5.607051014257621e-09,0.007096061806563908,-0.0017740461601676149,8.904510310786697e-12,8.244866820014293e-11,-3.57554124072138e-11,1.7354168100311993e-10,1.5,2.0,-9.648153941072613e-13,-1.3988082139349014e-10,-1.0508316188046658e-08,-9.648153993259103e-13,3.488821754215064e-11,0.4999999994482538,1.4930130040017448e-11,-0.5000000000084641,-1.9999999999567828
7.4,7.400323816148611,0.0017334705158391095,2.000000001612496,1.0000000000084066,2.261529792379944e-11,-6.656074051324301e-09,0.007096061810117553,-0.0017740461613273521,1.7310585393000092e-11,-1.1077566555296684e-11,1.3754232367707872e-11,-5.260086658256632e-12,1.5,2.0,5.258373917640617,5.258373916947193,5.2583739156049285,5.2583739169674715,7.400323816148611,0.0017334705158391095,2.000000001612496,1.0000000000084066,2.261529792379944e-11,-6.656074051324301e-09,0.007096061810117553,-0.0017740461613273521,1.7310585393000092e-11,-1.1077566555296684e-11,1.3754232367707872e-11,-5.260086658256632e-12,1.5,2.0,-1.7499718945865393e-10,-6.47957050744601e-10,8.156243642730202e-08,-1.7499718945853412e-10,-6.532543388927291e-10,0.4999999996010793,1.130764895278295e-11,-0.5000000000262148,-1.9999999999514186
7.5,7.500323816148644,0.0017334705166865763,2.00000000135417,0.9999999999928355,-2.3488206016148035e-11,1.4860216223610743e-09,0.007096061800975373,-0.0017740461565121692,1.7103131720097813e-12,-1.7231955200260878e-10,8.03330204423972e-11,-3.0742038244307044e-10,1.5,2.0,5.258373894620454,5.258373894998741,5.258373896111658,5.258373895007053,7.500323816148644,0.0017334705166865763,2.00000000135417,0.9999999999928355,-2.3488206016148035e-11,1.4860216223610743e-09,0.007096061800975373,-0.0017740461565121692,1.7103131720097813e-12,-1.7231955200260878e-10,8.03330204423972e-11,-3.0742038244307044e-10,1.5,2.0,-5.6798351063683464e-11,3.44725382450995e-11,4.097248479312929e-08,-5.6798351070955286e-11,-2.7512204720007227e-10,0.4999999996578752,-1.1744103000122261e-11,-0.5000000000105853,-2.000000000020923
7.6000000000000005,7.600323816147748,0.0017334705133824596,2.0000000017073685,0.9999999999897692,-2.5184752575113723e-11,5.576197976614862e-09,0.007096061789592849,-0.0017740461519541104,-1.7759151769778217e-11,-5.602174133653967e-11,8.062750423245713e-12,-8.26053799136574e-11,1.5,2.0,5.258373867441336,5.258373868090959,5.258373869192253,5.258373867867927,7.600323816147748,0.0017334705133824596,2.0000000017073685,0.9999999999897692,-2.5184752575113723e-11,5.576197976614862e-09,0.007096061789592849,-0.0017740461519541104,-1.7759151769778217e-11,-5.602174133653967e-11,8.062750423245713e-12,-8.26053799136574e-11,1.5,2.0,7.614725022377242e-11,2.787300637737154e-10,-9.607925237788987e-09,7.614725022167731e-11,1.955404647422328e-10,0.4999999995680425,-1.2592376276806948e-11,-0.4999999999747128,-2.0000000000518234
7.7,7.700323816147081,0.0017334705100741116,2.0000000022170115,0.9999999999965261,-8.953391611333383e-12,4.617073075689706e-09,0.0070960617917255235,-0.0017740461545271526,-1.4584456208704603e-11,9.878787574990276e-11,-5.907174390452791e-11,1.464627588564847e-10,1.5,2.0,5.258373858722041,5.2583738589162765,5.258373858768437,5.258373858714545,7.700323816147081,0.0017334705100741116,2.0000000022170115,0.9999999999965261,-8.953391611333383e-12,4.617073075689706e-09,0.0070960617917255235,-0.0017740461545271526,-1.4584456208704603e-11,9.878787574990276e-11,-5.907174390452791e-11,1.464627588564847e-10,1.5,2.0,8.189596079317283e-11,1.504062886103579e-10,-2.7051251056246765e-08,8.189596079449344e-11,2.979048921536029e-10,0.4999999994440102,-4.476695800704248e-12,-0.4999999999743052,-2.00000000003083
7.800000000000001,7.800323816147041,0.0017334705090132246,2.000000002543639,1.0000000000020661,2.141478182403506e-12,1.9166081806574136e-09,0.007096061802553447,-0.0017740461598316378,-1.1398871898872084e-12,1.1824762897815447e-10,-4.510723812257445e-11,1.231742413152015e-10,1.5,2.0,5.258373862789473,5.258373862520294,5.258373861907135,5.258373862665027,7.800323816147041,0.0017334705090132246,2.000000002543639,1.0000000000020661,2.141478182403506e-12,1.9166081806574136e-09,0.007096061802553447,-0.0017740461598316378,-1.1398871898872084e-12,1.1824762897815447e-10,-4.510723812257445e-11,1.231742413152015e-10,1.5,2.0,1.8390242533233275e-11,1.769669302260855e-11,-2.007376096185798e-08,1.8390242532967634e-11,1.4174207308122184e-10,0.4999999993651233,1.0707390898399661e-12,-0.49999999999565437,-1.9999999999995683
7.9,7.900323816147286,0.0017334705096513437,2.0000000026350624,1.0000000000025937,5.219428523997536e-12,-8.731171771781732e-11,0.007096061810338719,-0.0017740461619590777,5.633351616076774e-12,3.769813874635754e-11,3.5207709029819444e-12,1.2588837412628156e-11,1.5,2.0,5.258373869867742,5.258373869498876,5.258373869195376,5.2583738698104945,7.900323816147286,0.0017334705096513437,2.0000000026350624,1.0000000000025937,5.219428523997536e-12,-8.731171771781732e-11,0.007096061810338719,-0.0017740461619590777,5.633351616076774e-12,3.769813874635754e-11,3.5207709029819444e-12,1.2588837412628156e-11,1.5,2.0,-2.5599333052789132e-11,-4.206417587885322e-11,-6.716622230743677e-09,-2.5599333052855303e-11,-2.938630504576011e-11,0.49999999934253125,2.609714258560388e-12,-0.5000000000086731,-1.9999999999863305
8.0,8.000323816147441,0.001733470510567583,2.0000000025927926,1.0000000000006664,3.3084073628008948e-12,-7.578084427134245e-10,0.007096061810252561,-0.0017740461603716498,4.199204444396399e-12,-3.9472170878702455e-11,2.802345748510823e-11,-4.149630142034755e-11,1.5,2.0,5.258373874407141,5.2583738742349135,5.2583738742910135,5.258373874395104,8.000323816147441,0.001733470510567583,2.0000000025927926,1.0000000000006664,3.3084073628008948e-12,-7.578084427134245e-10,0.007096061810252561,-0.0017740461603716498,4.199204444396399e-12,-3.9472170878702455e-11,2.802345748510823e-11,-4.149630142034755e-11,1.5,2.0,-2.5743622436776098e-11,-4.934671977583182e-11,2.1476593176638615e-09,-2.574362243663784e-11,-9.113650005605661e-11,0.499999999352135,1.6542036792559439e-12,-0.5000000000077323,-1.9999999999903928
8.1,8.100323816147428,0.0017334705109503968,2.0000000025277376,0.999999999999343,3.499651494852591e-13,-5.433968891484648e-10,0.007096061805228557,-0.0017740461578812556,3.974549381564269e-13,-6.114275469027675e-11,2.1243629081724795e-11,-3.489009158832116e-11,1.5,2.0,5.2583738750964075,5.258373875195867,5.258373875420325,5.2583738751012525,8.100323816147428,0.0017334705109503968,2.0000000025277376,0.999999999999343,3.499651494852591e-13,-5.433968891484648e-10,0.007096061805228557,-0.0017740461578812556,3.974549381564269e-13,-6.114275469027675e-11,2.1243629081724795e-11,-3.489009158832116e-11,1.5,2.0,-4.416167609513864e-12,-1.794904688158693e-11,3.7663080682977275e-09,-4.416167609501567e-12,-5.308589550464889e-11,0.4999999993677371,1.7498257452147453e-13,-0.5000000000014522,-1.9999999999990536
8.200000000000001,8.200323816147366,0.001733470510853722,2.000000002492205,0.9999999999995342,-8.053703200825112e-13,-1.6740266746831304e-10,0.007096061800758606,-0.0017740461568369595,-1.3652795126215414e-12,-2.831882697226575e-11,-6.084058330767307e-13,-5.118608580718529e-13,1.5,2.0,5.258373874325801,5.258373874504117,5.258373874592974,5.258373874324291,8.200323816147366,0.001733470510853722,2.000000002492205,0.9999999999995342,-8.053703200825112e-13,-1.6740266746831304e-10,0.007096061800758606,-0.0017740461568369595,-1.3652795126215414e-12,-2.831882697226575e-11,-6.084058330767307e-13,-5.118608580718529e-13,1.5,2.0,8.23586809224036e-12,1.5617782350728732e-12,2.323258343257564e-09,8.235868092239945e-12,1.0462972871212873e-12,0.4999999993767158,-4.026851595394686e-13,-0.4999999999977356,-2.0000000000028537
8.3,8.300323816147355,0.00173347051067272,2.000000002487066,1.0000000000001579,-5.712014026822051e-13,6.452425234671841e-11,0.007096061799678485,-0.001774046157351655,-7.653265788438342e-13,6.737664186316414e-12,-9.600100669651408e-12,1.2583644165464948e-11,1.5,2.0,5.2583738733652305,5.258373873462782,5.258373873431616,5.258373873372219,8.300323816147355,0.00173347051067272,2.000000002487066,1.0000000000001579,-5.712014026822051e-13,6.452425234671841e-11,0.007096061799678485,-0.001774046157351655,-7.653265788438342e-13,6.737664186316414e-12,-9.600100669651408e-12,1.2583644165464948e-11,1.5,2.0,6.611705613902666e-12,1.2550511402266476e-11,3.9586480050587124e-10,6.611705613909905e-12,2.522315225925869e-11,0.4999999993783124,-2.856007009859486e-13,-0.4999999999983116,-2.000000000001719
8.4,8.400323816147388,0.0017334705106444438,2.0000000024954945,1.0000000000004188,3.1346983518362946e-13,1.0403723148092956e-10,0.007096061800965793,-0.0017740461581294666,3.0629616724331084e-13,1.9046541302754907e-11,-5.8036583557048205e-12,8.958624507368069e-12,1.5,2.0,5.258373873009063,5.258373873001542,5.258373872947417,5.258373873011008,8.400323816147388,0.0017334705106444438,2.0000000024954945,1.0000000000004188,3.1346983518362946e-13,1.0403723148092956e-10,0.007096061800965793,-0.0017740461581294666,3.0629616724331084e-13,1.9046541302754907e-11,-5.8036583557048205e-12,8.958624507368069e-12,1.5,2.0,4.2289817082995933e-13,8.989269278503892e-12,-3.811506549910619e-10,4.228981708271312e-13,1.8011252851932716e-11,0.49999999937633577,1.5673491739624917e-13,-0.5000000000001941,-1.9999999999992268
8.5,8.500323816147425,0.0017334705107640107,2.0000000025039943,1.000000000000282,7.812052953137732e-13,6.598212737512605e-11,0.007096061802590703,-0.0017740461584344529,8.088564992369752e-13,1.3469486238314992e-11,-2.2459026973889e-13,1.135596924314368e-12,1.5,2.0,5.2583738729955805,5.258373872934364,5.258373872905829,5.258373872993051,8.500323816147425,0.0017334705107640107,2.0000000025039943,1.000000000000282,7.812052953137732e-13,6.598212737512605e-11,0.007096061802590703,-0.0017740461584344529,8.088564992369752e-13,1.3469486238314992e-11,-2.2459026973889e-13,1.135596924314368e-12,1.5,2.0,-2.4130709999302835e-12,1.3487508686890734e-12,-4.453356892751343e-10,-2.413070999931177e-12,2.492379200113078e-12,0.4999999993741424,3.9060264716785317e-13,-0.5000000000013358,-1.9999999999980056
8.6,8.600323816147442,0.0017334705109175576,2.000000002508369,1.0000000000000793,7.092900521776942e-13,2.1522905012637895e-11,0.007096061803355787,-0.0017740461583266903,6.903138332575799e-13,1.82798893294014e-12,2.3629611644494298e-12,-3.5216804713395237e-12,1.5,2.0,5.25837387307657,5.258373873030158,5.258373873035492,5.258373873074346,8.600323816147442,0.0017334705109175576,2.000000002508369,1.0000000000000793,7.092900521776942e-13,2.1522905012637895e-11,0.007096061803355787,-0.0017740461583266903,6.903138332575799e-13,1.82798893294014e-12,2.3629611644494298e-12,-3.5216804713395237e-12,1.5,2.0,-1.6778477319684939e-12,-2.7411181593500955e-12,-2.629960294095412e-10,-1.6778477319659784e-12,-6.287705399079012e-12,0.49999999937294737,3.5464502564405675e-13,-0.5000000000013014,-1.9999999999982554
8.700000000000001,8.700323816147446,0.0017334705110270629,2.0000000025092075,1.0000000000000135,4.466366154222695e-13,-4.7306580779849415e-12,0.0070960618032048116,-0.0017740461581256647,3.628798504928689e-13,-4.859113586779861e-12,1.6109725325459147e-12,-3.0553535109512787e-12,1.5,2.0,5.258373842549296,5.25837384288371,5.258373843666998,5.258373842941653,8.700323816147446,0.0017334705110270629,2.0000000025092075,1.0000000000000135,4.466366154222695e-13,-4.7306580779849415e-12,0.0070960618032048116,-0.0017740461581256647,3.628798504928689e-13,-4.859113586779861e-12,1.6109725325459147e-12,-3.0553535109512787e-12,1.5,2.0,9.970811593707268e-11,3.960342285171066e-10,-5.631151839058716e-08,9.970811593707405e-11,3.9295726629325193e-10,0.4999999993727049,2.2331830743095876e-13,-0.5000000000007125,-1.999999999999009
8.8,8.800323816147921,0.0017334705130239484,2.000000002227558,1.0000000000093037,2.983153280788136e-11,-5.6261064564120545e-09,0.007096061806859485,-0.0017740461599698141,8.857412710774464e-12,7.825394821258745e-11,-3.728749313225517e-11,1.7320318781788128e-10,1.5,2.0,5.258373900362152,5.258373899541362,5.258373897696331,5.258373899605344,8.800323816147921,0.0017334705130239484,2.000000002227558,1.0000000000093037,2.983153280788136e-11,-5.6261064564120545e-09,0.007096061806859485,-0.0017740461599698141,8.857412710774464e-12,7.825394821258745e-11,-3.728749313225517e-11,1.7320318781788128e-10,1.5,2.0,-1.0441805500712498e-10,-5.640035272662025e-10,4.889988866318772e-08,-1.0441805501232844e-10,-3.8957537547836913e-10,0.4999999994477623,1.491576638732781e-11,-0.5000000000084113,-1.9999999999568823
8.9,8.90032381614833,0.0017334705149420983,2.0000000019091146,0.9999999999991278,-6.618567034601916e-12,-7.446139612992913e-10,0.007096061803984311,-0.0017740461582690839,6.685709875853362e-12,-1.358344737901587e-10,7.099303706779166e-11,-2.168774503044148e-10,1.5,2.0,5.2583739072206654,5.258373905249086,5.258373905416965,5.258373906139327,8.90032381614833,0.0017334705149420983,2.0000000019091146,0.9999999999991278,-6.618567034601916e-12,-7.446139612992913e-10,0.007096061803984311,-0.0017740461582690839,6.685709875853362e-12,-1.358344737901587e-10,7.099303706779166e-11,-2.168774503044148e-10,1.5,2.0,-1.097231835676254e-10,-2.3034431822743313e-10,6.123942780731222e-08,-1.0972318356907098e-10,-4.4875561479283605e-10,0.49999999952228524,-3.309283514142057e-12,-0.5000000000142439,-1.9999999999965896
9.0,9.000323816147745,0.0017334705131133896,2.000000002140435,0.9999999999892614,-1.2170756824320586e-11,5.368763635969079e-09,0.007096061779887676,-0.001774046157182309,-2.1842615919769465e-11,-3.471104412215761e-10,-5.3306821765506396e-11,-3.5382803777318876e-10,1.5,2.0,5.258373859077045,5.25837386308148,5.258373865388692,5.258373861945747,9.000323816147745,0.0017334705131133896,2.000000002140435,0.9999999999892614,-1.2170756824320586e-11,5.368763635969079e-09,0.007096061779887676,-0.001774046157182309,-2.1842615919769465e-11,-3.471104412215761e-10,-5.3306821765506396e-11,-3.5382803777318876e-10,1.5,2.0,4.370369461044385e-11,7.232904944572723e-10,-2.0373708675969893e-08,4.370369460610704e-11,3.6696003972274986e-10,0.49999999945952195,-6.085378405647615e-12,-0.4999999999670536,-2.0000000000449347
9.1,9.100323816146824,0.0017334705118120582,2.0000000025755837,0.9999999999920918,2.6785253096342875e-11,3.334971479490628e-09,0.007096061774374143,-0.0017740461597436999,-1.844353666246783e-11,2.369603640433269e-10,2.562690200497094e-12,4.2217131695598e-10,1.5,2.0,5.258373856288093,5.258373857043954,5.258373856414946,5.258373855842784,9.100323816146824,0.0017334705118120582,2.0000000025755837,0.9999999999920918,2.6785253096342875e-11,3.334971479490628e-09,0.007096061774374143,-0.0017740461597436999,-1.844353666246783e-11,2.369603640433269e-10,2.562690200497094e-12,4.2217131695598e-10,1.5,2.0,3.8491706159781416e-11,7.346871953726301e-11,-3.145099944102618e-08,3.849170614839348e-11,4.986258051462778e-10,0.49999999935214995,1.3392626530924521e-11,-0.4999999999710213,-2.0000000000008797
9.200000000000001,9.200323816146245,0.0017334705146037678,2.0000000027520386,0.9999999999964143,2.876306815654696e-11,1.9524172794888464e-10,0.007096061803217157,-0.0017740461588159628,1.572774426233704e-11,3.4111236367478166e-10,2.0841166262080833e-11,2.611043550891796e-10,1.5,2.0,5.258373866766775,5.258373865196174,5.258373864057017,5.258373865517682,9.200323816146245,0.0017334705146037678,2.0000000027520386,0.9999999999964143,2.876306815654696e-11,1.9524172794888464e-10,0.007096061803217157,-0.0017740461588159628,1.572774426233704e-11,3.4111236367478166e-10,2.0841166262080833e-11,2.611043550891796e-10,1.5,2.0,2.0080924690250233e-11,-1.6810362090989662e-10,-1.45776572543507e-08,2.0080924682686955e-11,9.484737124561362e-11,0.4999999993101975,1.4381534058484212e-11,-0.5000000000350414,-1.9999999999476454
9.3,9.300323816146019,0.0017334705190297074,2.000000002698771,0.9999999999992267,1.793346804456454e-11,-1.2600748708828616e-09,0.007096061825427254,-0.0017740461573370692,2.394596665894737e-11,1.033811707614653e-10,9.902290145118676e-12,-9.695418857832888e-11,1.5,2.0,5.258373874524217,5.258373873086486,5.2583738728985905,5.258373874223198,9.300323816146019,0.0017334705190297074,2.000000002698771,0.9999999999992267,1.793346804456454e-11,-1.2600748708828616e-09,0.007096061825427254,-0.0017740461573370692,2.394596665894737e-11,1.033811707614653e-10,9.902290145118676e-12,-9.695418857832888e-11,1.5,2.0,7.59993162708193e-12,-1.353098078370767e-10,9.535159528176964e-10,7.599931628832951e-12,-2.329496961959914e-10,0.4999999993249206,8.96673401018269e-12,-0.5000000000486652,-1.9999999999461477
9.4,9.400323816145992,0.0017334705220051695,2.0000000025775244,1.0000000000002518,7.178943943336087e-12,-1.1648945292801829e-09,0.007096061824957064,-0.0017740461568148485,1.0588855223144156e-11,-1.132589115316377e-10,-1.3537662763050625e-12,-1.7025500759942523e-10,1.5,2.0,5.258373876741591,5.258373876445153,5.258373876786278,5.258373877041009,9.400323816145992,0.0017334705220051695,2.0000000025775244,1.0000000000002518,7.178943943336087e-12,-1.1648945292801829e-09,0.007096061824957064,-0.0017740461568148485,1.0588855223144156e-11,-1.132589115316377e-10,-1.3537662763050625e-12,-1.7025500759942523e-10,1.5,2.0,1.595423911640533e-12,-9.64539735156531e-11,6.678343688478703e-09,1.5954239128714284e-12,-2.679130943470668e-10,0.4999999993557448,3.5894719670420677e-12,-0.5000000000209259,-1.9999999999769378
9.5,9.50032381614602,0.0017334705226935455,2.0000000024943825,1.000000000000264,-9.549764703901277e-13,-4.981758602686579e-10,0.007096061811491551,-0.001774046157070973,-1.63711375230943e-12,-1.5648514577757984e-10,-5.503711295788971e-12,-7.422148164039307e-11,1.5,2.0,5.258373875510306,5.2583738760029295,5.258373876282234,5.2583738757990055,9.50032381614602,0.0017334705226935455,2.0000000024943825,1.000000000000264,-9.549764703901277e-13,-4.981758602686579e-10,0.007096061811491551,-0.001774046157070973,-1.63711375230943e-12,-1.5648514577757984e-10,-5.503711295788971e-12,-7.422148164039307e-11,1.5,2.0,1.0590568334837725e-12,-4.883080657693108e-11,5.061191207789616e-09,1.0590568334123914e-12,-1.2357721297127014e-10,0.4999999993765364,-4.774882345995447e-13,-0.49999999999646194,-2.0000000000034106
9.600000000000001,9.600323816146043,0.0017334705220668847,2.000000002469838,1.0000000000001183,-3.936683178534264e-12,7.10724489895081e-12,0.0070960617996752825,-0.0017740461575521359,-4.804864271205013e-12,-7.995261191182764e-11,-4.568873388856424e-12,1.0936452703623175e-11,1.5,2.0,5.258373874128347,5.258373874684198,5.258373874737395,5.258373874209842,9.600323816146043,0.0017334705220668847,2.000000002469838,1.0000000000001183,-3.936683178534264e-12,7.10724489895081e-12,0.0070960617996752825,-0.0017740461575521359,-4.804864271205013e-12,-7.995261191182764e-11,-4.568873388856424e-12,1.0936452703623175e-11,1.5,2.0,9.496478901574089e-13,9.067707164468113e-13,2.3231235553038606e-09,9.496478902007668e-13,1.1920570498139167e-11,0.49999999938259965,-1.9683415868363893e-12,-0.499999999990272,-2.000000000011144
9.700000000000001,9.700323816146053,0.0017334705213482412,2.0000000024821496,1.0000000000000433,-2.568469221771388e-12,2.3903168413077164e-10,0.007096061795924664,-0.001774046157883158,-2.7038246443089775e-12,5.0147780316657496e-12,-1.7532243334747408e-12,3.1130194434888516e-11,1.5,2.0,5.258373872734049,5.258373872990019,5.258373872976343,5.25837387271291,9.700323816146053,0.0017334705213482412,2.0000000024821496,1.0000000000000433,-2.568469221771388e-12,2.3903168413077164e-10,0.007096061795924664,-0.001774046157883158,-2.7038246443089775e-12,5.0147780316657496e-12,-1.7532243334747408e-12,3.1130194434888516e-11,1.5,2.0,3.101876376434303e-12,3.821114091816928e-11,-6.44675943521566e-10,3.1018763765148254e-12,6.956150085308077e-11,0.49999999937948425,-1.2842346092918627e-12,-0.499999999994549,-2.0000000000066245
9.8,9.800323816146069,0.0017334705211310764,2.0000000025028335,1.0000000000002527,4.966062556221436e-13,1.7466855555801382e-10,0.007096061798457828,-0.001774046158115849,1.466392349858599e-13,4.574967459652157e-11,-2.495933519307442e-12,2.591058158700073e-11,1.5,2.0,5.258373872550026,5.2583738724830935,5.2583738724093765,5.258373872485381,9.800323816146069,0.0017334705211310764,2.0000000025028335,1.0000000000002527,4.966062556221436e-13,1.7466855555801382e-10,0.007096061798457828,-0.001774046158115849,1.466392349858599e-13,4.574967459652157e-11,-2.495933519307442e-12,2.591058158700073e-11,1.5,2.0,2.239716997560966e-12,2.3278081681871555e-11,-1.3354258720617287e-09,2.2397169975480076e-12,4.937191352659615e-11,0.49999999937441797,2.483031275003411e-13,-0.5000000000000406,-1.9999999999992832
9.9,9.900323816146098,0.0017334705213617621,2.0000000025136315,1.0000000000003713,1.846785687162198e-12,4.134335638350555e-11,0.007096061802469543,-0.00177404615833133,1.6990185445254492e-12,3.453969988059726e-11,-1.5932643588281001e-12,5.166755140326998e-12,1.5,2.0,5.258373872887675,5.258373872716969,5.2583738726577645,5.258373872853408,9.900323816146098,0.0017334705213617621,2.0000000025136315,1.0000000000003713,1.846785687162198e-12,4.134335638350555e-11,0.007096061802469543,-0.00177404615833133,1.6990185445254492e-12,3.453969988059726e-11,-1.5932643588281001e-12,5.166755140326998e-12,1.5,2.0,-7.526369209479911e-13,7.53911722142491e-13,-7.770154554969332e-10,-7.526369209576005e-13,5.957208273492285e-12,0.49999999937177775,9.233928424205644e-13,-0.5000000000030269,-1.9999999999956048
10.0,10.000323816146128,0.0017334705216992406,2.0000000025138855,1.0000000000002658,1.483389416923816e-12,-3.623121316481248e-11,0.007096061804487267,-0.001774046158365284,1.5147659702250261e-12,5.808236274836919e-12,8.880595121283361e-13,-8.846889344054295e-12,1.5,2.0,5.25837387286996,5.25837387275622,5.258373872749762,5.25837387288592,10.000323816146128,0.0017334705216992406,2.0000000025138855,1.0000000000002658,1.483389416923816e-12,-3.623121316481248e-11,0.007096061804487267,-0.001774046158365284,1.5147659702250261e-12,5.808236274836919e-12,8.880595121283361e-13,-8.846889344054295e-12,1.5,2.0,-1.2154633180490422e-12,-5.3883247248214616e-12,-7.063408140474082e-10,-1.2154633180358261e-12,-1.4297782898073368e-11,0.4999999993716615,7.416947075296402e-13,-0.500000000002764,-1.9999999999962443
10.100000000000001,10.100323816146151,0.0017334705219295998,2.000000002506736,1.0000000000002303,9.575997241912217e-13,-1.0674180348647272e-10,0.007096061804089602,-0.0017740461581591807,7.027452054071784e-13,-1.3790342541513297e-11,3.118661588666237e-12,-7.422341707779861e-12,1.5,2.0,5.258373873562555,5.258373873559818,5.258373873587975,5.25837387356067,10.100323816146151,0.0017334705219295998,2.000000002506736,1.0000000000002303,9.575997241912217e-13,-1.0674180348647272e-10,0.007096061804089602,-0.0017740461581591807,7.027452054071784e-13,-1.3790342541513297e-11,3.118661588666237e-12,-7.422341707779861e-12,1.5,2.0,-1.7387496284858145e-12,-1.2820431635894533e-11,6.9961254564283e-10,-1.7387496284786566e-12,-2.0295267187834905e-11,0.4999999993734311,4.787998614954984e-13,-0.5000000000011755,-1.999999999997988
10.200000000000001,10.200323816146168,0.0017334705220083883,2.0000000025006233,1.000000000000151,2.3101464567675754e-13,-3.6933381962844096e-11,0.007096061802837281,-0.0017740461580391328,2.186224034299248e-13,-1.18635715412318e-11,1.293543288096705e-13,-3.4835966588580634e-12,1.5,2.0,5.258373873406656,5.258373873460623,5.258373873479814,5.258373873419098,10.200323816146168,0.0017334705220083883,2.0000000025006233,1.000000000000151,2.3101464567675754e-13,-3.6933381962844096e-11,0.007096061802837281,-0.0017740461580391328,2.186224034299248e-13,-1.18635715412318e-11,1.293543288096705e-13,-3.4835966588580634e-12,1.5,2.0,-1.7447948952606838e-13,-2.7803697737184743e-12,4.618206269890534e-10,-1.7447948952525794e-13,-6.288603856625916e-12,0.4999999993749197,1.155073226939586e-13,-0.5000000000002864,-1.9999999999994411
10.3,10.300323816146182,0.0017334705220381941,2.0000000024997084,1.0000000000001228,1.1918608198740883e-13,9.155183301767702e-12,0.00709606180219298,-0.0017740461580662231,1.5584401768897195e-13,-2.8693730271399167e-12,-5.423008130947807e-13,1.2591695741943305e-12,1.5,2.0,5.258373842783028,5.258373843155758,5.258373843917267,5.258373843174471,10.300323816146182,0.0017334705220381941,2.0000000024997084,1.0000000000001228,1.1918608198740883e-13,9.155183301767702e-12,0.00709606180219298,-0.0017740461580662231,1.5584401768897195e-13,-2.8693730271399167e-12,-5.423008130947807e-13,1.2591695741943305e-12,1.5,2.0,9.945469052863596e-11,3.9836465364231833e-10,-5.585072413058502e-08,9.945469052863581e-11,3.9963272858007355e-10,0.4999999993751343,5.95930409192218e-14,-0.5000000000001892,-1.999999999999647
10.4,10.400323816146672,0.0017334705240199112,2.000000002221723,1.000000000009368,2.983954378928406e-11,-5.566220920448366e-09,0.007096061806264844,-0.001774046160023746,8.910932844036755e-12,8.461728689107735e-11,-3.7364645083991125e-11,1.7411573455122737e-10,1.5,2.0,5.258373898337032,5.258373897657923,5.258373896052057,5.258373897602008,10.400323816146672,0.0017334705240199112,2.000000002221723,1.000000000009368,2.983954378928406e-11,-5.566220920448366e-09,0.007096061806264844,-0.001774046160023746,8.910932844036755e-12,8.461728689107735e-11,-3.7364645083991125e-11,1.7411573455122737e-10,1.5,2.0,-9.869362452492256e-11,-5.340838420817506e-10,4.537365401606288e-08,-9.869362453015484e-11,-3.5873668965595504e-10,0.49999999944925333,1.4919771878068233e-11,-0.5000000000084541,-1.9999999999567941
10.5,10.500323816147098,0.0017334705260460574,2.0000000018916797,0.9999999999992324,-6.863806859254718e-12,-1.0367496497164103e-09,0.007096061805985957,-0.001774046159426729,8.778830376489182e-12,-9.01997235517107e-11,4.9285938276177873e-11,-1.7684244184571537e-10,1.5,2.0,5.258373892379901,5.258373892367658,5.258373892615618,5.258373892442452,10.500323816147098,0.0017334705260460574,2.0000000018916797,0.9999999999992324,-6.863806859254718e-12,-1.0367496497164103e-09,0.007096061805985957,-0.001774046159426729,8.778830376489182e-12,-9.01997235517107e-11,4.9285938276177873e-11,-1.7684244184571537e-10,1.5,2.0,-7.607462973249714e-11,-1.1094841603867189e-10,3.596109216959271e-08,-7.607462973371954e-11,-2.890415601492316e-10,0.49999999952669627,-3.4319034263813277e-12,-0.5000000000183256,-1.9999999999936957
10.600000000000001,10.600323816146723,0.0017334705249487255,2.0000000019675834,0.9999999999937227,-1.6196995767042676e-11,2.5531424233390375e-09,0.007096061797624204,-0.0017740461553116958,-6.548950261906542e-12,-7.757920284086187e-11,3.083733904217219e-11,-1.3028897611574384e-10,1.5,2.0,5.258373875027957,5.258373875405752,5.258373876277782,5.258373875358413,10.600323816146723,0.0017334705249487255,2.0000000019675834,0.9999999999937227,-1.6196995767042676e-11,2.5531424233390375e-09,0.007096061797624204,-0.0017740461553116958,-6.548950261906542e-12,-7.757920284086187e-11,3.083733904217219e-11,-1.3028897611574384e-10,1.5,2.0,1.9463049150264705e-11,1.495048740536162e-10,4.244921543096774e-09,1.946304914813949e-11,1.8294440874216367e-11,0.4999999995049655,-8.098497875554102e-12,-0.49999999999317934,-2.00000000002602
10.700000000000001,10.70032381614622,0.001733470522849375,2.000000002244095,0.9999999999962106,-8.381286495111838e-12,2.9769117909913413e-09,0.007096061794959992,-0.0017740461548938716,-1.0560851550847917e-11,2.415257849056323e-11,-2.305043674947353e-11,4.999379909941482e-11,1.5,2.0,5.258373867048249,5.258373867156806,5.258373867123557,5.258373867128428,10.70032381614622,0.001733470522849375,2.000000002244095,0.9999999999962106,-8.381286495111838e-12,2.9769117909913413e-09,0.007096061794959992,-0.0017740461548938716,-1.0560851550847917e-11,2.415257849056323e-11,-2.305043674947353e-11,4.999379909941482e-11,1.5,2.0,5.100745163634807e-11,1.0526750981317841e-10,-1.1446639436284563e-08,5.100745163677005e-11,1.556148855596099e-10,0.4999999994370815,-4.190643242853818e-12,-0.49999999998266764,-2.000000000024223
10.8,10.800323816146102,0.0017334705218246197,2.000000002472052,1.000000000000245,5.457226717997377e-14,1.8346613880515793e-09,0.007096061797861846,-0.0017740461565486823,-5.14371653764435e-12,3.228421942195347e-11,-1.176406747077963e-11,5.7029850001736704e-11,1.5,2.0,5.2583738652782674,5.258373865382058,5.258373865514285,5.258373865235929,10.800323816146102,0.0017334705218246197,2.000000002472052,1.000000000000245,5.457226717997377e-14,1.8346613880515793e-09,0.007096061797861846,-0.0017740461565486823,-5.14371653764435e-12,3.228421942195347e-11,-1.176406747077963e-11,5.7029850001736704e-11,1.5,2.0,4.0841194370425155e-11,9.245948858297968e-11,-1.4693592206749676e-08,4.084119437042202e-11,1.4989267706921896e-10,0.4999999993821095,2.7286133556260517e-14,-0.499999999989468,-2.0000000000076605
10.9,10.900323816146301,0.0017334705219897442,2.000000002582143,1.0000000000034335,6.535284044135245e-12,3.6783938506038035e-10,0.007096061802577501,-0.0017740461586387684,1.2184312128103767e-12,6.225459517886908e-11,-2.913368807003554e-11,7.050632630843e-11,1.5,2.0,5.258373869078564,5.258373868945449,5.25837386859898,5.258373868987361,10.900323816146301,0.0017334705219897442,2.000000002582143,1.0000000000034335,6.535284044135245e-12,3.6783938506038035e-10,0.007096061802577501,-0.0017740461586387684,1.2184312128103767e-12,6.225459517886908e-11,-2.913368807003554e-11,7.050632630843e-11,1.5,2.0,8.92081396616948e-12,-1.4927187841668e-11,-8.02012314316545e-09,8.920813965705444e-12,5.607778811833875e-11,0.499999999356181,3.2676420178488632e-12,-0.4999999999990037,-1.999999999991637
11.0,11.000323816146652,0.00173347052295558,2.0000000025788762,1.0000000000033542,6.062116708035384e-12,-4.3279707455873005e-10,0.007096061806751341,-0.0017740461603088739,4.976419499176176e-12,2.1355518025954936e-11,-3.734253497728886e-12,4.888450357996188e-12,1.5,2.0,5.258373869078564,5.258373868945449,5.25837386859898,5.258373868987361,11.000323816146652,0.00173347052295558,2.0000000025788762,1.0000000000033542,6.062116708035384e-12,-4.3279707455873005e-10,0.007096061806751341,-0.0017740461603088739,4.976419499176176e-12,2.1355518025954936e-11,-3.734253497728886e-12,4.888450357996188e-12,1.5,2.0,-7.1980385259475324e-12,1.0029599714579562e-11,-7.99257570055402e-09,-7.198038525977376e-12,1.4952623198092224e-11,0.49999999935695805,3.0310583501093297e-12,-0.5000000000065989,-1.9999999999864733
