x,y,z,v_x,v_y,v_z,phi,theta,psi,omega_x,omega_y,omega_z,wx,wy,Ax,Ay,Az,rx,ry,Wax,Way
0.0,0.0,2.0,1.0,0.0,0.0,0.0,0.0,-0.7853981633974483,0.0,0.0,0.0,1.5,2.0,-0.04711289211950136,0.0861424898765373,-1.4059952757490544,0.5,0.0,1.353553390593274,-2.4748737341529163
0.07084264279099786,-0.07026712802469053,1.9929781504896702,0.995906352334351,0.0057882625912011945,-0.14035643540115192,0.003314709683805456,0.002127397860833269,-0.7835063427275304,0.06623851744543333,0.04262974054753746,0.037772896762785,1.5,2.0,-0.023277914732487272,0.01190149623228881,1.1519819400231561,0.49970761199246416,0.0029043281732812933,1.3447770957536977,-2.469749902007768
0.14186399704440286,-0.14001829083772352,1.9846949538025158,0.9955720453822572,0.005125543930630098,-0.025383809457861985,0.00951584767993117,0.005451322653822535,-0.7813438279032918,0.057645941815044226,0.024077431622495853,0.005060490667563063,1.5,2.0,0.011919117391937144,-0.02119809688194328,0.9225492476977399,0.5016247174281475,0.0025825348730846363,1.3390885892536541,-2.4711612698465326
0.21285827991933567,-0.2099468991831047,1.9867629045202042,0.9976538128267449,0.002241912308281213,0.06668082641149894,0.012985222365379141,0.006769191771474962,-0.7823425689755952,0.011875568514649437,0.0020237593790797723,-0.025330960445182755,1.5,2.0,0.020270985113739717,-0.017018404478729723,0.09956240916201156,0.502150412893719,0.0011284246868010787,1.3436433543086388,-2.4737005824167375
0.2836970680084723,-0.28034714312143644,1.993928106067309,0.9998380195669404,0.00028433306607218397,0.07661789989725136,0.012560380814063058,0.007161304328419656,-0.7847006522308119,-0.020044766252768947,0.00520830574989761,-0.021927919795829073,1.5,2.0,0.020591759809409284,-0.010312100506850608,-0.3668900655757697,0.5014413591566018,0.00014259945742626777,1.3516650722288863,-2.474835406464767
0.35445191502176443,-0.3511457338644135,1.9997579227766251,1.0020813106046549,-0.0005645211251409123,0.04000328959783259,0.010336459174314378,0.007504085800061171,-0.7860829640775885,-0.02423192828594487,0.0013211913785219462,-0.0057957289440894915,1.5,2.0,0.02335943767617055,-0.005231192473933346,-0.4033002791598652,0.5011013079089515,-0.00028229473113279915,1.3573294133820981,-2.475195561396201
0.4252781698615199,-0.42218009326452727,2.001744516966951,1.0038295707431715,-0.0006363158266733838,-0.00024332082752559622,0.008491887544400981,0.005576894134498366,-0.7861616827961613,-0.01264377938173188,-0.03988271211266078,0.0045693301944858405,1.5,2.0,0.006085601779447899,0.00021470107074822269,-0.23478098916437132,0.5014773674835272,-0.0003178806392523714,1.3592724722041725,-2.475239383755141
0.49615384588784806,-0.4931981758752604,2.0005481031447068,1.0019037411812686,-0.000256122282880968,-0.023667858708211618,0.007828755676102913,-0.0003791977815811793,-0.7856467614332167,-0.0006438745090003184,-0.07915207753968544,0.006683364684060524,1.5,2.0,-0.05091580430452056,0.0027309378967274,-0.016109290207457754,0.5008146215561392,-0.0001280260556986176,1.3560723695923165,-2.475041887283447
0.5667431421838389,-0.5637937248776835,1.998100664991202,0.9939800196121331,0.0001657331955613411,-0.025282649560709424,0.008053178564662946,-0.005141004549809834,-0.7851831952718274,0.005156010514187998,-0.016007878572281087,0.0033365802551368886,1.5,2.0,-0.09853139216887559,0.0018909795714739282,0.23690438457211765,0.497462433714024,8.294536830158697e-05,1.3470013830726453,-2.4747839464828925
0.63675817328287,-0.6337310312370047,1.9967556654841663,0.9866245727034663,0.0003298464218445255,-0.0016290717105026443,0.008616938200045207,0.0030719611821182517,-0.7850983993709125,0.0061347786333672116,0.1802747535153392,-0.0030238397068775447,1.5,2.0,-0.015226045458125666,0.0010733828118500586,0.4103599265678205,0.4941138216148409,0.00016519117864355502,1.3394360693072498,-2.4746497591232597
0.706753528072257,-0.7036654858449479,1.9986389775401305,0.996387735466162,0.00016547741725995557,0.03921104673135079,0.009161465830134016,0.027219098407195347,-0.7854207200484425,0.004877914792371601,0.3025909263921373,-0.007729957145181854,1.5,2.0,0.22966227692500718,0.0007811168990955525,0.3500425338027476,0.4985331251232218,8.279505159236941e-05,1.3499969508325624,-2.4747002811256067
0.7782633152571634,-0.7752138787161597,2.004296293068287,1.0290573512013017,-0.0003085449680801792,0.07383196954441154,0.009438303746699604,0.04090084757488231,-0.7858157510273588,0.0009222239410038339,-0.02904104402899748,-0.002707399444289312,1.5,2.0,0.350368967753896,-0.0030303447475278533,-0.07423557100853594,0.5134257618298361,-0.00015394179450775792,1.3836441875952932,-2.475034423819332
0.8519169801000657,-0.8490120614045162,2.0113212107630187,1.0488536358900755,-0.0009399652976415521,0.0668363166244355,0.009178938423274238,-0.004432421735280971,-0.7857030581879744,-0.005990764135388767,-0.8775647649550696,0.013429930388000742,1.5,2.0,-0.08319895311558519,0.0008272071276559413,-2.063426244438326,0.5214749540140237,-0.00046733723714123467,1.4031615861471023,-2.4757057878321023
0.9248163571569278,-0.9219700101534083,2.00765711075097,0.9985719025577675,0.00013074381263579918,-0.14093087543542238,0.008326231806865198,-0.12346270166942795,-0.7849938835362655,-0.009960468211473894,-1.502826616656645,0.021588592787642007,1.5,2.0,-1.0075019007834145,-0.0007004839043513109,-2.0651761241329814,0.49738169790569897,6.512258091068851e-05,1.3511247226758356,-2.474885722602648
0.9907705754607045,-0.9876879363858935,1.9829807865224591,0.848602556999255,0.00223900283822101,-0.3552945726613251,0.007598239351153577,-0.2412326961505841,-0.7846396700860236,-0.0037776417752042215,-0.8524410031129972,0.004056804804066125,1.5,2.0,-4.234505229277807,-0.050851340988884434,7.244376085873836,0.42794290432205545,0.0011291096986106128,1.200278670896779,-2.472902187258606
1.0349800594919252,-1.0318450688889624,1.983317891477748,0.4009367430029253,-0.002317824693627938,0.3615144841000453,0.007979011142312415,-0.2427013121220994,-0.7851411821021189,0.008925921735381911,0.8229931757422895,-0.013630054859149693,1.5,2.0,-1.8951328996815724,0.029849623467675196,-2.2738566921689154,0.20215455360219223,-0.0011686602049966648,0.7538541256709954,-2.477282333734256
1.0574419124633325,-1.054469720473084,2.0083880436933144,0.2514975929217644,-0.00020515513461680354,0.14281920868057232,0.009017673695792561,-0.1269814868625229,-0.7854362386916576,0.01062550021969981,1.4912711169020487,-0.011896075431334687,1.5,2.0,-0.9942974890599664,0.019889338462775113,-2.191810715853577,0.12522360592192844,-0.00010214915153524545,0.6051452148042955,-2.475065425844224
1.0729571468803079,-1.0699112234165558,2.011885925877466,0.20149542223663436,0.00114711696791992,-0.07175694538353192,0.009613702754553172,-0.00825699260370964,-0.7852378813165607,0.0014186130162458176,0.883152708088498,-0.006421938043182104,1.5,2.0,-0.0998292899400773,-0.006338827161361443,-0.05645274454688915,0.10015250847224547,0.0005701699848710931,0.554652130378108,-2.4737832536677224
1.0876807668686874,-1.0845208655589536,2.0044209321192428,0.220810737415149,0.00043460336156326163,-0.07768123105359473,0.009380839275575618,0.03779082167594097,-0.7852290116744383,-0.00610220854966682,0.03776320249388693,-0.0022414774230072173,1.5,2.0,0.3652242189864933,-0.009015243421040781,0.38086625283663317,0.11016185965574071,0.0002168224022205567,0.5739454937960657,-2.4744988995503414
1.1045354425774763,-1.1013611352389427,1.9985577961630154,0.25346526464935887,-0.0001629372899726012,-0.03952943766896057,0.008782026401375518,0.02469460897335752,-0.7854153284129785,-0.005745205995790319,-0.29971092714025555,0.0008666624860262609,1.5,2.0,0.23084452660718524,-0.0036936264781870748,0.39292702101389915,0.12682408541598392,-8.152743457578296e-05,0.6070611364366272,-2.4750306023288533
1.1229300543162697,-1.1197929127632,1.9965756435253643,0.26323651924749175,-0.0002748817045552643,-8.659317563509874e-05,0.008438897061082938,0.0006077292023851228,-0.7854928168954644,-0.001090993638737063,-0.1820222811962213,0.0017157071277242495,1.5,2.0,-0.015405239293248144,0.001379542406168837,0.18110733440783242,0.13184400005135474,-0.00013767657912019013,0.6170241637127085,-2.4751151397058173
1.1413187911672118,-1.1382104594688396,1.9974709649925613,0.25589965248772517,-0.0001068794248861413,0.017976146239790887,0.008497356911369748,-0.00772747615267148,-0.7854393736568317,0.0022636544225802073,0.015333150868378767,0.0007577549141620009,1.5,2.0,-0.09680918035160846,0.002823695902601457,-0.02852880584219484,0.12811182589013412,-5.35073734533805e-05,0.609555032969278,-2.474966041449353
1.1591082885259503,-1.1560005045283148,1.9991264175308932,0.2480620223168593,6.558070162205407e-05,0.015138658897395062,0.008730057164607447,-0.002887947276225155,-0.7853740059756232,0.0023987154748032163,0.08146503770625904,-0.00028622636384097297,1.5,2.0,-0.04901071779057558,0.001348822390247671,-0.08999589407954159,0.12408521049070971,3.280467960753194e-05,0.6015556262382156,-2.474816693667543
1.1765644612693986,-1.1734421133405073,2.000190935814927,0.24645432825022007,9.914402268958689e-05,0.0061563546036119505,0.008890358312419236,0.0031887701915152837,-0.7853607493602945,0.0008077468450904896,0.04006691602848917,-0.0005203186862623555,1.5,2.0,0.010184128655037566,-0.00034432317910108,-0.0681467953809341,0.12321540100860848,4.9567279260363804e-05,0.5999151235782213,-2.474787816257739
1.194064388571376,-1.1909311616006462,2.000466056569778,0.24860645122308042,3.9700275548776236e-05,-0.0006510326616735524,0.008905843120836367,0.004687253576908942,-0.7853848792880972,-0.0004961297637674376,-0.010102732211965934,-0.00022919258912149946,1.5,2.0,0.024904864261135338,-0.0009441662416610081,-0.02542802999535228,0.12427426619243355,1.9845513208482402e-05,0.6021269652918451,-2.474838730300902
1.211717086049395,-1.2085835198820807,2.0002740583659584,0.2504347668644247,-2.473813590800112e-05,-0.0031863853423345074,0.008840003912917631,0.003173691793074023,-0.7854090107186709,-0.0008186526821843969,-0.020171598316505255,1.5178150060862388e-05,1.5,2.0,0.010132285198949108,-0.0006453308339867721,0.007076696791017264,0.12520022734735012,-1.2367373262946739e-05,0.6040150031872773,-2.474894637036025
1.2294394129567567,-1.2263124822448705,1.9999908470516208,0.25072619709261673,-5.0143404987271486e-05,-0.002477659388648771,0.008768001209848077,0.0019790363863889686,-0.7854158893647454,-0.0006210293421103027,-0.0037217958264570087,5.772800070017488e-05,1.5,2.0,-0.0015768867970832544,-7.899241042308257e-05,0.02197712373273025,0.12536367226991882,-2.50718172341602e-05,0.6043234571612194,-2.4749176100932497
1.2471581477543041,-1.2440380752261972,1.9998528509766762,0.2505567824540728,-3.1825918948222585e-05,-0.00028350874396815555,0.00871646355992626,0.0021279853893071804,-0.7854067359608452,-0.0004100953391850585,0.006702261776914685,9.937197393012251e-05,1.5,2.0,-9.996814035190596e-05,0.00039303021519363076,0.024615580741667604,0.1252876092017007,-1.5914130348480206e-05,0.6041313890463407,-2.4749025291220716
1.2648790593083246,-1.2617600913086946,1.9999474249032378,0.2507072575726116,1.9563893415025905e-05,0.0021735394235369403,0.008693022787263567,0.00228312983541811,-0.7853877827356756,-5.957537421181434e-05,-0.0035961922356488336,0.00025264404007957253,1.5,2.0,0.0013989433547317784,0.00067187559124575,0.014331935741824344,0.1253569241125133,9.782203857670135e-06,0.604234957319672,-2.474857840244324
1.2826067924314988,-1.2794798733710264,2.0002363786240713,0.2504055560531936,7.716346910647898e-05,0.0036049898785479226,0.008731688615604074,0.001113905204748817,-0.7853711074454337,0.0008323038121728685,-0.019784509178327254,0.0002844685520779057,1.5,2.0,-0.01011186141586634,0.0005629095923952134,-0.01784436910237794,0.12518798214511193,3.8577175143449006e-05,0.6038919864520769,-2.474806135501545
1.3002644509171137,-1.2971237448249233,2.0005077631984403,0.24859525573995322,8.335087649178061e-05,0.0018236135341747207,0.008870589214887818,-0.00035361143140704343,-0.7853779086397773,0.0019455919477875945,-0.009565899671578906,-0.00016268857897161704,1.5,2.0,-0.024401258118502713,-0.00021948905151998496,-0.0702531801630153,0.1242660789991115,4.166486030452491e-05,0.6020985182929551,-2.4747975439070093
1.3177630593491427,-1.3146160402839515,2.00033923794651,0.24650008831851478,-2.3421165680826533e-05,-0.005190358731958591,0.00905484460937333,0.001174769805309077,-0.7854205683390127,0.0017399861039485483,0.04012461292322306,-0.0009657858065406609,1.5,2.0,-0.00949229422805376,-0.0014534885179972273,-0.10956795294244273,0.12322914215868934,-1.1708596840238968e-05,0.600108928224438,-2.4748892333543715
1.3352080001180398,-1.3320792145765574,1.9992727757043403,0.24814649491704677,-0.00021324008384534658,-0.01613642793803462,0.009072002289992985,0.007200092063585843,-0.7854729328190297,-0.001392423828073932,0.08036735961536458,-0.0011773535242215233,1.5,2.0,0.04928318640626398,-0.002051409081291485,-0.05519902379065607,0.12411837840868173,-0.00010665882436688634,0.6018849293994732,-2.4750605323364243
1.3529800935085186,-1.349894593738093,1.997382602854836,0.25589605562062595,-0.00029657435018545856,-0.021670801640018146,0.0086802559452982,0.011896290478905603,-0.7854770160881823,-0.006443248797229492,0.013552027469703621,0.000253759512695459,1.5,2.0,0.09760906692136644,-0.0006226888598088887,0.17902150604376837,0.12811569263438896,-0.00014848149261016303,0.6096445955677092,-2.4751424221728953
1.3713612379839204,-1.368308449678408,1.996110288732108,0.2630576043018647,-2.8652974259561274e-05,-0.003772729550117979,0.007959418497218766,0.003455707345429647,-0.7853875478451052,-0.007983496874372114,-0.18234340925209672,0.0029225678783888175,1.5,2.0,0.01398456485078674,0.003725198177462859,0.4473259778419465,0.13178510515516353,-1.4354404373999348e-05,0.6165847227235506,-2.474906140152253
1.3897778632513405,-1.3866830503190182,1.9979663554720348,0.25316508383580544,0.0006362876818462792,0.04083627368937923,0.007602742451916734,-0.020482074524185667,-0.7852242275998852,0.0008821500119500175,-0.2963726971943584,0.004022378407209675,1.5,2.0,-0.23156566667794515,0.006966637950778704,0.46272615242735604,0.12671138487514383,0.00031846766593622214,0.6062879999462893,-2.4742989046247374
1.4066756063048427,-1.4034419547222898,2.0043517991102564,0.22067296141647563,0.0010509947948371095,0.08678305054697512,0.008621579411005213,-0.03308072861191368,-0.7851416551744144,0.019528433103234575,0.04441987181432192,-0.0004218516094097193,1.5,2.0,-0.34271235816752516,0.002070469175035267,-0.060234449568877,0.1100969208671021,0.0005243564504512892,0.5735915149216474,-2.473913347290078
1.4214220336348944,-1.4180702847438396,2.012738781214023,0.20235131863102246,0.0001266397621754424,0.0810618226477339,0.01120007175265449,0.01360751463875991,-0.7853043494578614,0.032107538978761396,0.8892604449219839,-0.012279363026621653,1.5,2.0,0.0835043576886032,0.0039943333265035075,-2.255175607906518,0.10053531065217032,6.291912460645148e-05,0.5556725300138343,-2.4747802517363677
1.4369415235652847,-1.4336078618563213,2.00952771242565,0.25180934836592356,-0.0005774225698743584,-0.1462076999771485,0.01348272951631844,0.132833173036907,-0.7858681486009351,0.014750740320204415,1.4949201074696077,-0.028996419807923335,1.5,2.0,0.991276860976711,-0.009444040256217957,-2.2284176167256278,0.1253077261930222,-0.0002873424269314337,0.6065258539044136,-2.4752847185340987
1.4593158011662632,-1.456206220946965,1.9835006479469954,0.3986659729934461,-0.0014324994109934563,-0.377060930376263,0.011779245859334625,0.24926946963003063,-0.7876174342875746,-0.04176562416339467,0.8331715823193889,-0.036176922258586694,1.5,2.0,4.309818897649251,-0.10582996053611314,7.236718639975477,0.20099109793893022,-0.0007222076849211781,0.7577109036594255,-2.4755155088840106
1.5030522994501696,-1.5009528706064903,1.981627658098165,0.8524291801552635,-0.00632821521916438,0.3392109448505437,0.003730734260953437,0.24918378524403523,-0.7893989481027797,-0.11021206348905721,-0.8352300405574434,-0.00012027380131316031,1.5,2.0,1.8932610194062596,0.05713762779351563,-2.215562989255347,0.4301661700530404,-0.0031934431240416687,1.2158811517843908,-2.4797676554155283
1.5687007379758415,-1.5674170006327044,2.0047729760201785,1.0008400736106302,0.00014949261893399182,0.12676951198537798,-0.00684979406532988,0.13202545904063123,-0.785840091430348,-0.11279969297151606,-1.5082299454684887,0.06538983873007993,1.5,2.0,1.0033249814304874,0.07522799190517367,-1.9039332060127383,0.4992286336567999,7.456835298666115e-05,1.3554871457247568,-2.474567754712744
1.6422891079844955,-1.6399159546913007,2.0081196980784446,1.049188331943124,0.007258189467364135,-0.058630625233829885,-0.010256003901470084,0.011263780178485684,-0.7769121694894423,0.03305933299613908,-0.9085528984769146,0.08909761320381356,1.5,2.0,0.06885885406090068,0.09938053177489818,0.5178296250509166,0.5224730044464406,0.0036144207311493656,1.3817274811845142,-2.4705266507118253
1.717562780672138,-1.7118027472313841,2.0048390866559713,1.0243260172467343,0.0153071972374682,-0.007136244299656881,0.006175946002017546,-0.03571045965437798,-0.7722255028086384,0.29584002648913477,-0.03160356367038053,-0.001691995875461011,1.5,2.0,-0.42900743388978174,0.021402131816032142,0.8872558772395516,0.5109267990955265,0.007635125102733445,1.3452490052680448,-2.4640089253575255
1.7902246912854212,-1.7811310672449603,2.00855203117784,0.9874104904257885,0.006420072035587964,0.08127797797899726,0.04349463983767835,-0.017221298834683416,-0.7799787923068079,0.4469314775414706,0.3960928600261692,-0.16416727782721183,1.5,2.0,-0.2174867805191583,-0.1750997093601583,0.0681517337171104,0.4916031425119511,0.0031963682971275346,1.3275464956580674,-2.470333346846604
1.8589105748831423,-1.851443736618984,2.0169935882873484,0.9847467351064494,-0.024586378897476793,0.08725874730026095,0.07215449125845068,0.01989193881932807,-0.8005422161594717,0.12804376685826147,0.31961896849408317,-0.2912397232508713,1.5,2.0,0.1342312653881362,-0.2403635046016861,-1.0439732087234166,0.48822502006196694,-0.012189616784232497,1.3757377699099091,-2.4938222952698514
1.9245197377636454,-1.9263281770681355,2.020506573274648,1.0075960673142097,-0.03822905212122112,-0.01670904181632052,0.03920232603775859,0.034166809164007786,-0.8338929710288868,-0.7676984083099451,-0.07365766330257714,-0.3943095234620837,1.5,2.0,0.23683395508877347,0.18646337330819107,-1.8307966152161996,0.49868487469515743,-0.018920528458990882,1.4807052944176777,-2.4930544347563197
1.9901247150504429,-2.0040441447992663,2.0097146292284593,1.0217967392831473,0.00756943812821032,-0.1992125768808948,-0.08167233097501987,0.005623076062388018,-0.859446516628978,-1.6365940774802992,-0.496278101643956,-0.131420735963454,1.5,2.0,-0.007953689506417026,0.8942299167477152,-1.414976821111374,0.5084287711412145,0.00376642435603719,1.557474174175729,-2.4343662051160795
2.0614697517115106,-2.076290614387217,1.982438925469276,1.0045917175740018,0.046204671026228245,-0.3501580526567564,-0.24787586754913724,-0.043581978082535215,-0.7535622088110915,-1.607603929715987,-0.9092239775479201,2.0512629906330258,1.5,2.0,-0.511333627877752,1.701989307106315,2.4816454575636095,0.5067453552629362,0.023306983348952773,1.2791892959927738,-2.438668800586873
2.146657438184354,-2.124368819840627,1.9588584621593017,0.9674921687105864,0.03413480776297276,-0.13103094490762382,-0.38828862828760585,-0.038631870732935635,-0.3211735965442475,-0.6843054293677748,-1.8559680154190452,6.15120726383479,1.5,2.0,-0.38134761788524973,2.0153145947087987,2.8763942658110975,0.49390611287152114,0.017425867372441527,0.17555450963130725,-2.3371169174092055
2.2414890914831185,-2.124504906353036,1.9597163056187066,0.9641779019993558,-0.034917551878675734,0.147693722865017,-0.39257953223052505,0.03213600299463734,0.3202948302095782,0.6456595326917085,-1.8397002710251456,6.187516861802002,1.5,2.0,0.29754153767011193,1.6735314587753933,1.9013272406236554,0.4919987139133146,-0.017817656452907775,-1.0892288680897,-1.4609332027578765
2.3262112726837105,-2.076611539242711,1.9848117563555514,0.9995517434414282,-0.04381153820375486,0.36341818308072427,-0.2560768190268254,0.04433592147661439,0.7548738450257453,1.596992903325442,-0.8546681491783276,2.085881991784426,1.5,2.0,0.3433035934334407,0.6391524526211252,-1.7601870470501273,0.5036002735477411,-0.022073397169009225,-1.4633788177543265,-0.47273233593681574
2.3970886376792278,-2.0044214876811046,2.0128767683337436,1.0203112166440553,-0.0075954601924990706,0.20209624554667235,-0.0887778353654748,0.00196872492265557,0.8614855742702162,1.662769917191344,-0.4356537453920493,-0.1391792257982351,1.5,2.0,0.06782114699020012,0.8377694188582308,-1.9200531695196488,0.5068920426205065,-0.003773435270350197,-1.474277100394522,-0.17200083873784472
2.4627927736105817,-1.9265199904608157,2.023598683158502,1.0137432618346673,0.037242749098254355,0.01278380444809874,0.03398208267165202,-0.023083311814051235,0.8337220538652799,0.7836302888542164,-0.061229342422244364,-0.4322318524529859,1.5,2.0,-0.16894240071580802,0.1598099901899443,-0.9894464744303062,0.5009606253807115,0.01840421690733886,-1.4753198006135644,-0.19634892702876416
2.52933249989177,-1.8510621391649338,2.0198977438665398,0.9985702341826588,0.02278948342625523,-0.08699200693280347,0.06697432597744267,-0.016613132616911868,0.7978973617906548,-0.13879697449372658,0.1523885984567627,-0.2915431666345949,1.5,2.0,-0.11472567292790573,-0.32228885016528175,-0.22607625909475246,0.49436672584779967,0.011282493628925501,-1.4805291966800003,-0.29980315737083363
2.5992041112316646,-1.7801581530002564,2.0100944074773546,0.9947771186696176,-0.0076338317355050455,-0.10877236851725203,0.03520856971386263,-0.0028026946592327844,0.7774620973641995,-0.5009055670393949,0.10065698174377381,-0.13185423291025694,1.5,2.0,0.023831098623860913,-0.21082035750813619,0.40798392267731476,0.4948907449168278,-0.00379774786055219,-1.4772128871009191,-0.3808166440012648
2.671455564665762,-1.7114363595823165,2.001273801527189,0.9997312848436654,-0.014868970746005704,-0.06756789462985467,-0.007509211408381053,-0.0002607707894129315,0.7731516932240028,-0.35364530800256655,-0.05277821516982134,0.044091130707087575,1.5,2.0,0.04791843113105102,0.04554291693438199,0.23480939518454078,0.4995474802502096,-0.007429753357416195,-1.470627192931675,-0.3987035591867868
2.7435138383969573,-1.6419533653408505,1.9956834518965412,1.000834045577561,-0.0034455790672283013,-0.04431343020050865,-0.02553588372737034,-0.008605018366178146,0.7825470526102625,-0.005879016897764642,-0.11790152136020178,0.1402990259233164,1.5,2.0,-0.032759984669983734,0.1239082952970541,-0.09805469979641387,0.5014993959219569,-0.0017265158279254622,-1.4730216111447776,-0.36405366231396463
2.8136727201573657,-1.5709984477677414,1.99076340552171,0.9939932907340762,0.007755663196334306,-0.054047259350680436,-0.011523669141989077,-0.01416336170557293,0.7929425792403184,0.28846188258595534,0.0023679408345733365,0.06493790110273837,1.5,2.0,-0.08908173081560401,0.06248452823172326,0.16163785046063092,0.49930257306170694,0.0038958236698658903,-1.4834773395588088,-0.32711636614648104
2.8825424249439826,-1.4998039735510806,1.9861689560129558,0.9889007840952546,0.008087799644184112,-0.037856577349975135,0.021047868427276985,-0.0025897736657900317,0.7895864438489419,0.3629440849405204,0.2272441612974667,-0.1340275675953569,1.5,2.0,0.022811117668828207,-0.07945623642449856,0.9470977961184125,0.49789358609268486,0.004072060244270254,-1.4874320197767412,-0.3350970550150202
2.9531141888155443,-1.4297610391011863,1.9870972763363048,1.0042670383787449,-0.009601213373747308,0.05619236965014451,0.04321976967625556,0.022172577980803396,0.7713440722081696,0.084712920660149,0.2549240215855315,-0.2479224425969047,1.5,2.0,0.3109257660460073,-0.22874549266779315,1.7968112175399826,0.5053939987429072,-0.0048317782365690076,-1.4653935763664443,-0.39790064419539417
3.0286681566652915,-1.3608358304357973,2.001689558542377,1.040861422252101,-0.03419190990704755,0.2357060586641342,0.01893730673012006,0.02307446999027478,0.7554104580241154,-0.562583822454236,-0.24874638392154358,-0.07281831357340107,1.5,2.0,0.2894979265020985,-0.10161140545042494,0.4707819743758504,0.5199914331421365,-0.017081524835422517,-1.4222989488032007,-0.46179100539569307
3.106993873095473,-1.291272368125272,2.027616661567138,1.0412828464618786,-0.02230257917647088,0.28237260261994285,-0.07140942048793676,-0.04590293627106522,0.7657412725906521,-1.2361098965954274,-1.1425391571148036,0.24092355335210766,1.5,2.0,-0.16371847821780594,0.10702788480572278,-5.2834972940037295,0.5135501528464826,-0.010999406149697593,-1.426163452857418,-0.4244328565437795
3.18052927209859,-1.2200164677198018,2.029296519368141,0.9972477885548537,-0.0014781490718218698,-0.2508765837431006,-0.20282916443601143,-0.17613146500553573,0.8069594420416688,-1.2985653303766667,-1.5500056819378714,0.2099396589446344,1.5,2.0,-0.9221081559645459,0.9876788310342933,-4.33119665580608,0.49142536787347635,-0.0007284046750753403,-1.4846731699600264,-0.30159205358905466
3.240708970520282,-1.1476229657286685,1.982082353570197,0.8720242506056215,0.13350590195523535,-0.6978208302811192,-0.29498301240386277,-0.29429652972326065,0.816499098616099,-0.5242665675827032,-0.767369855400004,-0.619766882930766,1.5,2.0,-6.886973367069122,7.593776377806809,12.931416703740148,0.43995359175409665,0.06735638492253351,-1.6126467152564616,-0.14291803225087132
3.2397754168727046,-1.0755651396914756,1.9762998515042731,0.1326716292609955,0.8644410951778342,0.5852283006074885,-0.2608935042652119,-0.2942534536854719,0.7737753379294716,0.9517832432785337,1.0001777624982542,-0.16840200071386108,1.5,2.0,-1.8748884928828164,1.7013936086328945,-3.730614791905475,0.06713132582589208,0.4374038152762393,-2.337925744506081,0.4821472072653737
3.178243122937628,-1.0046581944183202,2.0167690986211055,-0.018154868758433924,0.9971019800719031,0.22999947822248665,-0.142111929180617,-0.1715594762926069,0.7650518629951217,1.3598230397746773,1.4575369780786989,0.49540886184800986,1.5,2.0,-0.4504852856780072,0.7935487425511131,-4.264214989241216,-0.009001957026635659,0.4944056217212155,-2.485323349257009,0.5932707172474971
3.1037210217817477,-0.9341563938045889,2.0187807551772226,-0.03553019328612905,1.0433122446054082,-0.18737258827332243,-0.03157446520331224,-0.04348726338970002,0.7967164803920096,0.9191740611086532,1.0384597137857456,0.3509877817739947,1.5,2.0,0.01043375985277234,0.30085969895303316,0.12102163125051509,-0.01759982761625344,0.5168031456262911,-2.5142469520602932,0.7177923070100255
3.026252516993488,-0.8638306133512852,2.0006995211495684,-0.018853653233110272,1.0389097230644584,-0.1741844373271809,0.024385666809295988,0.021888544944053855,0.808348826146498,0.20944988437339063,0.2627687964726229,-0.11638068738442178,1.5,2.0,0.1999227982051087,-0.29187666891961966,1.0089080044197443,-0.00942353063706302,0.519273240225258,-2.5011891895673424,0.742244448635111
2.9522905799579697,-0.7932309376797423,1.988308725054809,0.001890601865066088,1.0060955642232823,-0.07369429946247516,0.024765451032735652,0.022488928268893798,0.7920959588799901,-0.19403021459436443,-0.2593642153351669,-0.208750525945069,1.5,2.0,0.11023307379603645,-0.28647447733421544,0.831103799759963,0.0009508593113546651,0.5060057080399064,-2.4752956311001943,0.6691261780657533
2.88237010208412,-0.7223864394621947,1.9851045240939864,0.0073047297332889515,0.9882682149758714,0.009657014048873355,0.004521045055739959,-0.0073573251770906465,0.7800600419335278,-0.20747551632582406,-0.34194322780450914,-0.023363508720030894,1.5,2.0,-0.01578967781121927,-0.06964886060019065,0.8478019000420224,0.0036797708355548048,0.4978419035274341,-2.4656464410910157,0.621508747860569
2.813089452303057,-0.6519710023869528,1.9902977318198711,-0.001730614305118523,0.9898174856954142,0.09407788100560854,-0.009172644522413072,-0.028636718725973884,0.7839504266571417,-0.06422867678682923,-0.08428422640753053,0.10007557429889526,1.5,2.0,-0.12728947751617156,0.07799395015585957,1.0669225741270685,-0.0008695253365616304,0.4973213152337532,-2.4760899028085754,0.6326815012347788
2.7419763499434713,-0.5824478773597425,2.0050339644393835,-0.01300020318300415,0.9994837076459111,0.2006349648176865,-0.010973971090088156,-0.016703040131526566,0.7924315328269138,0.032383772184879804,0.32117137100584414,0.07221074217803339,1.5,2.0,-0.018051621659983308,0.09355995971739847,0.7261097555087704,-0.006483782027422695,0.4984871704781177,-2.4902993748152347,0.6633456196072816
2.669769428006893,-0.5127618601527908,2.028728830123583,0.0014448188413729458,1.0065972402522458,0.27319480407708935,-0.00644085895987975,0.027487527870559345,0.7946419619247709,0.05913868408705807,0.5621137726646125,-0.020231366441924414,1.5,2.0,0.3036096729172155,0.0321952444087576,-1.1760093366066156,0.0007121793804669954,0.49617140807868715,-2.476591309561055,0.6759358631119665
2.5996175424537866,-0.44043772870153713,2.0501479447038617,0.03646063707833863,1.0077083835968286,0.1549589496068541,-0.0005438785374691224,0.06930186228520506,0.7773420159792758,0.07917957224383407,0.27488803302794934,-0.3220292832681959,1.5,2.0,0.17916365664227724,-0.007017326676774209,-3.771748752503334,0.01778439315685838,0.4915295923887041,-2.4354845385609014,0.6342287340389338
2.533510184757011,-0.36436504388077207,2.046801631516449,0.02045990329846758,1.0067569956093259,-0.22158092975026622,0.0042595012883486294,0.056450363613882656,0.7112516575673552,0.10144442071059734,-0.5356351086106054,-0.9957131380689375,1.5,2.0,-0.6629751190956981,-0.0156053777611647,-5.182767577888642,0.00999603624671195,0.4918683765477716,-2.4214231500509587,0.4708398809685601
2.470390153264873,-0.2861835684674911,1.9987794701392665,-0.038564853609431814,1.0012827260391133,-0.7384610377102516,0.013068410396658313,-0.032241709943566337,0.6358143099050401,0.10827397350238277,-1.249105659182281,-0.4971109291157055,1.5,2.0,-0.8263084807122186,-0.19408828717130674,2.81998787102077,-0.01929420137917705,0.5009470734504533,-2.433113243472761,0.2828552706875407
2.405102044535211,-0.2113328763354331,1.9388462704525105,0.000547190377353843,0.9861450364758563,-0.46290903261284605,0.00844014063886458,-0.15939688157898,0.7880465166753088,0.22373414694460156,-1.2457079639776079,3.5541430672061014,1.5,2.0,0.479818613044551,-0.1936576666285403,10.024849572218223,0.00028222473627377033,0.5086246658667262,-2.4752541978631055,0.6391472180581985
2.3233007639028576,-0.15689287618564945,1.9419062511357696,0.27556811705560263,0.9729683983919841,0.516367839285704,-0.1109519455648965,-0.23548344230851914,1.4846651716566084,0.41748913354132705,-0.8807925027493059,10.001849002013492,1.5,2.0,8.902303160041125,-2.5830424349888084,-9.827972826630168,0.14190598382101613,0.5010377806976627,-1.8460549415198024,2.29535850623503
2.229160297185048,-0.12078290786885534,1.9444601348001342,0.9683232873218641,0.27032460472988046,-0.4647210237081496,-0.23986618043311586,-0.12112772518767169,2.4989282711068186,0.8453099475257143,-0.5873245549520328,9.994461854203418,1.5,2.0,-0.27190278829513503,-2.7259894330863466,8.56986451277088,0.4979908150296923,0.13902296061094943,0.9704151028535545,2.7703237295912837
2.1335905254883727,-0.10673612990339423,1.9413963528558482,0.9618897768437658,0.014553060895470578,0.41004603057191663,-0.16861421688460548,0.01289480253185856,3.1810254141580483,1.2705242965083816,0.15716757287366281,3.869726942885448,1.5,2.0,0.12115360056216401,-0.9548676284550464,2.852783352108207,0.49546285354291464,0.007496182257714978,2.5395688051624785,1.9538645066419555
2.0369745766591127,-0.11990011300277015,1.9969960157955575,0.9955270068884225,-0.028435972684832174,0.7043283749728815,-0.04668691345548553,0.046531082759121746,3.358699196749455,1.0668860793008288,0.01498237790425008,-0.2622391838434892,1.5,2.0,0.1293842013282569,0.4170202038302076,-5.047487919572795,0.49851226492899503,-0.01423937376935824,2.89112420153681,1.601506135379489
1.938625544570361,-0.13878295935978052,2.042241464815468,1.0054626763607664,0.029567818382417014,0.20095180548639566,0.030003650720268955,0.03268698641865954,3.296722149080727,0.5143222078884051,-0.29828491659475104,-0.9739765627536993,1.5,2.0,0.1019288224440903,0.7367960007400114,-2.815781503048074,0.49233290660446827,0.014478120678589146,2.796466054875263,1.7737888187575581
1.8391543480236807,-0.1554864921224725,2.0482646977299486,1.0067909929296193,0.05641459325198552,-0.0804173511254665,0.05812538543654674,0.00786599056550059,3.2306439647737073,0.07919787882354333,-0.25359825516881906,-0.32211439931697133,1.5,2.0,-0.03892377131482937,-0.2678803799582595,-0.46193526947463176,0.49153363529890737,0.02754262831093496,2.678714639663739,1.915089206919284
1.7394753422781557,-0.16689633777420348,2.037911547031496,0.9973815255192362,0.017455165190521676,-0.12665612128932976,0.06234140286513732,-0.001381400551215464,3.2061030866786697,0.0066702131931554425,0.03946288297571714,-0.15670639932993896,1.5,2.0,-0.10804211947456956,-0.5262280900647511,0.21081231762627717,0.4894135503437636,0.008565222183439499,2.6231928068266117,1.916596465245278
1.6402014578292199,-0.17161710718484213,2.0262998237791456,0.9934591286645726,-0.028354782736718237,-0.10557094922063731,0.058882205881005414,0.015032708349419303,3.183637750205679,-0.07254441077746311,0.26094289354257233,-0.31178009090164327,1.5,2.0,0.0627661228908208,-0.3000426143147296,-0.28853252901732057,0.4902823940495262,-0.013993379658808447,2.576198901144319,1.9068286226827167
1.5400916361531927,-0.17019500798553788,2.0143122967626255,1.01081751093272,-0.04206818006344764,-0.13398546251804636,0.02189140300731025,0.03403678777586614,3.147547818235806,-0.6484796702604044,0.08875713405279886,-0.4274188876712366,1.5,2.0,0.22962687745104987,0.18140506882501695,-1.0225472445746953,0.5018176737327632,-0.020884636474224495,2.522701171916047,1.948963661884755
1.4379903250304822,-0.1665558149671044,1.9958061411192107,1.0286025430877217,-0.002971132645549416,-0.23644223219156718,-0.08596448278557878,0.015113034661188162,3.124034808412029,-1.4941919304152054,-0.4635321984397566,-0.060143304777876216,1.5,2.0,0.061588661913725425,0.8310528690026904,0.004138409569704227,0.5153819912142873,-0.0014886879964620514,2.4932574544306014,2.0230560119601644
1.3357300491637796,-0.17082871847018544,1.9718677934702649,1.012320170210938,0.04168330675418651,-0.2467437948661393,-0.24669346372850778,-0.03850784125595756,3.2309398227108606,-1.6567948940574693,-1.0258813829804865,1.9831818578217673,1.5,2.0,-0.5174139604467946,1.6420275721201387,2.760864154831824,0.5133813603341878,0.021138996687414115,2.684793647400732,1.8998631872008236
1.2425499024975772,-0.2018221640027238,1.959935270254699,0.9662393955606754,0.0354203305471107,-0.0028813763727386357,-0.4013637056075162,-0.03724417513650749,3.656233625508051,-0.9428332705760746,-1.8187412365369284,6.054275098487342,1.5,2.0,-0.46140599010625793,2.1252095175605805,2.5826755652094935,0.49299556481531653,0.018072194058994472,3.256388361172875,1.0380257939799469
1.1798740871675961,-0.27232160316738924,1.971742252259523,0.9602027524536308,-0.022648153527896557,0.2330591340180766,-0.4612353124811247,0.04586787866963175,4.317260952020368,-0.25971014269852066,-2.303593189539258,6.598800327591177,1.5,2.0,0.3110999665033233,2.5440068900336614,0.9936164887507545,0.486981881812029,-0.011486366182974904,3.3834868664169537,-0.6372163783923073
1.166111740464174,-0.3679898114428517,2.000240266642111,1.0013065369505205,-0.019252182238769296,0.34099462864585145,-0.41201440469673944,0.06818027332754156,4.848230164968839,0.44606222278598445,-1.82948537582729,3.163647466403058,1.5,2.0,0.380686278711883,1.6886252244367863,-2.368917172344205,0.5005931305599886,-0.009624934843996897,2.779746376319718,-1.776281418690019
1.1934768019442916,-0.46514300714870876,2.0228716038432424,1.020045708045234,-0.0028086217155761945,0.11487960590068559,-0.3562096136521794,0.017314670357727865,5.138894263556546,0.3691002629694525,-1.2958513844329556,1.842604508940747,1.5,2.0,0.048788416312990905,1.7449466035948025,-2.357626427136236,0.5042562790971286,-0.0013884330128714594,2.2203422630044374,-2.195817554700818
1.2474087025257947,-0.5511721918380532,2.022723161038746,1.01330131772156,0.010024075078511,-0.11688055013659066,-0.337189841649512,-0.017949625276436895,5.39714266277142,0.04356753316641925,-1.1075898087626126,2.7840785802971757,1.5,2.0,-0.20919506716930075,1.6779943851420582,-0.3286215908141676,0.500958973150429,0.004955732584464625,1.613727683017684,-2.4168026966250826
1.3234161351896663,-0.6160597479203624,2.0093693554300573,0.9956954711424326,0.005927885152314344,-0.15053008554132266,-0.34332024598804123,-0.016389568628481028,5.743142810620514,-0.01877082801904142,-1.1704133831071075,3.7499075497778915,1.5,2.0,-0.18561901906551861,1.6092449780026423,0.7741676584216214,0.4955263543020083,0.0029501222044095634,0.7375101054872233,-2.4807044392900197
1.4161918900449018,-0.6488217234528089,1.9981905284218813,0.9876528444202648,0.0018399133505549712,-0.07246313888016169,-0.33366178908803573,-0.0009305613917530391,6.135614753100652,0.27771462786538753,-1.1583144732090707,3.748635015280575,1.5,2.0,0.0015219028467348271,1.4285682969082476,0.6873232928546589,0.49427360923399394,0.000920789746715538,-0.20197291685881757,-2.196975801551711
1.5145937932285436,-0.6454066676963423,1.9946177815339305,0.9932972507682604,0.0001665082760591657,0.004013960152326933,-0.27971753409947336,0.005881085569737057,6.4874291312135455,0.7597116774551312,-0.8621946185923194,2.9892455945428633,1.5,2.0,0.0897525646978923,0.8925502898355768,0.17779444640933872,0.49798876755444355,8.347878856826146e-05,-0.8811782237868454,-1.6540226270078753
1.6084978262230503,-0.6125886777972916,1.996298174037388,1.0006696840872606,-0.0034900528447246925,0.033552293080825545,-0.18011708593101222,0.0019717053079359318,6.7369067929563355,1.192033393293924,-0.3880301686620123,1.8414987600819503,1.5,2.0,0.05616150371349563,0.2860963373143941,-0.3153709468048714,0.5012626355628372,-0.0017482623037550946,-1.2241905758487481,-1.1436640850685234
1.6955216199433496,-0.5629405793744333,1.9983758270140148,1.0034173016856835,-0.00641221208272032,0.010445710137926497,-0.04916471466370581,-0.003612429596151689,6.855110615100702,1.4216928043535089,-0.038904106533826255,0.4886508119574919,1.5,2.0,0.008995512523580851,0.037280695560308275,-0.2093369079580925,0.5021164127995862,-0.003208711792867053,-1.3403773170432853,-0.8762551779203054
1.7801211467910385,-0.5089642488443686,1.9984057255898502,1.0032839700147183,-0.0009975624628169389,-0.010335807389072223,0.09295584472381559,-0.005826272495251159,6.831813077070758,1.417001133903046,-0.06527737047641212,-0.9533762064314296,1.5,2.0,-0.012124524113640072,0.1278762830434491,0.33244830253268065,0.5020421815087567,-0.0004991791456774864,-1.3196112342112445,-0.9252041790719076
1.8689982118817858,-0.4627906749660589,1.9987364201211573,1.0017749896308283,0.0032765461361994328,0.01332129676883764,0.22613960069079136,-0.005319344510133363,6.668419838528656,1.2183109600115039,-0.48932522828279446,-2.267992694494972,1.5,2.0,-0.023478090753256457,0.4222080869249911,0.3869591642958452,0.5012041505553313,0.0016393087668862404,-1.1398434799666515,-1.2864793728961375
1.9655225504075708,-0.4376784281671663,2.0014973028492054,0.9998625869365554,0.001937796779381198,0.03673336420221807,0.33241663174141534,-0.0037272558570098607,6.384078450459308,0.8598743711144936,-1.0811068512641218,-3.195561252670792,1.5,2.0,-0.020354136629542243,0.733666957246494,0.017434940158870864,0.4995572991845725,0.0009681735651717705,-0.6939534333775408,-1.8368083220002935
2.0645657059984774,-0.44518887921166533,2.0048093732591195,0.9980399232784247,0.00045836863766556696,0.025593673114452743,0.395391820706866,-0.0013345185028059716,6.018330333793454,0.36227741549049614,-1.5008996818570963,-3.6422603439780326,1.5,2.0,-0.0173916920532661,0.8836105633425317,-0.34206187235564217,0.497822853679081,0.00022863452444878574,0.07388281405549091,-2.3224565324021276
2.153256414180637,-0.489314434359421,2.0055165321995685,0.9964757813675681,-5.9618175637044185e-05,-0.01185641574127428,0.40176407951445753,0.0029622062766791165,5.623191108423267,-0.2304521905142587,-1.5078839467136744,-3.656770557690088,1.5,2.0,-0.007919575237398975,0.8619443946069052,-0.38630345438811253,0.49686739818328707,-2.972709258679479e-05,1.0377066369324184,-2.499719598362821
2.218628467700716,-0.5637655305695835,2.0026649775275103,0.9972745526717137,-0.002811264905167194,-0.041605013092054194,0.34525666528293153,0.008954313198969183,5.254614416972671,-0.8386697030243473,-1.0965749686756778,-3.2320764459389846,1.5,2.0,0.032131609373376245,0.6740254062274067,0.00808847521707482,0.4979737319334104,-0.0014037619555508387,1.9363340755163378,-2.3197418233282776
2.2558450459546786,-0.6561367714178145,1.9990928977448643,1.0021073156422713,-0.008330471526866315,-0.024170839209515977,0.23155626005653598,0.012475762961388904,4.966600722073641,-1.3499020724449573,-0.5133998299126684,-2.295763174518183,1.5,2.0,0.05929958507625764,0.4652589945273031,0.2434955299871131,0.5012810143904408,-0.004167125768023962,2.5606071322314756,-1.9630883393180198
2.271359885782775,-0.7552439631074978,1.9983731258386195,1.00512028684196,-0.00025997637194927767,0.013826725089368047,0.08092057169181002,0.009181658552379303,4.8028302392281805,-1.6144179112886634,-0.11510557102323538,-0.9224494286131937,1.5,2.0,-0.012833002665672819,0.29332751154236325,-0.3890036457804402,0.5029692772815688,-0.00013009400926575126,2.8614692194606635,-1.6747654676634527
2.279351183793999,-0.8552564579711236,1.9979178350545974,1.0003400036089651,0.016304248775784482,-0.02282487470403995,-0.07259477637694259,0.0017299772433894901,4.789475365935447,-1.450769329645009,-0.09370460639632126,0.6559061174502757,1.5,2.0,-0.07363030561700984,0.15138997055025127,-0.16498573259460694,0.5006912627023167,0.008160620266618188,2.8788855402467837,-1.6332613506406592
2.294446493366805,-0.9537202791239361,1.9945983385260062,0.9935591281476618,0.011391574581833451,-0.04592232828769553,-0.18442630923307385,0.0013938437570754738,4.930176376633986,-0.7812630995799223,-0.3222664198442614,2.129380717196434,1.5,2.0,-0.05707579569906631,0.35426595597770927,0.8080343819360799,0.49812491515554697,0.005711212308665484,2.622210235316294,-1.885314931738633
2.327675437186174,-1.0470215733635324,1.993851678501453,0.993446736346758,-0.004156685473906533,0.029841238076442782,-0.21422508611431915,0.012299627279545937,5.177118992911503,0.1583264390085319,-0.46855895408998915,2.7469842870727343,1.5,2.0,0.04431624897460288,0.22831030996426982,0.469769767871903,0.49825508439695804,-0.0020847515984893277,2.109059742763234,-2.2414335167834323
2.381408319289446,-1.1307077302709112,1.9993107615077281,0.9996199296006498,-0.021740148383810148,0.08110703156279585,-0.15998836723718887,0.016018982284617907,5.405449128826743,0.8487695456424147,-0.33457225420773823,1.7474791521621982,1.5,2.0,0.07994639614604249,0.3152269524255338,0.5735742619049754,0.4999822683127122,-0.01087382152007994,1.5798674587034913,-2.453470562095422
