rosbagTimestamp,data
1749509330378754874,55.495506286621094
1749509330443553359,41.215599060058594
1749509330508940179,18.65456771850586
1749509330584305389,18.51894187927246
1749509330650685915,6.419698715209961
1749509330715149053,11.674795150756836
1749509330779816150,21.686141967773438
1749509330846981025,63.83369445800781
1749509330918746189,151.5884246826172
1749509330980809676,209.57579040527344
1749509331052077695,241.63267517089844
1749509331118414028,262.34197998046875
1749509331183861934,260.9985656738281
1749509331251613118,231.30621337890625
1749509331317985948,222.7147216796875
1749509331378793448,189.87745666503906
1749509331443528597,190.07366943359375
1749509331510341006,169.22340393066406
1749509331583446013,178.89097595214844
1749509331651258620,165.2345733642578
1749509331714993668,134.2477569580078
1749509331780550700,137.89442443847656
1749509331849102075,120.10224914550781
1749509331921219331,79.43809509277344
1749509331974475243,69.35464477539062
1749509332053731611,36.20839309692383
1749509332118028103,17.494956970214844
1749509332189684707,19.26313018798828
1749509332243768486,31.068782806396484
1749509332310808738,32.95526885986328
1749509332384915620,62.831302642822266
1749509332452501322,59.21756362915039
1749509332519005762,95.91150665283203
1749509332579967439,100.77427673339844
1749509332658270365,101.5202865600586
1749509332721333989,136.6556854248047
1749509332776645039,134.9861602783203
1749509332845396515,177.52960205078125
1749509332911685435,166.5836639404297
1749509332978556427,159.6117401123047
1749509333047464380,147.2869873046875
1749509333119329398,158.26300048828125
1749509333186521898,139.5977325439453
1749509333254576014,109.9843521118164
1749509333319063988,122.79112243652344
1749509333386520137,105.10155487060547
1749509333452295744,91.84504699707031
1749509333519836117,81.88501739501953
1749509333579656615,71.92576599121094
1749509333653242478,38.76353454589844
1749509333718621431,23.594249725341797
1749509333782299978,-21.672304153442383
1749509333851846440,-88.64325714111328
1749509333919045061,-148.9353790283203
1749509333985735279,-194.34927368164062
1749509334053401847,-240.73837280273438
1749509334118756177,-281.0796203613281
1749509334185299292,-322.996826171875
1749509334252229321,-317.6332092285156
1749509334318755497,-330.2806091308594
1749509334386408399,-333.6153869628906
1749509334453274011,-310.85809326171875
1749509334518889993,-292.8791198730469
1749509334586285509,-280.7503662109375
1749509334654570083,-243.44342041015625
1749509334720486882,-213.2184295654297
1749509334786553337,-184.2135772705078
1749509334852294470,-168.3942413330078
1749509334921861634,-114.69306945800781
1749509334989061780,-87.62287139892578
1749509335055920479,-54.24589920043945
1749509335121004469,-32.85471725463867
1749509335181724839,-11.88794231414795
1749509335247893443,9.098891258239746
1749509335316042542,20.49083137512207
1749509335386658700,27.54920768737793
1749509335454660597,25.489395141601562
1749509335522489892,7.126106262207031
1749509335585329235,-17.0206298828125
1749509335650699880,-39.971534729003906
1749509335720921764,-73.82769775390625
1749509335787501686,-100.41544342041016
1749509335853217356,-136.8474884033203
1749509335923264973,-154.42526245117188
1749509335987956709,-151.64706420898438
1749509336053888170,-135.7459259033203
1749509336120482526,-137.2325439453125
1749509336187272833,-136.8902587890625
1749509336253617217,-140.3928680419922
1749509336319967506,-121.665283203125
1749509336393088428,-115.70549011230469
1749509336455104263,-67.78802490234375
1749509336520091839,-45.99997329711914
1749509336588128225,-25.789316177368164
1749509336654595503,-8.862627983093262
1749509336725288132,-17.03548812866211
1749509336788530579,-20.625045776367188
1749509336855204596,-38.58140182495117
1749509336922602444,-40.68235778808594
1749509336988550100,-54.265037536621094
1749509337054757497,-54.06329345703125
1749509337122112018,-33.237308502197266
1749509337188350352,-12.398612022399902
1749509337248435993,-4.957581043243408
1749509337322933355,7.328925609588623
1749509337388685005,49.62394332885742
1749509337455507168,56.80209732055664
1749509337521283593,82.39105987548828
1749509337588858177,88.15103149414062
1749509337659525068,114.93601989746094
1749509337722644756,138.80197143554688
1749509337790211579,156.8751678466797
1749509337856307702,152.191650390625
1749509337923341789,188.56265258789062
1749509337984403382,215.0016326904297
1749509338058927795,257.6451416015625
1749509338122956294,287.4338684082031
1749509338188917667,303.72802734375
1749509338257963955,276.8412170410156
1749509338323309140,249.5847930908203
1749509338392113115,194.4693145751953
1749509338455942592,157.3839111328125
1749509338523606753,111.32532501220703
1749509338588206470,106.73778533935547
1749509338656792034,92.06904602050781
1749509338726129289,87.85861206054688
1749509338790489595,81.39429473876953
1749509338857900306,59.43795394897461
1749509338929102738,39.01518630981445
1749509338987957678,34.871402740478516
1749509339056718741,34.6436882019043
1749509339125648851,35.334075927734375
1749509339192500140,27.419574737548828
1749509339255791679,-0.6102359890937805
1749509339323409461,-25.174175262451172
1749509339391599486,-53.34383010864258
1749509339457107777,-84.7108154296875
1749509339518980479,-112.81593322753906
1749509339587762767,-135.61595153808594
1749509339655683232,-135.1959228515625
1749509339716137259,-124.66622161865234
1749509339789330419,-128.19534301757812
1749509339858027057,-121.52470397949219
1749509339926205126,-122.66459655761719
1749509339991962869,-94.916748046875
1749509340057383245,-84.47360229492188
1749509340125644309,-73.15184783935547
1749509340191475537,-71.92265319824219
1749509340257579467,-83.58956146240234
1749509340323639570,-94.06838989257812
1749509340392594771,-81.81665802001953
1749509340459027943,-80.74456024169922
1749509340518731278,-67.66677856445312
1749509340592902732,-42.39067077636719
1749509340657001648,-10.454691886901855
1749509340725063756,23.205530166625977
1749509340790544691,58.085655212402344
1749509340857704673,68.72420501708984
1749509340924774589,83.05379486083984
1749509340990682246,-46.43423843383789
1749509341057813902,39.58746337890625
1749509341123572316,-54.18440246582031
1749509341191521174,-44.43498611450195
1749509341259854607,-15.576591491699219
1749509341323547526,-8.200545310974121
1749509341391348179,2.133335828781128
1749509341449309117,41.72536087036133
1749509341524768403,61.620059967041016
1749509341594852541,106.78120422363281
1749509341658972534,135.95005798339844
1749509341726056855,159.56483459472656
1749509341787200018,206.12063598632812
1749509341858347351,224.10421752929688
1749509341926536470,270.0736083984375
1749509341992311270,289.21380615234375
1749509342059384014,260.3242492675781
1749509342123191115,257.105712890625
1749509342192160094,294.2140808105469
1749509342259719630,239.1239471435547
1749509342326059284,224.54490661621094
1749509342395558566,218.9800262451172
1749509342453537513,178.47796630859375
1749509342528178006,172.23138427734375
1749509342592906941,163.5213165283203
1749509342660890964,148.08311462402344
1749509342725644887,134.0521240234375
1749509342793445889,142.8592071533203
1749509342858357896,143.69822692871094
1749509342926564297,135.82424926757812
1749509342994024429,124.09469604492188
1749509343060753151,148.83779907226562
1749509343129751098,166.56500244140625
1749509343194661194,194.50704956054688
1749509343260816949,230.31822204589844
1749509343324857305,248.09011840820312
1749509343392549749,257.7259826660156
1749509343460567727,251.82183837890625
1749509343526532947,265.330078125
1749509343596820550,240.8416748046875
1749509343653980261,250.02880859375
1749509343726586146,240.87124633789062
1749509343794149350,259.6201477050781
1749509343863761744,248.32647705078125
1749509343931385370,237.29507446289062
1749509343992307734,210.95863342285156
1749509344061257101,173.7263946533203
1749509344125720064,160.5563507080078
1749509344193674734,149.00857543945312
1749509344262375055,127.15636444091797
1749509344329621866,110.52831268310547
1749509344394082887,79.17985534667969
1749509344461037438,76.17501831054688
1749509344527418042,70.429931640625
1749509344593556290,83.27557373046875
1749509344661676268,78.98265075683594
1749509344729249326,72.96430206298828
1749509344795518247,61.162567138671875
1749509344868358214,50.1115608215332
1749509344927480503,40.846397399902344
1749509344997170214,11.260625839233398
1749509345063694173,-21.755868911743164
1749509345129610740,-50.763885498046875
1749509345188970678,-92.9742431640625
1749509345262133472,-117.84404754638672
1749509345326063844,-126.65762329101562
1749509345392021640,-121.21771240234375
1749509345462818938,-117.62039947509766
1749509345529131249,-93.257568359375
1749509345593803902,-72.19540405273438
1749509345656804567,-50.75328063964844
1749509345728410871,-39.86737823486328
1749509345796867380,-41.210594177246094
1749509345858368121,-43.90727996826172
1749509345927838794,-56.034549713134766
1749509345995249358,-61.77510070800781
1749509346064867491,-87.94564819335938
1749509346128836784,-118.27767181396484
1749509346196604613,-172.18536376953125
1749509346262725508,-189.55255126953125
1749509346330137821,-221.9451446533203
1749509346397687519,-235.47459411621094
1749509346468176292,-268.00836181640625
1749509346530255071,-237.56675720214844
1749509346597054642,-234.85357666015625
1749509346663449953,-243.67709350585938
1749509346730090537,-257.6908874511719
1749509346794731770,-266.40704345703125
1749509346856159213,-262.46954345703125
1749509346929193906,-216.17405700683594
1749509346995737652,-167.9573516845703
1749509347061238382,-151.14720153808594
1749509347131639109,-148.7076873779297
1749509347195285644,-70.93448638916016
1749509347261912161,-35.15612030029297
1749509347330496231,-4.485957145690918
1749509347398154013,4.460915565490723
1749509347463738096,22.550376892089844
1749509347530829745,33.72932434082031
1749509347596799714,45.96879577636719
1749509347663774547,66.35811614990234
1749509347732030986,47.59812545776367
1749509347796300903,40.84682846069336
1749509347865808518,6.621026992797852
1749509347921438502,13.837416648864746
1749509347987338127,-2.127689838409424
1749509348063764197,-15.037893295288086
1749509348125319497,-34.83808898925781
1749509348197863209,-16.54888153076172
1749509348262103228,-7.163570404052734
1749509348329400237,6.326610088348389
1749509348396154932,33.8792839050293
1749509348456380561,39.835750579833984
1749509348534913652,50.25761413574219
1749509348597869589,35.33064270019531
1749509348664212403,28.956085205078125
1749509348731958249,2.480574131011963
1749509348794976601,-0.8234338164329529
1749509348866441440,-25.712862014770508
1749509348929829067,-58.482521057128906
1749509348993168640,-71.92296600341797
1749509349063694900,-95.8546142578125
1749509349134016758,-95.84808349609375
1749509349196359426,-81.82618713378906
1749509349265649672,-84.54230499267578
1749509349329710789,-91.34537506103516
1749509349392523998,-141.9767608642578
1749509349464435024,-175.91287231445312
1749509349530660417,-184.68487548828125
1749509349597305042,-182.7984161376953
1749509349666697443,-201.73826599121094
1749509349732437329,-208.61996459960938
1749509349800660131,-225.8819122314453
1749509349865980375,-171.52865600585938
1749509349931086142,-164.67567443847656
1749509349999337442,-162.50747680664062
1749509350066027391,-122.85738372802734
1749509350131411133,-52.44756317138672
1749509350197682810,-14.95980453491211
1749509350264620092,42.00831985473633
1749509350330801387,81.2855224609375
1749509350399972069,120.57247924804688
1749509350464599185,149.7546844482422
1749509350533675375,145.45237731933594
1749509350598965048,144.83505249023438
1749509350665382915,141.382568359375
1749509350732942799,128.44891357421875
1749509350799649656,110.43770599365234
1749509350866650850,63.43595504760742
1749509350931699099,52.08378219604492
1749509351000890746,12.82262134552002
1749509351065423351,-7.487388610839844
1749509351128365991,-2.8228859901428223
1749509351199582818,-38.692420959472656
1749509351267631228,-44.55881881713867
1749509351325332348,-57.079776763916016
1749509351397374284,-69.8932876586914
1749509351466996696,-22.116228103637695
1749509351532234309,-70.75889587402344
1749509351599257302,-94.39542388916016
1749509351661172367,-115.60807037353516
1749509351732541588,-137.10617065429688
1749509351798783289,-143.4794921875
1749509351866008823,-114.26934051513672
1749509351940295632,-107.7101058959961
1749509351998914777,-96.92031860351562
1749509352062537492,-73.51773834228516
1749509352132313471,-54.47873306274414
1749509352199993327,-64.85758209228516
1749509352267470339,-100.62248992919922
1749509352334303695,-109.80368041992188
1749509352402614047,-108.87232208251953
1749509352469199826,-121.78961944580078
1749509352535735951,-117.68075561523438
1749509352599695414,-128.67161560058594
1749509352667819370,-128.2698516845703
1749509352735063907,-141.97190856933594
1749509352799895182,-127.90113067626953
1749509352873040028,-136.68963623046875
1749509352932000507,-113.27722930908203
1749509353001106309,-113.37664794921875
1749509353068062635,-91.85287475585938
1749509353134218869,-94.94855499267578
1749509353199305659,-98.8830337524414
1749509353266520532,-84.4754409790039
1749509353336161020,-92.90567779541016
1749509353401818044,-104.79535675048828
1749509353467731963,-107.52003479003906
1749509353536315776,-121.88569641113281
1749509353601528032,-108.02951049804688
1749509353667490715,-55.422569274902344
1749509353736822183,-44.53178405761719
1749509353800638220,-13.465193748474121
1749509353868465622,23.173368453979492
1749509353931952121,67.02762603759766
1749509354001523687,95.50605010986328
1749509354070336818,99.0180892944336
1749509354135989000,77.5738296508789
1749509354200526355,74.68389892578125
1749509354264187293,88.481689453125
1749509354334828470,84.30731964111328
1749509354400572140,88.0964126586914
1749509354468511581,76.20780944824219
1749509354534664021,60.58863830566406
1749509354603261160,55.65108108520508
1749509354669366446,43.80788803100586
1749509354735335430,41.860450744628906
1749509354801589306,44.86916732788086
1749509354867958550,41.539451599121094
1749509354935216101,8.321239471435547
1749509355001819058,-8.283648490905762
1749509355068561005,-30.993093490600586
1749509355136554910,-63.0216178894043
1749509355201746610,-87.12481689453125
1749509355268932239,-96.80874633789062
1749509355335438729,-64.34622192382812
1749509355401297156,-62.209598541259766
1749509355469862806,-60.12478256225586
1749509355537138110,-70.74053955078125
1749509355602995146,-99.56964111328125
1749509355668484231,-97.37664031982422
1749509355735506248,-113.7388916015625
1749509355803491830,-98.14881134033203
1749509355867796374,-97.0200424194336
1749509355937823875,-94.4549560546875
1749509356007926031,-95.83627319335938
1749509356069520696,-89.7826919555664
1749509356136027699,-94.70026397705078
1749509356204745342,-89.9012680053711
1749509356268545246,-74.7437744140625
1749509356337866917,-80.08834838867188
1749509356402952453,-62.61748123168945
1749509356467399831,-17.302812576293945
1749509356543523821,4.543990612030029
1749509356606929862,29.97707176208496
1749509356668395010,53.46623992919922
1749509356736403803,81.44575500488281
1749509356803313779,95.97505187988281
1749509356876438657,106.74240112304688
1749509356937121135,126.21633911132812
1749509357003788393,111.01993560791016
1749509357069660117,143.00189208984375
1749509357138944940,142.5431671142578
1749509357200574344,148.406005859375
1749509357269723508,141.15711975097656
1749509357336784810,118.17311096191406
1749509357406086270,107.3773193359375
1749509357470812829,81.32598114013672
1749509357538176793,65.68392181396484
1749509357605150328,42.147605895996094
1749509357669609658,10.873513221740723
1749509357736541711,-11.75019645690918
1749509357803067060,-31.680034637451172
1749509357870389834,-39.25019836425781
1749509357938466409,-33.15400314331055
1749509358004493412,-43.66520309448242
1749509358073943973,-39.34929656982422
1749509358134412709,-28.058452606201172
1749509358197701030,-14.465461730957031
1749509358269485158,1.2599315643310547
1749509358338586531,4.653520584106445
1749509358403580632,17.731170654296875
1749509358464864311,-13.793946266174316
1749509358538635265,-30.4366512298584
1749509358605101400,-41.55172348022461
1749509358669022598,-42.57512664794922
1749509358738093648,-43.790740966796875
1749509358803408598,-48.00223159790039
1749509358870716965,-59.38688659667969
1749509358939183168,-73.7948989868164
1749509359003922586,-79.51361846923828
1749509359074148185,-88.9390869140625
1749509359141390516,-88.61087799072266
1749509359205128546,-89.49051666259766
1749509359271715011,-83.04759979248047
1749509359338107315,-86.0487060546875
1749509359403128824,-87.12711334228516
1749509359471601746,-110.3208236694336
1749509359539266375,-162.12799072265625
1749509359607424771,-194.16952514648438
1749509359673586508,-202.25790405273438
1749509359739144071,-205.01524353027344
1749509359805275624,-183.8756103515625
1749509359871277598,-143.95269775390625
1749509359939919553,-122.0484390258789
1749509360003822803,-98.02132415771484
1749509360074542878,-104.84673309326172
1749509360139451304,-87.11378479003906
1749509360207039573,-114.37529754638672
1749509360274032195,-110.25741577148438
1749509360338618914,-135.36456298828125
1749509360406656270,-141.92730712890625
1749509360470508678,-137.8243408203125
1749509360538067674,-128.1949005126953
1749509360603900834,-122.03185272216797
1749509360673093683,-123.4585952758789
1749509360738767127,-105.58892059326172
1749509360805592949,-103.38006591796875
1749509360874853302,-70.2882080078125
1749509360940334086,-70.43929290771484
1749509361009706701,-93.93948364257812
1749509361077111962,-146.23760986328125
1749509361143393073,-77.59135437011719
1749509361211002576,-31.45742416381836
1749509361276180561,-17.950458526611328
1749509361341546875,9.181652069091797
1749509361406620798,6.371432781219482
1749509361477896937,6.773868083953857
1749509361542286272,0.7355608940124512
1749509361607253895,22.868000030517578
1749509361673880523,39.38511657714844
1749509361738758077,84.39130401611328
1749509361808083143,120.61012268066406
1749509361875860701,146.9436492919922
1749509361940873162,175.1764678955078
1749509362006924303,171.91903686523438
1749509362074289568,165.88404846191406
1749509362139244497,197.0965118408203
1749509362206883082,176.8007049560547
1749509362266832831,180.48399353027344
1749509362341259097,166.60089111328125
1749509362407794688,129.8694610595703
1749509362473165972,119.59979248046875
1749509362542298366,93.88191986083984
1749509362611747979,59.1798095703125
1749509362667583320,48.703670501708984
1749509362742269720,28.660430908203125
1749509362802952308,12.544089317321777
1749509362872267312,-11.948878288269043
1749509362939424440,-24.93351173400879
1749509363010246724,-30.262779235839844
1749509363076153498,-26.204885482788086
1749509363141345296,-19.513662338256836
1749509363208669259,-7.775846481323242
1749509363274616710,8.723012924194336
1749509363342912008,19.820032119750977
1749509363409989427,12.850343704223633
1749509363473335311,7.8881306648254395
1749509363540696464,-13.262432098388672
1749509363609751962,-26.937236785888672
1749509363674258798,-29.759580612182617
1749509363741027116,-42.254573822021484
1749509363806214464,-59.97957229614258
1749509363877713222,-85.03447723388672
1749509363942008695,-100.66867065429688
1749509364008494529,-89.49263000488281
1749509364074084965,-85.42982482910156
1749509364142099533,-57.24318313598633
1749509364203705285,-42.85126876831055
1749509364270972474,-19.12410545349121
1749509364343767038,-9.03326416015625
1749509364409879174,-20.828168869018555
1749509364470918831,-22.947805404663086
1749509364541769770,0.8507252335548401
1749509364604823300,-2.7884914875030518
1749509364677007738,-8.414106369018555
1749509364741616354,-30.069541931152344
1749509364809543334,-33.49441146850586
1749509364875581193,-53.26508712768555
1749509364945268976,-29.319896697998047
1749509365013486344,-12.072919845581055
1749509365076001243,-0.9263182878494263
1749509365139302477,28.71074867248535
1749509365208324685,24.390779495239258
1749509365274699029,23.757328033447266
1749509365342423760,32.965065002441406
1749509365415306386,38.83679962158203
1749509365477429123,51.57482147216797
1749509365547570449,76.5270767211914
1749509365612942956,93.9916000366211
1749509365675237135,105.16490936279297
1749509365742556427,110.16215515136719
1749509365810820795,106.56291961669922
1749509365880801774,105.76756286621094
1749509365944025898,98.9210433959961
1749509366005002838,73.6407470703125
1749509366077325147,26.095325469970703
1749509366147550324,-9.470004081726074
1749509366209764233,-23.76555824279785
1749509366279691428,-38.628665924072266
1749509366345109328,-39.156864166259766
1749509366410374625,-24.089908599853516
1749509366478614571,-46.56557083129883
1749509366545879029,-31.308330535888672
1749509366610300629,-34.53002166748047
1749509366675867134,-22.9166316986084
1749509366744207362,5.495294094085693
1749509366811302584,23.98359489440918
1749509366877237515,38.4683723449707
1749509366943470943,-0.2792043387889862
1749509367011959716,3.055342674255371
1749509367078751891,17.12091827392578
1749509367144350945,28.334449768066406
1749509367215217832,8.087321281433105
1749509367280989548,5.661581039428711
1749509367345393614,-8.11974048614502
1749509367411118098,-29.0179386138916
1749509367485812920,-33.44382095336914
1749509367541931800,-41.624732971191406
1749509367614083845,-25.74665069580078
1749509367678121789,-28.476497650146484
1749509367743649653,-36.227294921875
1749509367810265597,-57.90398406982422
1749509367876252261,-46.796775817871094
1749509367942981427,-54.26264190673828
1749509368010401158,-38.84682846069336
1749509368078272654,-49.09613800048828
1749509368148120746,-22.047945022583008
1749509368213202216,-5.617955207824707
1749509368277421255,27.623802185058594
1749509368345871700,42.590572357177734
1749509368410313867,41.247840881347656
1749509368479235476,27.794126510620117
1749509368544454294,28.383752822875977
1749509368613290524,29.041484832763672
1749509368679313152,38.105648040771484
1749509368746550736,31.347965240478516
1749509368812848803,43.568199157714844
1749509368880113991,37.33226013183594
1749509368941516482,31.885257720947266
1749509369010841868,12.934093475341797
1749509369078181230,-4.361649990081787
1749509369147774307,-17.93364906311035
1749509369212833063,-37.0841064453125
1749509369274262158,-49.352867126464844
1749509369344273248,-66.51765441894531
1749509369415291789,-91.14891815185547
1749509369480173874,-57.19104766845703
1749509369548221731,-65.2646484375
1749509369612254553,-62.88115692138672
1749509369674662329,-29.73569107055664
1749509369747977108,29.00802230834961
1749509369808860677,24.21356773376465
1749509369877504084,29.144996643066406
1749509369949011744,43.9727783203125
1749509370010141614,81.06779479980469
1749509370077756524,52.17706298828125
1749509370145860563,52.315670013427734
1749509370211783067,55.36537551879883
1749509370278199081,80.06037139892578
1749509370339742219,94.46971130371094
1749509370413697704,112.47065734863281
1749509370479900196,103.12852478027344
1749509370546849341,101.78225708007812
1749509370613302291,97.99504852294922
1749509370677914782,80.44424438476562
1749509370752122309,77.85820770263672
1749509370812674545,82.56776428222656
1749509370877012776,42.382930755615234
1749509370948127642,65.51204681396484
1749509371016186946,89.2417984008789
1749509371079883185,165.0484161376953
1749509371148082437,110.12503051757812
1749509371214920330,48.19696044921875
1749509371280281318,49.03284454345703
1749509371349174629,37.171382904052734
1749509371416696771,94.95875549316406
1749509371482769305,67.6264877319336
1749509371539222165,8.215435981750488
1749509371614456792,-9.095673561096191
1749509371681431597,-19.62090492248535
1749509371751872767,-45.7127571105957
1749509371814135155,-60.552982330322266
1749509371883612599,-39.101139068603516
1749509371950263687,-51.9178352355957
1749509372015276848,-45.739139556884766
1749509372081059005,-38.1953125
1749509372149509651,-35.788570404052734
1749509372215858462,-44.269859313964844
1749509372281305239,-31.175085067749023
1749509372346478548,-23.00819206237793
1749509372414626118,-19.500656127929688
1749509372481618175,-1.037802815437317
1749509372549583716,-9.671637535095215
1749509372617788462,-35.506927490234375
1749509372683537695,-82.27468872070312
1749509372748298131,-99.40625762939453
1749509372814757430,-120.7347183227539
1749509372881513134,-112.97380065917969
1749509372949591449,-107.69581604003906
1749509373015001909,-98.42752075195312
1749509373082709423,-93.5304946899414
1749509373150168208,-83.19659423828125
1749509373215814005,-85.99568176269531
1749509373282903488,-75.72684478759766
1749509373347242274,-58.12204360961914
1749509373415941179,-30.324199676513672
1749509373482385627,-36.601966857910156
1749509373548803176,-20.76915740966797
1749509373615640414,-24.40247344970703
1749509373683386888,-12.228182792663574
1749509373750238054,12.815287590026855
1749509373817623491,30.40674591064453
1749509373882450176,36.46834182739258
1749509373952262810,44.08844757080078
1749509374018485070,44.504390716552734
1749509374082427574,30.973127365112305
1749509374148585607,21.348438262939453
1749509374215137118,12.318745613098145
1749509374283133084,-1.6264318227767944
1749509374351327451,-10.40182113647461
1749509374417640225,-19.937910079956055
1749509374482757378,-24.60868263244629
1749509374549110183,-21.765859603881836
1749509374616429843,-46.4565544128418
1749509374680663117,-52.423912048339844
1749509374749427192,-81.16997528076172
1749509374817404149,-106.43590545654297
1749509374883592442,-119.74978637695312
1749509374941905398,-121.79081726074219
1749509375015796788,-106.32333374023438
1749509375084086845,-101.03028106689453
1749509375145717716,-82.8740463256836
1749509375218297661,-60.931968688964844
1749509375289930045,-52.543434143066406
1749509375350615070,-50.29629135131836
1749509375422672187,-48.857086181640625
1749509375487368545,-59.263179779052734
1749509375551949110,-58.743343353271484
1749509375619333929,-64.4462661743164
1749509375683534603,-84.56893920898438
1749509375751741757,-67.80167388916016
1749509375819146622,-69.81932830810547
1749509375889220412,-42.806427001953125
1749509375951601428,-30.21082305908203
1749509376019143497,-3.0966243743896484
1749509376084169949,4.365187644958496
1749509376150375875,6.982715606689453
1749509376218960686,17.524349212646484
1749509376283577619,18.3173828125
1749509376351106660,33.90351867675781
1749509376420578003,40.77467346191406
1749509376488329840,62.643402099609375
1749509376551200452,71.41668701171875
1749509376616590106,71.85792541503906
1749509376684177804,85.08174896240234
1749509376751907551,93.98005676269531
1749509376819867805,116.08390808105469
1749509376884301688,113.0164566040039
1749509376951684240,97.14266204833984
1749509377021288920,102.46427154541016
1749509377088091318,107.18196868896484
1749509377152578529,106.43608093261719
1749509377218119789,99.80978393554688
1749509377284460611,88.00311279296875
1749509377351409763,74.07962036132812
1749509377418869921,54.09983444213867
1749509377486803321,26.180633544921875
1749509377552259948,8.419939994812012
1749509377619179512,-25.835100173950195
1749509377681564193,-29.563495635986328
1749509377751524659,-41.269798278808594
1749509377811631715,-24.870676040649414
1749509377885018973,-35.41407775878906
1749509377948523868,-35.111820220947266
1749509378019059398,-62.24447250366211
1749509378085115229,-62.05287170410156
1749509378154039364,-62.347862243652344
1749509378211308965,-56.15327072143555
1749509378284037648,-56.194942474365234
1749509378353135005,-82.16436767578125
1749509378419528658,-90.37225341796875
1749509378486721095,-90.46946716308594
1749509378555155244,-90.24629974365234
1749509378619275844,-79.23566436767578
1749509378685916273,-74.02632141113281
1749509378755838214,-62.361759185791016
1749509378819192041,-58.82638168334961
1749509378878816972,-44.8690185546875
1749509378953627239,-34.23542404174805
1749509379016781254,-18.607105255126953
1749509379086761566,8.983850479125977
1749509379152959845,34.53108215332031
1749509379217625129,61.90983200073242
1749509379286458995,89.75945281982422
1749509379348732681,104.64773559570312
1749509379419855084,123.42293548583984
1749509379485896475,123.41656494140625
1749509379552700957,118.85682678222656
1749509379621833162,110.98870086669922
1749509379679065602,94.25346374511719
1749509379755789478,61.250389099121094
1749509379819163846,35.517372131347656
1749509379881555065,10.187275886535645
1749509379953687514,-7.070855617523193
1749509380016389028,-29.76795196533203
1749509380087273300,-51.954376220703125
1749509380152803539,-61.94286346435547
1749509380220211299,-57.03738021850586
1749509380288013445,-72.2610855102539
1749509380354231841,-73.36282348632812
1749509380420558059,-83.43977355957031
1749509380480563540,-80.33967590332031
1749509380553443913,-83.86293029785156
1749509380619927981,-88.19120788574219
1749509380685361022,-65.49928283691406
1749509380755427979,-54.179500579833984
1749509380820097181,-15.18492317199707
1749509380885671522,-21.94843864440918
1749509380951182021,-87.35747528076172
1749509381019471792,-87.12828063964844
1749509381084247579,-79.16993713378906
1749509381155095076,-102.34005737304688
1749509381224897980,-114.21907043457031
1749509381291038930,-37.30986404418945
1749509381356246879,-27.745182037353516
1749509381423034219,-17.144201278686523
1749509381489873893,-13.335844039916992
1749509381555016703,-4.408767223358154
1749509381620681954,9.456013679504395
1749509381687461675,9.654181480407715
1749509381754806738,23.710813522338867
1749509381824347637,35.12174606323242
1749509381890610041,16.820966720581055
1749509381955682027,39.567935943603516
1749509382021298051,20.237062454223633
1749509382090141910,43.04097366333008
1749509382159054506,43.287967681884766
1749509382224482688,69.10426330566406
1749509382291226940,58.023948669433594
1749509382354739106,80.02448272705078
1749509382421086585,80.76009368896484
1749509382488773437,71.41796875
1749509382553543029,97.8177490234375
1749509382618395723,90.97467803955078
1749509382697680260,92.99332427978516
1749509382751221803,97.20703887939453
1749509382824905752,100.77906799316406
1749509382889765902,101.04940795898438
1749509382956164690,86.75454711914062
1749509383024106246,77.23049926757812
1749509383087915809,41.94580841064453
1749509383156601954,21.554841995239258
1749509383223713377,6.424668312072754
1749509383291411198,-17.43332862854004
1749509383355296569,-21.37456703186035
1749509383424766794,-17.24340057373047
1749509383491050229,-24.837421417236328
1749509383556004420,-15.176403999328613
1749509383623179530,2.617549419403076
1749509383684190069,11.135673522949219
1749509383757117247,18.959718704223633
1749509383823047678,13.034551620483398
1749509383884107680,-1.4174591302871704
1749509383958058786,-11.711114883422852
1749509384024247113,-16.280582427978516
1749509384089655738,-20.246389389038086
1749509384156213053,-25.61431884765625
1749509384221335080,-36.539939880371094
1749509384292689346,-31.894285202026367
1749509384357538404,-37.35673141479492
1749509384423708796,-43.7091178894043
1749509384491325812,-35.26485061645508
1749509384552595987,-31.613174438476562
1749509384625742651,-55.046791076660156
1749509384693221702,-82.399658203125
1749509384757753038,-132.58396911621094
1749509384824055563,-154.82467651367188
1749509384889995723,-171.70272827148438
1749509384955915720,-187.7979278564453
1749509385029089959,-157.14505004882812
1749509385092873126,-111.67391204833984
1749509385154793880,-82.6407699584961
1749509385227620399,-51.01502990722656
1749509385293962989,-19.64229393005371
1749509385351750126,47.56105041503906
1749509385425178582,81.07424926757812
1749509385493930551,100.53958892822266
1749509385559828424,118.6265869140625
1749509385625103021,141.4365997314453
1749509385690242578,151.15243530273438
1749509385760257306,147.9938507080078
1749509385823488148,115.9869384765625
1749509385892238778,99.28229522705078
1749509385950634628,82.72229766845703
1749509386025566608,69.8375244140625
1749509386085231265,59.6412467956543
1749509386157670352,83.54706573486328
1749509386223766417,84.38124084472656
1749509386295047549,79.7236328125
1749509386352714569,88.08255004882812
1749509386426947530,71.49126434326172
1749509386494435721,69.8819580078125
1749509386557169750,62.75125503540039
1749509386620397016,67.67713165283203
1749509386691802037,68.88859558105469
1749509386757045441,68.87450408935547
1749509386825024605,37.536895751953125
1749509386889252851,-7.882627487182617
1749509386959966429,-31.01677894592285
1749509387023548033,-57.48371124267578
1749509387093420858,-71.81019592285156
1749509387151649257,-89.92101287841797
1749509387225399373,-84.43960571289062
1749509387291677991,-64.6241683959961
1749509387359570269,-45.207401275634766
1749509387426284213,-22.620830535888672
1749509387495449684,-4.442351341247559
1749509387550005081,18.16392707824707
1749509387626185377,30.22174644470215
1749509387688298359,43.01595687866211
1749509387759468580,40.1418342590332
1749509387826543052,39.1831169128418
1749509387890368401,19.195079803466797
1749509387960604380,-8.818848609924316
1749509388025770908,-13.551958084106445
1749509388089150204,-22.52560043334961
1749509388156739899,-28.488378524780273
1749509388221717414,-34.19330596923828
1749509388291647130,-34.678287506103516
1749509388359966317,-43.66715621948242
1749509388426873598,-33.30031967163086
1749509388493980412,-29.529787063598633
1749509388558255754,-5.828087329864502
1749509388627565235,-22.509632110595703
1749509388688457091,-47.85214614868164
1749509388762142309,-67.4791488647461
1749509388822531303,-61.08804702758789
1749509388892560797,-103.59105682373047
1749509388956762182,-82.42305755615234
1749509389022501005,-67.70242309570312
1749509389093264433,-27.596046447753906
1749509389162234259,-23.507164001464844
1749509389226300268,-5.089556694030762
1749509389294535154,9.977421760559082
1749509389362535705,14.793671607971191
1749509389426440132,4.245569705963135
1749509389497109815,18.701396942138672
1749509389555625574,0.9498022198677063
1749509389627289876,-24.0314884185791
1749509389696644612,-52.34712600708008
1749509389760192703,-58.60380172729492
1749509389838706024,-47.59563446044922
1749509389893617554,-34.93116760253906
1749509389960891013,-12.971528053283691
1749509390028417363,34.20062255859375
1749509390086361087,46.569190979003906
1749509390155790279,37.97081756591797
1749509390227749719,47.1728401184082
1749509390295477813,13.90146541595459
1749509390358883479,-8.791450500488281
1749509390427100887,-24.05808448791504
1749509390496027893,-90.47103881835938
1749509390561273766,-121.61016082763672
1749509390623390444,-145.17306518554688
1749509390695177342,-189.46522521972656
1749509390756398838,-209.96910095214844
1749509390834942985,-172.6416015625
1749509390888453632,-130.85260009765625
1749509390963153395,-85.75066375732422
1749509391030596058,-35.237525939941406
1749509391090800560,18.150386810302734
1749509391161985908,-5.190174579620361
1749509391227951909,-37.58443069458008
1749509391294946970,-69.82024383544922
1749509391363677381,-72.3860855102539
1749509391429027276,-94.56784057617188
1749509391490429163,-120.2634048461914
1749509391560037328,-127.23767852783203
1749509391627742996,-145.30812072753906
1749509391692171968,-125.48017883300781
1749509391762196181,-98.82939910888672
1749509391830551216,-44.53532409667969
1749509391894850378,-21.05476188659668
1749509391959775476,-7.831508636474609
1749509392029686993,-5.2587738037109375
1749509392095643074,7.7999348640441895
1749509392159993630,6.60434627532959
1749509392231110081,29.460824966430664
1749509392287946207,63.382286071777344
1749509392365377324,63.691444396972656
1749509392432458016,118.7704849243164
1749509392496598329,148.4183349609375
1749509392557359751,177.03343200683594
1749509392628724751,195.0369415283203
1749509392695867621,174.6378936767578
1749509392762701673,154.0168914794922
1749509392833442411,141.7725372314453
1749509392898926722,95.08381652832031
1749509392956350742,61.16720199584961
1749509393034924229,40.045074462890625
1749509393092920767,-0.8269941210746765
1749509393163405159,-38.34833908081055
1749509393226362139,-67.48795318603516
1749509393302527734,-96.60025024414062
1749509393360657991,-93.82649230957031
1749509393425700915,-117.48047637939453
1749509393492540252,-131.3203125
1749509393559404376,-146.6446533203125
1749509393626685898,-186.72573852539062
1749509393697304393,-218.68325805664062
1749509393765336104,-269.7095947265625
1749509393824297020,-284.2236328125
1749509393898991598,-303.52496337890625
1749509393956662295,-292.3230895996094
1749509394030867851,-288.4245910644531
1749509394091957536,-285.639892578125
1749509394164869571,-256.034423828125
1749509394229326182,-210.60659790039062
1749509394296042207,-175.61183166503906
1749509394362071526,-149.0110321044922
1749509394427504362,-105.4005126953125
1749509394494160866,-79.90117645263672
1749509394561437798,-52.970619201660156
1749509394627250642,-16.90114402770996
1749509394695617900,25.022502899169922
1749509394762568588,72.5162353515625
1749509394826862073,86.95987701416016
1749509394901603160,119.61609649658203
1749509394966398634,106.27896118164062
1749509395034530295,103.49042510986328
1749509395098746878,90.13407897949219
1749509395159708753,95.52125549316406
1749509395233316200,96.83035278320312
1749509395294300691,88.86392974853516
1749509395364473597,68.73310089111328
1749509395424217946,70.56539154052734
1749509395499148342,67.52122497558594
1749509395560804604,67.94483184814453
1749509395626805434,50.106101989746094
1749509395698616586,15.221673011779785
1749509395765538209,-16.126731872558594
1749509395831360825,-38.292091369628906
1749509395895639426,-48.45980453491211
1749509395960641107,-44.165931701660156
1749509396031413707,-50.10301208496094
1749509396103605188,-29.228073120117188
1749509396158535933,-35.99822235107422
1749509396233748657,-39.568763732910156
1749509396293322823,-57.32260513305664
1749509396366336130,-43.855709075927734
1749509396425360602,-54.64357376098633
1749509396499696825,-74.24967956542969
1749509396558305932,-78.36175537109375
1749509396633034796,-60.20138931274414
1749509396699914003,-36.73454284667969
1749509396769655951,-34.20744705200195
1749509396827765911,20.081586837768555
1749509396899598709,42.86306381225586
1749509396966606448,86.3311767578125
1749509397032194891,98.46735382080078
1749509397099878771,105.84757995605469
1749509397162161492,104.134765625
1749509397232360788,75.26361846923828
1749509397292205385,43.3448371887207
1749509397366156401,48.150115966796875
1749509397432793495,48.159664154052734
1749509397500443371,54.71603012084961
1749509397566683822,41.98098373413086
1749509397634702029,54.272132873535156
1749509397700394938,57.5076789855957
1749509397768838065,57.11003112792969
1749509397833636690,51.537742614746094
1749509397897212931,46.057830810546875
1749509397967905239,34.21755599975586
1749509398035905477,15.814698219299316
1749509398094883289,13.043399810791016
1749509398172346587,8.066800117492676
1749509398233628204,20.132287979125977
1749509398291925120,10.888070106506348
1749509398367338446,11.446390151977539
1749509398430710729,-2.1254467964172363
1749509398500467516,2.5620932579040527
1749509398567576638,-19.69048500061035
1749509398631126289,-36.54989242553711
1749509398700073053,-71.81612396240234
1749509398768162270,-68.44226837158203
1749509398825877928,-63.057472229003906
1749509398902138614,-63.10158920288086
1749509398968841416,-63.67787170410156
1749509399032568674,-57.87424087524414
1749509399100667063,-77.53508758544922
1749509399171717848,-95.05278778076172
1749509399235647814,-135.73904418945312
1749509399300619728,-172.49398803710938
1749509399370172922,-171.18899536132812
1749509399428576164,-160.7369842529297
1749509399501357570,-138.50733947753906
1749509399564401202,-162.17564392089844
1749509399637735086,-152.38731384277344
1749509399701931151,-128.87640380859375
1749509399763946719,-130.28085327148438
1749509399834348649,-116.99168395996094
1749509399902065916,-88.47672271728516
1749509399967906389,-66.39653778076172
1749509400035711636,-52.42448425292969
1749509400103187315,-14.13286018371582
1749509400170224122,23.359952926635742
1749509400235711860,40.748939514160156
1749509400304596813,60.4972038269043
1749509400364166694,55.20152282714844
1749509400433616660,40.70341110229492
1749509400499790572,42.28647232055664
1749509400566315356,64.07331085205078
1749509400634597530,82.24821472167969
1749509400698258251,88.79010772705078
1749509400768860968,90.5943603515625
1749509400838361220,80.1370849609375
1749509400897320206,77.10313415527344
1749509400969873725,77.13020324707031
1749509401035941751,47.496551513671875
1749509401102326386,101.598388671875
1749509401172610258,52.80022430419922
1749509401236286671,-2.7220959663391113
1749509401298500767,-1.1696149110794067
1749509401370203326,-9.440007209777832
1749509401435387709,-0.7163619995117188
1749509401501714742,10.561819076538086
1749509401567145807,38.942100524902344
1749509401635562998,41.59495162963867
1749509401702381739,64.37566375732422
1749509401768794997,69.73126983642578
1749509401836239564,65.35017395019531
1749509401903919164,94.16339874267578
1749509401966039948,113.57830047607422
1749509402037846524,111.11290740966797
1749509402096575941,121.78841400146484
1749509402169296219,118.68406677246094
1749509402235474908,124.18480682373047
1749509402303260266,125.58183288574219
1749509402370025851,124.90869140625
1749509402437491811,155.20547485351562
1749509402501230460,177.65760803222656
1749509402569359236,190.8964385986328
1749509402638283469,191.23699951171875
1749509402696788277,196.0924530029297
1749509402771030026,201.94189453125
1749509402834978068,197.2158203125
1749509402903540413,174.1407012939453
1749509402968920520,168.1649932861328
1749509403036394021,130.72372436523438
1749509403101908357,99.10771942138672
1749509403165840221,62.71211624145508
1749509403237263598,34.08018112182617
1749509403297773260,6.109807968139648
1749509403369548688,-9.075413703918457
1749509403436886575,-25.376140594482422
1749509403502190669,-39.511016845703125
1749509403564758252,-44.48784637451172
1749509403636543591,-58.09082794189453
1749509403699142581,-66.18187713623047
1749509403769553776,-89.85179138183594
1749509403837372051,-89.81713104248047
1749509403898827194,-88.0032730102539
1749509403969579125,-79.92245483398438
1749509404033911532,-72.4422836303711
1749509404103993571,-56.337745666503906
1749509404164322485,-39.97986602783203
1749509404238108611,-27.37787628173828
1749509404298610470,-2.2093350887298584
1749509404371999360,7.849509239196777
1749509404438581366,12.736536979675293
1749509404503206012,6.1872477531433105
1749509404570371784,5.507779598236084
1749509404631657175,13.720903396606445
1749509404706700952,22.40813636779785
1749509404770586901,34.84169006347656
1749509404837612452,26.495756149291992
1749509404900871481,28.611759185791016
1749509404970763442,24.37353515625
1749509405040856901,28.17276382446289
1749509405098163709,5.971512317657471
1749509405175505117,-11.444586753845215
1749509405237104427,-20.43204116821289
1749509405304421552,-28.924903869628906
1749509405370871103,-61.32077407836914
1749509405437651989,-52.67802047729492
1749509405501488710,-32.673187255859375
1749509405568784264,-46.57612609863281
1749509405634542779,-44.43703079223633
1749509405704605827,-81.11593627929688
1749509405771464866,-87.61713409423828
1749509405831267454,-104.60853576660156
1749509405905539261,-102.84362030029297
1749509405975584285,-110.00170135498047
1749509406031105449,-144.2598419189453
1749509406106519099,-141.4010772705078
1749509406169006758,-111.05962371826172
1749509406238895240,-113.57308197021484
1749509406298769605,-111.98519134521484
1749509406371672724,-99.14990997314453
1749509406439686281,-42.887508392333984
1749509406506757695,-62.632240295410156
1749509406574534243,-46.24051284790039
1749509406639061283,-49.514949798583984
1749509406700414134,21.082124710083008
1749509406773592193,24.73614501953125
1749509406835293272,83.20902252197266
1749509406905901942,104.22992706298828
1749509406967268152,144.7489471435547
1749509407038618073,190.3836212158203
1749509407099973271,183.3343505859375
1749509407173029547,199.7943115234375
1749509407236041977,204.8645782470703
1749509407307353836,190.9410400390625
1749509407372113915,182.56585693359375
1749509407439155994,201.30874633789062
1749509407502190688,214.3828887939453
1749509407576184328,236.76190185546875
1749509407638439445,227.9590301513672
1749509407706826723,225.40631103515625
1749509407769678030,236.19464111328125
1749509407842990914,208.4637451171875
1749509407900078542,230.73219299316406
1749509407975504592,220.6529998779297
1749509408042027694,215.9361572265625
1749509408108842243,184.0989532470703
1749509408173315523,172.96041870117188
1749509408233613720,132.01295471191406
1749509408309392810,97.68242645263672
1749509408369113483,68.76590728759766
1749509408440031380,34.287357330322266
1749509408507683866,27.42264747619629
1749509408573626340,25.904787063598633
1749509408641812216,31.41216278076172
1749509408704020556,41.86260223388672
1749509408774795522,23.811220169067383
1749509408832949147,34.124149322509766
1749509408906735730,23.140443801879883
1749509408968963991,-0.6019713282585144
1749509409040370515,-31.062782287597656
1749509409107665618,-39.982505798339844
1749509409170579866,-60.53926086425781
1749509409239111080,-73.76789855957031
1749509409310638851,-64.52372741699219
1749509409376972743,-57.863670349121094
1749509409446325489,-65.1740493774414
1749509409508555278,-66.92449951171875
1749509409570146468,-80.7118148803711
1749509409638828192,-101.65572357177734
1749509409713162583,-97.41373443603516
1749509409767413094,-64.8740463256836
1749509409841120105,-18.740741729736328
1749509409901957355,22.655101776123047
1749509409978683806,39.333492279052734
1749509410040383072,47.53187942504883
1749509410108116541,71.43407440185547
1749509410175767217,53.49417495727539
1749509410234957126,30.53538703918457
1749509410308010492,21.449913024902344
1749509410378940796,4.898928642272949
1749509410435149767,-12.623984336853027
1749509410510668673,-27.37436294555664
1749509410572274214,-26.12270164489746
1749509410639938134,-30.35833740234375
1749509410709685410,-29.510787963867188
1749509410777135211,-10.459707260131836
1749509410845084038,3.532949209213257
1749509410911929978,6.415116786956787
1749509410976744692,-4.413954257965088
1749509411035698626,-19.885406494140625
1749509411109348713,-41.24301528930664
1749509411175138708,-67.62030792236328
1749509411243104133,-89.33045196533203
1749509411305499030,-107.5624771118164
1749509411376852646,-94.78976440429688
1749509411441581909,-64.06013488769531
1749509411510151095,-63.759666442871094
1749509411568284695,-58.01819610595703
1749509411643804654,-39.378265380859375
1749509411709723752,-36.87533187866211
1749509411770825968,-16.55021095275879
1749509411845156394,-5.547549247741699
1749509411902433205,1.6379603147506714
1749509411975852555,8.349376678466797
1749509412041404890,6.5119500160217285
1749509412109259591,16.284284591674805
1749509412178581441,-29.1336612701416
1749509412235265109,-25.004257202148438
1749509412311764133,-24.5108642578125
1749509412369083495,-15.889789581298828
1749509412442879127,-17.084665298461914
1749509412510119651,-23.428142547607422
1749509412572948909,-45.884395599365234
1749509412643875730,-50.40001678466797
1749509412715127174,-21.252357482910156
1749509412770104334,-26.450342178344727
1749509412845670646,-41.17340087890625
1749509412911215622,-50.68284606933594
1749509412977356714,-50.7709846496582
1749509413043034280,-35.137630462646484
1749509413104491044,-21.733041763305664
1749509413178537122,-17.858211517333984
1749509413245543819,19.118127822875977
1749509413304669950,14.75811767578125
1749509413377949112,27.793781280517578
1749509413446194700,60.96664047241211
1749509413508756315,62.28750228881836
1749509413577639754,65.85625457763672
1749509413645676705,80.7110366821289
1749509413705231988,71.68736267089844
1749509413777112617,77.87042236328125
1749509413844353673,70.62248229980469
1749509413914231279,52.13490295410156
1749509413975457806,16.928590774536133
1749509414045818531,36.01472473144531
1749509414111162605,22.42586898803711
1749509414171549099,23.887666702270508
1749509414242715195,36.394466400146484
1749509414314159321,28.31063461303711
1749509414370960799,19.33121109008789
1749509414445343103,26.953216552734375
1749509414514176393,35.93391799926758
1749509414571582302,35.71186828613281
1749509414637200260,37.51742172241211
1749509414703574396,36.9185676574707
1749509414781261503,37.37921905517578
1749509414848069612,32.12269592285156
1749509414903939449,25.360126495361328
1749509414981187516,19.77652359008789
1749509415047912108,-0.30117055773735046
1749509415113800784,-21.365262985229492
1749509415180166971,-30.927194595336914
1749509415239042232,-39.062835693359375
1749509415312235035,-30.900676727294922
1749509415372121424,-13.683187484741211
1749509415449534234,-1.5713523626327515
1749509415514514856,-3.0142247676849365
1749509415571903361,3.252317428588867
1749509415647448724,7.004489898681641
1749509415705234750,8.612760543823242
1749509415780842378,16.107872009277344
1749509415841354535,18.45551300048828
1749509415907623800,16.62038230895996
1749509415980137053,5.097224235534668
1749509416040599940,-22.971778869628906
1749509416115494424,-49.60641860961914
1749509416181568706,-84.13933563232422
1749509416239706059,-107.88349914550781
1749509416314270748,-120.29413604736328
1749509416379239571,-121.96529388427734
1749509416449137663,-112.13531494140625
1749509416516557318,-98.32151794433594
