rosbagTimestamp,header,seq,stamp,secs,nsecs,frame_id,channels
1749509330519965468,,36087,,1748046278,997401608,'',"[1672, 1697, 1749, 1778, 0, 0, 0, 0, 0, 0, 0, 0, 0, 0, 0, 0]"
1749509330721662907,,36088,,1748046279,97341400,'',"[1752, 1849, 1727, 1690, 0, 0, 0, 0, 0, 0, 0, 0, 0, 0, 0, 0]"
1749509330919314767,,36089,,1748046279,194792192,'',"[1752, 1779, 1764, 1726, 0, 0, 0, 0, 0, 0, 0, 0, 0, 0, 0, 0]"
1749509331119046267,,36090,,1748046279,295713216,'',"[1705, 1682, 1773, 1785, 0, 0, 0, 0, 0, 0, 0, 0, 0, 0, 0, 0]"
1749509331318929177,,36091,,1748046279,395731752,'',"[1686, 1664, 1730, 1777, 0, 0, 0, 0, 0, 0, 0, 0, 0, 0, 0, 0]"
1749509331518374917,,36092,,1748046279,495689800,'',"[1700, 1682, 1769, 1721, 0, 0, 0, 0, 0, 0, 0, 0, 0, 0, 0, 0]"
1749509331718106435,,36093,,1748046279,595685056,'',"[1665, 1669, 1767, 1747, 0, 0, 0, 0, 0, 0, 0, 0, 0, 0, 0, 0]"
1749509331920019439,,36094,,1748046279,695570104,'',"[1625, 1667, 1815, 1770, 0, 0, 0, 0, 0, 0, 0, 0, 0, 0, 0, 0]"
1749509332123302245,,36095,,1748046279,796851664,'',"[1612, 1690, 1795, 1757, 0, 0, 0, 0, 0, 0, 0, 0, 0, 0, 0, 0]"
1749509332319255465,,36096,,1748046279,896818712,'',"[1637, 1697, 1772, 1747, 0, 0, 0, 0, 0, 0, 0, 0, 0, 0, 0, 0]"
1749509332518745585,,36097,,1748046279,996798760,'',"[1615, 1684, 1811, 1781, 0, 0, 0, 0, 0, 0, 0, 0, 0, 0, 0, 0]"
1749509332724283641,,36098,,1748046280,96776064,'',"[1626, 1679, 1799, 1762, 0, 0, 0, 0, 0, 0, 0, 0, 0, 0, 0, 0]"
1749509332916151181,,36099,,1748046280,196774856,'',"[1661, 1663, 1760, 1720, 0, 0, 0, 0, 0, 0, 0, 0, 0, 0, 0, 0]"
1749509333123734916,,36100,,1748046280,297953624,'',"[1670, 1662, 1765, 1699, 0, 0, 0, 0, 0, 0, 0, 0, 0, 0, 0, 0]"
1749509333319441723,,36101,,1748046280,397261904,'',"[1661, 1663, 1790, 1717, 0, 0, 0, 0, 0, 0, 0, 0, 0, 0, 0, 0]"
1749509333523110791,,36102,,1748046280,497862464,'',"[1656, 1672, 1812, 1732, 0, 0, 0, 0, 0, 0, 0, 0, 0, 0, 0, 0]"
1749509333723064799,,36103,,1748046280,597844488,'',"[1705, 1718, 1773, 1679, 0, 0, 0, 0, 0, 0, 0, 0, 0, 0, 0, 0]"
1749509333924575357,,36104,,1748046280,697861256,'',"[1679, 1709, 1772, 1704, 0, 0, 0, 0, 0, 0, 0, 0, 0, 0, 0, 0]"
1749509334118353941,,36105,,1748046280,795283952,'',"[1665, 1690, 1779, 1699, 0, 0, 0, 0, 0, 0, 0, 0, 0, 0, 0, 0]"
1749509334317905161,,36106,,1748046280,895225768,'',"[1681, 1711, 1765, 1720, 0, 0, 0, 0, 0, 0, 0, 0, 0, 0, 0, 0]"
1749509334519279146,,36107,,1748046280,995244840,'',"[1692, 1709, 1767, 1706, 0, 0, 0, 0, 0, 0, 0, 0, 0, 0, 0, 0]"
1749509334717208872,,36108,,1748046281,95167632,'',"[1661, 1713, 1786, 1736, 0, 0, 0, 0, 0, 0, 0, 0, 0, 0, 0, 0]"
1749509334919129574,,36109,,1748046281,197685680,'',"[1666, 1714, 1792, 1725, 0, 0, 0, 0, 0, 0, 0, 0, 0, 0, 0, 0]"
1749509335118721232,,36110,,1748046281,294439728,'',"[1682, 1703, 1776, 1686, 0, 0, 0, 0, 0, 0, 0, 0, 0, 0, 0, 0]"
1749509335316832993,,36111,,1748046281,395065800,'',"[1651, 1688, 1793, 1724, 0, 0, 0, 0, 0, 0, 0, 0, 0, 0, 0, 0]"
1749509335518106969,,36112,,1748046281,495080056,'',"[1714, 1714, 1778, 1687, 0, 0, 0, 0, 0, 0, 0, 0, 0, 0, 0, 0]"
1749509335719869619,,36113,,1748046281,594319872,'',"[1660, 1717, 1772, 1703, 0, 0, 0, 0, 0, 0, 0, 0, 0, 0, 0, 0]"
1749509335919635134,,36114,,1748046281,695093968,'',"[1684, 1701, 1781, 1703, 0, 0, 0, 0, 0, 0, 0, 0, 0, 0, 0, 0]"
1749509336119076071,,36115,,1748046281,796387016,'',"[1664, 1718, 1790, 1725, 0, 0, 0, 0, 0, 0, 0, 0, 0, 0, 0, 0]"
1749509336318833050,,36116,,1748046281,896463576,'',"[1706, 1722, 1723, 1650, 0, 0, 0, 0, 0, 0, 0, 0, 0, 0, 0, 0]"
1749509336518676753,,36117,,1748046281,996423856,'',"[1651, 1710, 1776, 1719, 0, 0, 0, 0, 0, 0, 0, 0, 0, 0, 0, 0]"
1749509336718298474,,36118,,1748046282,96434648,'',"[1704, 1732, 1749, 1682, 0, 0, 0, 0, 0, 0, 0, 0, 0, 0, 0, 0]"
1749509336923700067,,36119,,1748046282,197388720,'',"[1641, 1726, 1799, 1747, 0, 0, 0, 0, 0, 0, 0, 0, 0, 0, 0, 0]"
1749509337119874962,,36120,,1748046282,297345024,'',"[1692, 1705, 1750, 1670, 0, 0, 0, 0, 0, 0, 0, 0, 0, 0, 0, 0]"
1749509337319430627,,36121,,1748046282,396465072,'',"[1667, 1723, 1770, 1717, 0, 0, 0, 0, 0, 0, 0, 0, 0, 0, 0, 0]"
1749509337519225565,,36122,,1748046282,496685376,'',"[1696, 1729, 1753, 1677, 0, 0, 0, 0, 0, 0, 0, 0, 0, 0, 0, 0]"
1749509337718501849,,36123,,1748046282,597278680,'',"[1672, 1754, 1778, 1719, 0, 0, 0, 0, 0, 0, 0, 0, 0, 0, 0, 0]"
1749509337924254073,,36124,,1748046282,697264984,'',"[1688, 1730, 1775, 1684, 0, 0, 0, 0, 0, 0, 0, 0, 0, 0, 0, 0]"
1749509338119875062,,36125,,1748046282,796509520,'',"[1655, 1697, 1805, 1707, 0, 0, 0, 0, 0, 0, 0, 0, 0, 0, 0, 0]"
1749509338319672363,,36126,,1748046282,894661336,'',"[1680, 1728, 1763, 1675, 0, 0, 0, 0, 0, 0, 0, 0, 0, 0, 0, 0]"
1749509338519899755,,36127,,1748046282,997118152,'',"[1670, 1724, 1812, 1710, 0, 0, 0, 0, 0, 0, 0, 0, 0, 0, 0, 0]"
1749509338715038826,,36128,,1748046283,94604248,'',"[1671, 1733, 1783, 1694, 0, 0, 0, 0, 0, 0, 0, 0, 0, 0, 0, 0]"
1749509338918782211,,36129,,1748046283,197180016,'',"[1705, 1705, 1767, 1650, 0, 0, 0, 0, 0, 0, 0, 0, 0, 0, 0, 0]"
1749509339116566358,,36130,,1748046283,294574808,'',"[1710, 1705, 1781, 1676, 0, 0, 0, 0, 0, 0, 0, 0, 0, 0, 0, 0]"
1749509339320026424,,36131,,1748046283,397004368,'',"[1685, 1729, 1783, 1702, 0, 0, 0, 0, 0, 0, 0, 0, 0, 0, 0, 0]"
1749509339525349400,,36132,,1748046283,497003672,'',"[1698, 1716, 1753, 1670, 0, 0, 0, 0, 0, 0, 0, 0, 0, 0, 0, 0]"
1749509339719001987,,36133,,1748046283,597017928,'',"[1684, 1723, 1782, 1692, 0, 0, 0, 0, 0, 0, 0, 0, 0, 0, 0, 0]"
1749509339925047823,,36134,,1748046283,696278232,'',"[1680, 1734, 1782, 1703, 0, 0, 0, 0, 0, 0, 0, 0, 0, 0, 0, 0]"
1749509340118748165,,36135,,1748046283,796917000,'',"[1674, 1711, 1758, 1670, 0, 0, 0, 0, 0, 0, 0, 0, 0, 0, 0, 0]"
1749509340324553840,,36136,,1748046283,896909608,'',"[1700, 1724, 1749, 1649, 0, 0, 0, 0, 0, 0, 0, 0, 0, 0, 0, 0]"
1749509340523854522,,36137,,1748046283,996901656,'',"[1692, 1746, 1756, 1673, 0, 0, 0, 0, 0, 0, 0, 0, 0, 0, 0, 0]"
1749509340719894536,,36138,,1748046284,96822216,'',"[1839, 1769, 1783, 1843, 0, 0, 0, 0, 0, 0, 0, 0, 0, 0, 0, 0]"
1749509340923533348,,36139,,1748046284,196080776,'',"[1741, 1764, 1761, 1731, 0, 0, 0, 0, 0, 0, 0, 0, 0, 0, 0, 0]"
1749509341119330857,,36140,,1748046284,296766104,'',"[1671, 1778, 1813, 1645, 0, 0, 0, 0, 0, 0, 0, 0, 0, 0, 0, 0]"
1749509341316836788,,36141,,1748046284,394282920,'',"[1665, 1778, 1784, 1616, 0, 0, 0, 0, 0, 0, 0, 0, 0, 0, 0, 0]"
1749509341516711206,,36142,,1748046284,494261944,'',"[1683, 1756, 1772, 1665, 0, 0, 0, 0, 0, 0, 0, 0, 0, 0, 0, 0]"
1749509341724189801,,36143,,1748046284,596680736,'',"[1684, 1725, 1791, 1720, 0, 0, 0, 0, 0, 0, 0, 0, 0, 0, 0, 0]"
1749509341919838199,,36144,,1748046284,696782296,'',"[1749, 1746, 1747, 1712, 0, 0, 0, 0, 0, 0, 0, 0, 0, 0, 0, 0]"
1749509342117808434,,36145,,1748046284,794122088,'',"[1707, 1676, 1781, 1778, 0, 0, 0, 0, 0, 0, 0, 0, 0, 0, 0, 0]"
1749509342319796401,,36146,,1748046284,896803648,'',"[1750, 1719, 1728, 1721, 0, 0, 0, 0, 0, 0, 0, 0, 0, 0, 0, 0]"
1749509342519257689,,36147,,1748046284,995888696,'',"[1700, 1673, 1759, 1754, 0, 0, 0, 0, 0, 0, 0, 0, 0, 0, 0, 0]"
1749509342720984942,,36148,,1748046285,96785744,'',"[1720, 1714, 1718, 1723, 0, 0, 0, 0, 0, 0, 0, 0, 0, 0, 0, 0]"
1749509342918616754,,36149,,1748046285,195480584,'',"[1699, 1713, 1738, 1738, 0, 0, 0, 0, 0, 0, 0, 0, 0, 0, 0, 0]"
1749509343123546678,,36150,,1748046285,295526632,'',"[1702, 1706, 1743, 1755, 0, 0, 0, 0, 0, 0, 0, 0, 0, 0, 0, 0]"
1749509343319510688,,36151,,1748046285,395491448,'',"[1708, 1663, 1744, 1722, 0, 0, 0, 0, 0, 0, 0, 0, 0, 0, 0, 0]"
1749509343523523063,,36152,,1748046285,496438752,'',"[1720, 1705, 1745, 1710, 0, 0, 0, 0, 0, 0, 0, 0, 0, 0, 0, 0]"
1749509343719127116,,36153,,1748046285,596367264,'',"[1746, 1726, 1728, 1690, 0, 0, 0, 0, 0, 0, 0, 0, 0, 0, 0, 0]"
1749509343920625978,,36154,,1748046285,696339312,'',"[1708, 1717, 1738, 1729, 0, 0, 0, 0, 0, 0, 0, 0, 0, 0, 0, 0]"
1749509344124680353,,36155,,1748046285,796282312,'',"[1740, 1683, 1728, 1687, 0, 0, 0, 0, 0, 0, 0, 0, 0, 0, 0, 0]"
1749509344326573472,,36156,,1748046285,897548568,'',"[1750, 1728, 1730, 1698, 0, 0, 0, 0, 0, 0, 0, 0, 0, 0, 0, 0]"
1749509344524038457,,36157,,1748046285,997523128,'',"[1749, 1718, 1729, 1708, 0, 0, 0, 0, 0, 0, 0, 0, 0, 0, 0, 0]"
1749509344729351556,,36158,,1748046286,99989616,'',"[1783, 1717, 1740, 1714, 0, 0, 0, 0, 0, 0, 0, 0, 0, 0, 0, 0]"
1749509344921285727,,36159,,1748046286,197485872,'',"[1741, 1704, 1756, 1754, 0, 0, 0, 0, 0, 0, 0, 0, 0, 0, 0, 0]"
1749509345120749335,,36160,,1748046286,298627104,'',"[1732, 1707, 1739, 1780, 0, 0, 0, 0, 0, 0, 0, 0, 0, 0, 0, 0]"
1749509345322508945,,36161,,1748046286,397461896,'',"[1715, 1680, 1731, 1773, 0, 0, 0, 0, 0, 0, 0, 0, 0, 0, 0, 0]"
1749509345528029672,,36162,,1748046286,497927616,'',"[1691, 1667, 1742, 1765, 0, 0, 0, 0, 0, 0, 0, 0, 0, 0, 0, 0]"
1749509345718025166,,36163,,1748046286,596119128,'',"[1709, 1680, 1745, 1763, 0, 0, 0, 0, 0, 0, 0, 0, 0, 0, 0, 0]"
1749509345915571245,,36164,,1748046286,693581992,'',"[1741, 1676, 1724, 1703, 0, 0, 0, 0, 0, 0, 0, 0, 0, 0, 0, 0]"
1749509346121267973,,36165,,1748046286,795976248,'',"[1706, 1652, 1760, 1755, 0, 0, 0, 0, 0, 0, 0, 0, 0, 0, 0, 0]"
1749509346328152031,,36166,,1748046286,899719016,'',"[1735, 1713, 1723, 1740, 0, 0, 0, 0, 0, 0, 0, 0, 0, 0, 0, 0]"
1749509346526611154,,36167,,1748046286,999745272,'',"[1763, 1688, 1732, 1737, 0, 0, 0, 0, 0, 0, 0, 0, 0, 0, 0, 0]"
1749509346721288727,,36168,,1748046287,95877808,'',"[1760, 1711, 1721, 1712, 0, 0, 0, 0, 0, 0, 0, 0, 0, 0, 0, 0]"
1749509346922408231,,36169,,1748046287,195875624,'',"[1689, 1671, 1750, 1811, 0, 0, 0, 0, 0, 0, 0, 0, 0, 0, 0, 0]"
1749509347121075279,,36170,,1748046287,297149648,'',"[1744, 1698, 1721, 1735, 0, 0, 0, 0, 0, 0, 0, 0, 0, 0, 0, 0]"
1749509347317361538,,36171,,1748046287,395845720,'',"[1721, 1668, 1726, 1762, 0, 0, 0, 0, 0, 0, 0, 0, 0, 0, 0, 0]"
1749509347519482376,,36172,,1748046287,495823488,'',"[1696, 1675, 1755, 1785, 0, 0, 0, 0, 0, 0, 0, 0, 0, 0, 0, 0]"
1749509347719802130,,36173,,1748046287,595087304,'',"[1703, 1664, 1746, 1765, 0, 0, 0, 0, 0, 0, 0, 0, 0, 0, 0, 0]"
1749509347928311438,,36174,,1748046287,698386328,'',"[1695, 1664, 1722, 1751, 0, 0, 0, 0, 0, 0, 0, 0, 0, 0, 0, 0]"
1749509348120181551,,36175,,1748046287,795788608,'',"[1733, 1696, 1732, 1734, 0, 0, 0, 0, 0, 0, 0, 0, 0, 0, 0, 0]"
1749509348320604492,,36176,,1748046287,897132888,'',"[1705, 1691, 1713, 1766, 0, 0, 0, 0, 0, 0, 0, 0, 0, 0, 0, 0]"
1749509348519601524,,36177,,1748046287,994421888,'',"[1694, 1648, 1718, 1789, 0, 0, 0, 0, 0, 0, 0, 0, 0, 0, 0, 0]"
1749509348720007484,,36178,,1748046288,97100936,'',"[1761, 1666, 1700, 1713, 0, 0, 0, 0, 0, 0, 0, 0, 0, 0, 0, 0]"
1749509348923525118,,36179,,1748046288,198052984,'',"[1724, 1649, 1727, 1748, 0, 0, 0, 0, 0, 0, 0, 0, 0, 0, 0, 0]"
1749509349119598934,,36180,,1748046288,297121776,'',"[1702, 1658, 1749, 1777, 0, 0, 0, 0, 0, 0, 0, 0, 0, 0, 0, 0]"
1749509349320347209,,36181,,1748046288,397137776,'',"[1693, 1679, 1754, 1783, 0, 0, 0, 0, 0, 0, 0, 0, 0, 0, 0, 0]"
1749509349516773254,,36182,,1748046288,495486568,'',"[1717, 1670, 1734, 1755, 0, 0, 0, 0, 0, 0, 0, 0, 0, 0, 0, 0]"
1749509349718267193,,36183,,1748046288,595431872,'',"[1722, 1683, 1752, 1755, 0, 0, 0, 0, 0, 0, 0, 0, 0, 0, 0, 0]"
1749509349919329930,,36184,,1748046288,694586944,'',"[1673, 1643, 1748, 1823, 0, 0, 0, 0, 0, 0, 0, 0, 0, 0, 0, 0]"
1749509350122011241,,36185,,1748046288,797893992,'',"[1705, 1670, 1728, 1805, 0, 0, 0, 0, 0, 0, 0, 0, 0, 0, 0, 0]"
1749509350327634688,,36186,,1748046288,896669016,'',"[1731, 1678, 1740, 1770, 0, 0, 0, 0, 0, 0, 0, 0, 0, 0, 0, 0]"
1749509350526647011,,36187,,1748046288,999081808,'',"[1728, 1651, 1742, 1786, 0, 0, 0, 0, 0, 0, 0, 0, 0, 0, 0, 0]"
1749509350728476878,,36188,,1748046289,99038088,'',"[1690, 1772, 1863, 1766, 0, 0, 0, 0, 0, 0, 0, 0, 0, 0, 0, 0]"
1749509350920580604,,36189,,1748046289,196570368,'',"[1736, 1708, 1779, 1770, 0, 0, 0, 0, 0, 0, 0, 0, 0, 0, 0, 0]"
1749509351120409429,,36190,,1748046289,296537904,'',"[1713, 1637, 1726, 1838, 0, 0, 0, 0, 0, 0, 0, 0, 0, 0, 0, 0]"
1749509351319836405,,36191,,1748046289,397741440,'',"[1764, 1620, 1687, 1799, 0, 0, 0, 0, 0, 0, 0, 0, 0, 0, 0, 0]"
1749509351521833287,,36192,,1748046289,497673464,'',"[1795, 1687, 1686, 1761, 0, 0, 0, 0, 0, 0, 0, 0, 0, 0, 0, 0]"
1749509351719595101,,36193,,1748046289,595154488,'',"[1771, 1695, 1704, 1720, 0, 0, 0, 0, 0, 0, 0, 0, 0, 0, 0, 0]"
1749509351921240284,,36194,,1748046289,697007024,'',"[1688, 1723, 1763, 1783, 0, 0, 0, 0, 0, 0, 0, 0, 0, 0, 0, 0]"
1749509352118877753,,36195,,1748046289,795107816,'',"[1689, 1723, 1777, 1761, 0, 0, 0, 0, 0, 0, 0, 0, 0, 0, 0, 0]"
1749509352318927532,,36196,,1748046289,896350120,'',"[1678, 1748, 1781, 1754, 0, 0, 0, 0, 0, 0, 0, 0, 0, 0, 0, 0]"
1749509352525564290,,36197,,1748046289,998788144,'',"[1681, 1748, 1760, 1713, 0, 0, 0, 0, 0, 0, 0, 0, 0, 0, 0, 0]"
1749509352725908911,,36198,,1748046290,98794680,'',"[1651, 1710, 1768, 1745, 0, 0, 0, 0, 0, 0, 0, 0, 0, 0, 0, 0]"
1749509352919790164,,36199,,1748046290,193777984,'',"[1670, 1711, 1745, 1715, 0, 0, 0, 0, 0, 0, 0, 0, 0, 0, 0, 0]"
1749509353119826833,,36200,,1748046290,296843288,'',"[1666, 1734, 1778, 1746, 0, 0, 0, 0, 0, 0, 0, 0, 0, 0, 0, 0]"
1749509353320535225,,36201,,1748046290,394967288,'',"[1665, 1705, 1766, 1749, 0, 0, 0, 0, 0, 0, 0, 0, 0, 0, 0, 0]"
1749509353518322418,,36202,,1748046290,494910056,'',"[1661, 1680, 1763, 1736, 0, 0, 0, 0, 0, 0, 0, 0, 0, 0, 0, 0]"
1749509353720857659,,36203,,1748046290,596679128,'',"[1652, 1690, 1750, 1739, 0, 0, 0, 0, 0, 0, 0, 0, 0, 0, 0, 0]"
1749509353925607991,,36204,,1748046290,697416944,'',"[1685, 1680, 1764, 1702, 0, 0, 0, 0, 0, 0, 0, 0, 0, 0, 0, 0]"
1749509354125579778,,36205,,1748046290,798764248,'',"[1719, 1725, 1755, 1704, 0, 0, 0, 0, 0, 0, 0, 0, 0, 0, 0, 0]"
1749509354319158019,,36206,,1748046290,896129808,'',"[1695, 1722, 1758, 1711, 0, 0, 0, 0, 0, 0, 0, 0, 0, 0, 0, 0]"
1749509354519041589,,36207,,1748046290,996168600,'',"[1653, 1678, 1765, 1714, 0, 0, 0, 0, 0, 0, 0, 0, 0, 0, 0, 0]"
1749509354718658489,,36208,,1748046291,96104160,'',"[1697, 1714, 1762, 1697, 0, 0, 0, 0, 0, 0, 0, 0, 0, 0, 0, 0]"
1749509354916170776,,36209,,1748046291,193539464,'',"[1690, 1690, 1780, 1706, 0, 0, 0, 0, 0, 0, 0, 0, 0, 0, 0, 0]"
1749509355121995552,,36210,,1748046291,296170024,'',"[1702, 1723, 1788, 1711, 0, 0, 0, 0, 0, 0, 0, 0, 0, 0, 0, 0]"
1749509355315644643,,36211,,1748046291,393487584,'',"[1665, 1704, 1771, 1724, 0, 0, 0, 0, 0, 0, 0, 0, 0, 0, 0, 0]"
1749509355519158775,,36212,,1748046291,493507608,'',"[1673, 1697, 1782, 1724, 0, 0, 0, 0, 0, 0, 0, 0, 0, 0, 0, 0]"
1749509355718862117,,36213,,1748046291,593606888,'',"[1693, 1694, 1748, 1691, 0, 0, 0, 0, 0, 0, 0, 0, 0, 0, 0, 0]"
1749509355918511798,,36214,,1748046291,693573192,'',"[1655, 1715, 1782, 1747, 0, 0, 0, 0, 0, 0, 0, 0, 0, 0, 0, 0]"
1749509356124204844,,36215,,1748046291,797052752,'',"[1654, 1727, 1764, 1738, 0, 0, 0, 0, 0, 0, 0, 0, 0, 0, 0, 0]"
1749509356319813434,,36216,,1748046291,896971056,'',"[1642, 1692, 1783, 1744, 0, 0, 0, 0, 0, 0, 0, 0, 0, 0, 0, 0]"
1749509356523464117,,36217,,1748046291,996966104,'',"[1686, 1709, 1741, 1699, 0, 0, 0, 0, 0, 0, 0, 0, 0, 0, 0, 0]"
1749509356719126292,,36218,,1748046292,96994968,'',"[1686, 1688, 1781, 1709, 0, 0, 0, 0, 0, 0, 0, 0, 0, 0, 0, 0]"
1749509356919898403,,36219,,1748046292,196962784,'',"[1658, 1699, 1744, 1709, 0, 0, 0, 0, 0, 0, 0, 0, 0, 0, 0, 0]"
1749509357126804436,,36220,,1748046292,296944600,'',"[1693, 1697, 1782, 1698, 0, 0, 0, 0, 0, 0, 0, 0, 0, 0, 0, 0]"
1749509357320157251,,36221,,1748046292,396806136,'',"[1665, 1712, 1770, 1705, 0, 0, 0, 0, 0, 0, 0, 0, 0, 0, 0, 0]"
1749509357520144975,,36222,,1748046292,496796928,'',"[1726, 1730, 1764, 1700, 0, 0, 0, 0, 0, 0, 0, 0, 0, 0, 0, 0]"
1749509357719619691,,36223,,1748046292,596825744,'',"[1648, 1708, 1783, 1708, 0, 0, 0, 0, 0, 0, 0, 0, 0, 0, 0, 0]"
1749509357917767670,,36224,,1748046292,696736304,'',"[1705, 1738, 1771, 1705, 0, 0, 0, 0, 0, 0, 0, 0, 0, 0, 0, 0]"
1749509358119197374,,36225,,1748046292,796740864,'',"[1686, 1704, 1776, 1705, 0, 0, 0, 0, 0, 0, 0, 0, 0, 0, 0, 0]"
1749509358324569277,,36226,,1748046292,897927936,'',"[1705, 1726, 1781, 1680, 0, 0, 0, 0, 0, 0, 0, 0, 0, 0, 0, 0]"
1749509358518489817,,36227,,1748046292,995435264,'',"[1710, 1715, 1772, 1674, 0, 0, 0, 0, 0, 0, 0, 0, 0, 0, 0, 0]"
1749509358720153214,,36228,,1748046293,96629568,'',"[1706, 1739, 1770, 1680, 0, 0, 0, 0, 0, 0, 0, 0, 0, 0, 0, 0]"
1749509358917937185,,36229,,1748046293,196622152,'',"[1685, 1721, 1787, 1681, 0, 0, 0, 0, 0, 0, 0, 0, 0, 0, 0, 0]"
1749509359117590862,,36230,,1748046293,296580968,'',"[1647, 1693, 1807, 1722, 0, 0, 0, 0, 0, 0, 0, 0, 0, 0, 0, 0]"
1749509359319272231,,36231,,1748046293,396574016,'',"[1717, 1728, 1771, 1674, 0, 0, 0, 0, 0, 0, 0, 0, 0, 0, 0, 0]"
1749509359517340653,,36232,,1748046293,496527392,'',"[1713, 1752, 1763, 1666, 0, 0, 0, 0, 0, 0, 0, 0, 0, 0, 0, 0]"
1749509359718908131,,36233,,1748046293,596533952,'',"[1662, 1733, 1788, 1718, 0, 0, 0, 0, 0, 0, 0, 0, 0, 0, 0, 0]"
1749509359920333832,,36234,,1748046293,696519000,'',"[1692, 1728, 1763, 1685, 0, 0, 0, 0, 0, 0, 0, 0, 0, 0, 0, 0]"
1749509360118439040,,36235,,1748046293,795773536,'',"[1717, 1732, 1756, 1663, 0, 0, 0, 0, 0, 0, 0, 0, 0, 0, 0, 0]"
1749509360316072398,,36236,,1748046293,893922608,'',"[1696, 1715, 1773, 1688, 0, 0, 0, 0, 0, 0, 0, 0, 0, 0, 0, 0]"
1749509360518040282,,36237,,1748046293,996469144,'',"[1725, 1763, 1758, 1680, 0, 0, 0, 0, 0, 0, 0, 0, 0, 0, 0, 0]"
1749509360715516126,,36238,,1748046294,93910472,'',"[1847, 1741, 1757, 1800, 0, 0, 0, 0, 0, 0, 0, 0, 0, 0, 0, 0]"
1749509360918875130,,36239,,1748046294,195213080,'',"[1697, 1767, 1779, 1767, 0, 0, 0, 0, 0, 0, 0, 0, 0, 0, 0, 0]"
1749509361118581344,,36240,,1748046294,296551640,'',"[1683, 1791, 1811, 1671, 0, 0, 0, 0, 0, 0, 0, 0, 0, 0, 0, 0]"
1749509361324300267,,36241,,1748046294,398339200,'',"[1639, 1742, 1816, 1648, 0, 0, 0, 0, 0, 0, 0, 0, 0, 0, 0, 0]"
1749509361520174205,,36242,,1748046294,495250528,'',"[1662, 1728, 1791, 1683, 0, 0, 0, 0, 0, 0, 0, 0, 0, 0, 0, 0]"
1749509361715700302,,36243,,1748046294,595250112,'',"[1717, 1725, 1763, 1708, 0, 0, 0, 0, 0, 0, 0, 0, 0, 0, 0, 0]"
1749509361915494195,,36244,,1748046294,693948160,'',"[1758, 1713, 1771, 1722, 0, 0, 0, 0, 0, 0, 0, 0, 0, 0, 0, 0]"
1749509362119042711,,36245,,1748046294,796134488,'',"[1754, 1694, 1785, 1761, 0, 0, 0, 0, 0, 0, 0, 0, 0, 0, 0, 0]"
1749509362320885067,,36246,,1748046294,891384304,'',"[1743, 1725, 1769, 1742, 0, 0, 0, 0, 0, 0, 0, 0, 0, 0, 0, 0]"
1749509362520479799,,36247,,1748046294,996108144,'',"[1733, 1671, 1759, 1734, 0, 0, 0, 0, 0, 0, 0, 0, 0, 0, 0, 0]"
1749509362718062153,,36248,,1748046295,96031472,'',"[1751, 1692, 1748, 1715, 0, 0, 0, 0, 0, 0, 0, 0, 0, 0, 0, 0]"
1749509362915804146,,36249,,1748046295,195363800,'',"[1761, 1719, 1738, 1698, 0, 0, 0, 0, 0, 0, 0, 0, 0, 0, 0, 0]"
1749509363117389313,,36250,,1748046295,296059128,'',"[1765, 1713, 1771, 1707, 0, 0, 0, 0, 0, 0, 0, 0, 0, 0, 0, 0]"
1749509363319462541,,36251,,1748046295,396010688,'',"[1759, 1723, 1747, 1697, 0, 0, 0, 0, 0, 0, 0, 0, 0, 0, 0, 0]"
1749509363518834805,,36252,,1748046295,495931968,'',"[1728, 1722, 1756, 1706, 0, 0, 0, 0, 0, 0, 0, 0, 0, 0, 0, 0]"
1749509363720667915,,36253,,1748046295,595967272,'',"[1689, 1696, 1736, 1727, 0, 0, 0, 0, 0, 0, 0, 0, 0, 0, 0, 0]"
1749509363918325524,,36254,,1748046295,695882576,'',"[1662, 1647, 1748, 1755, 0, 0, 0, 0, 0, 0, 0, 0, 0, 0, 0, 0]"
1749509364123979506,,36255,,1748046295,798390368,'',"[1714, 1681, 1745, 1762, 0, 0, 0, 0, 0, 0, 0, 0, 0, 0, 0, 0]"
1749509364323953979,,36256,,1748046295,898352672,'',"[1726, 1679, 1744, 1754, 0, 0, 0, 0, 0, 0, 0, 0, 0, 0, 0, 0]"
1749509364517579891,,36257,,1748046295,995850208,'',"[1705, 1656, 1730, 1746, 0, 0, 0, 0, 0, 0, 0, 0, 0, 0, 0, 0]"
1749509364716943501,,36258,,1748046296,95756792,'',"[1668, 1626, 1748, 1767, 0, 0, 0, 0, 0, 0, 0, 0, 0, 0, 0, 0]"
1749509364920803091,,36259,,1748046296,195754584,'',"[1680, 1644, 1754, 1776, 0, 0, 0, 0, 0, 0, 0, 0, 0, 0, 0, 0]"
1749509365120430541,,36260,,1748046296,295759912,'',"[1679, 1675, 1765, 1779, 0, 0, 0, 0, 0, 0, 0, 0, 0, 0, 0, 0]"
1749509365319971773,,36261,,1748046296,395730984,'',"[1685, 1705, 1741, 1758, 0, 0, 0, 0, 0, 0, 0, 0, 0, 0, 0, 0]"
1749509365519614306,,36262,,1748046296,495643056,'',"[1715, 1693, 1723, 1753, 0, 0, 0, 0, 0, 0, 0, 0, 0, 0, 0, 0]"
1749509365719447328,,36263,,1748046296,597416128,'',"[1711, 1662, 1752, 1742, 0, 0, 0, 0, 0, 0, 0, 0, 0, 0, 0, 0]"
1749509365919125652,,36264,,1748046296,695592432,'',"[1692, 1660, 1767, 1761, 0, 0, 0, 0, 0, 0, 0, 0, 0, 0, 0, 0]"
1749509366124629727,,36265,,1748046296,798100992,'',"[1732, 1706, 1714, 1731, 0, 0, 0, 0, 0, 0, 0, 0, 0, 0, 0, 0]"
1749509366324634202,,36266,,1748046296,898151296,'',"[1719, 1709, 1712, 1712, 0, 0, 0, 0, 0, 0, 0, 0, 0, 0, 0, 0]"
1749509366520289302,,36267,,1748046296,996871856,'',"[1728, 1702, 1724, 1744, 0, 0, 0, 0, 0, 0, 0, 0, 0, 0, 0, 0]"
1749509366718129701,,36268,,1748046297,96853184,'',"[1755, 1685, 1754, 1733, 0, 0, 0, 0, 0, 0, 0, 0, 0, 0, 0, 0]"
1749509366925649524,,36269,,1748046297,196912000,'',"[1761, 1696, 1734, 1712, 0, 0, 0, 0, 0, 0, 0, 0, 0, 0, 0, 0]"
1749509367119164854,,36270,,1748046297,296942328,'',"[1710, 1658, 1746, 1745, 0, 0, 0, 0, 0, 0, 0, 0, 0, 0, 0, 0]"
1749509367318978526,,36271,,1748046297,396866888,'',"[1666, 1625, 1767, 1790, 0, 0, 0, 0, 0, 0, 0, 0, 0, 0, 0, 0]"
1749509367518389760,,36272,,1748046297,495594216,'',"[1689, 1650, 1761, 1794, 0, 0, 0, 0, 0, 0, 0, 0, 0, 0, 0, 0]"
1749509367718335610,,36273,,1748046297,594385008,'',"[1720, 1683, 1754, 1773, 0, 0, 0, 0, 0, 0, 0, 0, 0, 0, 0, 0]"
1749509367915980064,,36274,,1748046297,694326568,'',"[1749, 1666, 1727, 1745, 0, 0, 0, 0, 0, 0, 0, 0, 0, 0, 0, 0]"
1749509368119968136,,36275,,1748046297,797827640,'',"[1759, 1710, 1720, 1729, 0, 0, 0, 0, 0, 0, 0, 0, 0, 0, 0, 0]"
1749509368317888839,,36276,,1748046297,895263664,'',"[1758, 1673, 1731, 1736, 0, 0, 0, 0, 0, 0, 0, 0, 0, 0, 0, 0]"
1749509368519064390,,36277,,1748046297,996495736,'',"[1692, 1665, 1762, 1808, 0, 0, 0, 0, 0, 0, 0, 0, 0, 0, 0, 0]"
1749509368720651450,,36278,,1748046298,96443296,'',"[1757, 1696, 1745, 1760, 0, 0, 0, 0, 0, 0, 0, 0, 0, 0, 0, 0]"
1749509368920466698,,36279,,1748046298,196429112,'',"[1772, 1686, 1743, 1752, 0, 0, 0, 0, 0, 0, 0, 0, 0, 0, 0, 0]"
1749509369124347064,,36280,,1748046298,297594928,'',"[1684, 1656, 1744, 1773, 0, 0, 0, 0, 0, 0, 0, 0, 0, 0, 0, 0]"
1749509369317948673,,36281,,1748046298,396401000,'',"[1701, 1661, 1732, 1736, 0, 0, 0, 0, 0, 0, 0, 0, 0, 0, 0, 0]"
1749509369519513976,,36282,,1748046298,495093768,'',"[1751, 1664, 1726, 1754, 0, 0, 0, 0, 0, 0, 0, 0, 0, 0, 0, 0]"
1749509369719452289,,36283,,1748046298,595076840,'',"[1681, 1654, 1749, 1792, 0, 0, 0, 0, 0, 0, 0, 0, 0, 0, 0, 0]"
1749509369919168500,,36284,,1748046298,694291656,'',"[1741, 1674, 1699, 1717, 0, 0, 0, 0, 0, 0, 0, 0, 0, 0, 0, 0]"
1749509370120374506,,36285,,1748046298,797452424,'',"[1662, 1647, 1748, 1804, 0, 0, 0, 0, 0, 0, 0, 0, 0, 0, 0, 0]"
1749509370320288929,,36286,,1748046298,897409984,'',"[1728, 1672, 1724, 1744, 0, 0, 0, 0, 0, 0, 0, 0, 0, 0, 0, 0]"
1749509370527937788,,36287,,1748046298,998641032,'',"[1686, 1646, 1733, 1773, 0, 0, 0, 0, 0, 0, 0, 0, 0, 0, 0, 0]"
1749509370719691763,,36288,,1748046299,96140824,'',"[1709, 1773, 1866, 1774, 0, 0, 0, 0, 0, 0, 0, 0, 0, 0, 0, 0]"
1749509370919364362,,36289,,1748046299,197351336,'',"[1694, 1682, 1790, 1843, 0, 0, 0, 0, 0, 0, 0, 0, 0, 0, 0, 0]"
1749509371119198022,,36290,,1748046299,297303384,'',"[1805, 1652, 1696, 1747, 0, 0, 0, 0, 0, 0, 0, 0, 0, 0, 0, 0]"
1749509371320741659,,36291,,1748046299,397316200,'',"[1778, 1637, 1678, 1783, 0, 0, 0, 0, 0, 0, 0, 0, 0, 0, 0, 0]"
1749509371518417005,,36292,,1748046299,496561248,'',"[1752, 1644, 1710, 1795, 0, 0, 0, 0, 0, 0, 0, 0, 0, 0, 0, 0]"
1749509371720077594,,36293,,1748046299,597251040,'',"[1767, 1732, 1736, 1736, 0, 0, 0, 0, 0, 0, 0, 0, 0, 0, 0, 0]"
1749509371923853542,,36294,,1748046299,697218576,'',"[1706, 1720, 1783, 1766, 0, 0, 0, 0, 0, 0, 0, 0, 0, 0, 0, 0]"
1749509372117751896,,36295,,1748046299,796525648,'',"[1706, 1715, 1810, 1765, 0, 0, 0, 0, 0, 0, 0, 0, 0, 0, 0, 0]"
1749509372319152998,,36296,,1748046299,894682696,'',"[1696, 1724, 1793, 1716, 0, 0, 0, 0, 0, 0, 0, 0, 0, 0, 0, 0]"
1749509372520624104,,36297,,1748046299,995918512,'',"[1698, 1722, 1771, 1708, 0, 0, 0, 0, 0, 0, 0, 0, 0, 0, 0, 0]"
1749509372720504588,,36298,,1748046300,95916072,'',"[1723, 1741, 1762, 1707, 0, 0, 0, 0, 0, 0, 0, 0, 0, 0, 0, 0]"
1749509372918288917,,36299,,1748046300,195959144,'',"[1689, 1700, 1775, 1744, 0, 0, 0, 0, 0, 0, 0, 0, 0, 0, 0, 0]"
1749509373119971631,,36300,,1748046300,295884912,'',"[1664, 1708, 1743, 1739, 0, 0, 0, 0, 0, 0, 0, 0, 0, 0, 0, 0]"
1749509373319693538,,36301,,1748046300,395943960,'',"[1675, 1691, 1760, 1745, 0, 0, 0, 0, 0, 0, 0, 0, 0, 0, 0, 0]"
1749509373521236011,,36302,,1748046300,495957240,'',"[1671, 1685, 1749, 1747, 0, 0, 0, 0, 0, 0, 0, 0, 0, 0, 0, 0]"
1749509373717073424,,36303,,1748046300,593319056,'',"[1705, 1704, 1740, 1701, 0, 0, 0, 0, 0, 0, 0, 0, 0, 0, 0, 0]"
1749509373918579513,,36304,,1748046300,696934824,'',"[1730, 1691, 1763, 1722, 0, 0, 0, 0, 0, 0, 0, 0, 0, 0, 0, 0]"
1749509374120508788,,36305,,1748046300,796906872,'',"[1695, 1707, 1738, 1689, 0, 0, 0, 0, 0, 0, 0, 0, 0, 0, 0, 0]"
1749509374320056430,,36306,,1748046300,896887664,'',"[1682, 1699, 1749, 1731, 0, 0, 0, 0, 0, 0, 0, 0, 0, 0, 0, 0]"
1749509374529826184,,36307,,1748046300,998595992,'',"[1676, 1697, 1787, 1719, 0, 0, 0, 0, 0, 0, 0, 0, 0, 0, 0, 0]"
1749509374725395668,,36308,,1748046301,96794064,'',"[1672, 1709, 1747, 1708, 0, 0, 0, 0, 0, 0, 0, 0, 0, 0, 0, 0]"
1749509374918913019,,36309,,1748046301,194305112,'',"[1732, 1734, 1746, 1696, 0, 0, 0, 0, 0, 0, 0, 0, 0, 0, 0, 0]"
1749509375124716820,,36310,,1748046301,298543648,'',"[1707, 1725, 1733, 1680, 0, 0, 0, 0, 0, 0, 0, 0, 0, 0, 0, 0]"
1749509375320514867,,36311,,1748046301,396701696,'',"[1669, 1707, 1770, 1717, 0, 0, 0, 0, 0, 0, 0, 0, 0, 0, 0, 0]"
1749509375524202771,,36312,,1748046301,496014560,'',"[1700, 1709, 1770, 1710, 0, 0, 0, 0, 0, 0, 0, 0, 0, 0, 0, 0]"
1749509375724032343,,36313,,1748046301,596654376,'',"[1685, 1722, 1763, 1708, 0, 0, 0, 0, 0, 0, 0, 0, 0, 0, 0, 0]"
1749509375919533647,,36314,,1748046301,696656936,'',"[1657, 1706, 1759, 1714, 0, 0, 0, 0, 0, 0, 0, 0, 0, 0, 0, 0]"
1749509376121102112,,36315,,1748046301,796004752,'',"[1710, 1718, 1768, 1701, 0, 0, 0, 0, 0, 0, 0, 0, 0, 0, 0, 0]"
1749509376318957152,,36316,,1748046301,896622568,'',"[1714, 1730, 1758, 1708, 0, 0, 0, 0, 0, 0, 0, 0, 0, 0, 0, 0]"
1749509376518880351,,36317,,1748046301,996571104,'',"[1573, 1697, 1801, 1747, 0, 0, 0, 0, 0, 0, 0, 0, 0, 0, 0, 0]"
1749509376722518703,,36318,,1748046302,96520920,'',"[1736, 1718, 1776, 1700, 0, 0, 0, 0, 0, 0, 0, 0, 0, 0, 0, 0]"
1749509376921975972,,36319,,1748046302,196451736,'',"[1684, 1709, 1772, 1719, 0, 0, 0, 0, 0, 0, 0, 0, 0, 0, 0, 0]"
1749509377119949755,,36320,,1748046302,296495808,'',"[1655, 1707, 1791, 1715, 0, 0, 0, 0, 0, 0, 0, 0, 0, 0, 0, 0]"
1749509377319506221,,36321,,1748046302,396396856,'',"[1754, 1740, 1762, 1691, 0, 0, 0, 0, 0, 0, 0, 0, 0, 0, 0, 0]"
1749509377519061459,,36322,,1748046302,496354672,'',"[1627, 1713, 1768, 1703, 0, 0, 0, 0, 0, 0, 0, 0, 0, 0, 0, 0]"
1749509377718614141,,36323,,1748046302,596324488,'',"[1709, 1713, 1796, 1697, 0, 0, 0, 0, 0, 0, 0, 0, 0, 0, 0, 0]"
1749509377924324176,,36324,,1748046302,698826048,'',"[1675, 1721, 1782, 1703, 0, 0, 0, 0, 0, 0, 0, 0, 0, 0, 0, 0]"
1749509378118137083,,36325,,1748046302,796286632,'',"[1693, 1730, 1746, 1676, 0, 0, 0, 0, 0, 0, 0, 0, 0, 0, 0, 0]"
1749509378319684943,,36326,,1748046302,896297656,'',"[1689, 1694, 1797, 1731, 0, 0, 0, 0, 0, 0, 0, 0, 0, 0, 0, 0]"
1749509378521712753,,36327,,1748046302,996253704,'',"[1730, 1741, 1746, 1694, 0, 0, 0, 0, 0, 0, 0, 0, 0, 0, 0, 0]"
1749509378727260131,,36328,,1748046303,100197288,'',"[1702, 1705, 1742, 1681, 0, 0, 0, 0, 0, 0, 0, 0, 0, 0, 0, 0]"
1749509378928852458,,36329,,1748046303,199912568,'',"[1667, 1732, 1818, 1744, 0, 0, 0, 0, 0, 0, 0, 0, 0, 0, 0, 0]"
1749509379124506661,,36330,,1748046303,297599920,'',"[1675, 1734, 1761, 1687, 0, 0, 0, 0, 0, 0, 0, 0, 0, 0, 0, 0]"
1749509379318423840,,36331,,1748046303,394960456,'',"[1688, 1719, 1784, 1682, 0, 0, 0, 0, 0, 0, 0, 0, 0, 0, 0, 0]"
1749509379518273222,,36332,,1748046303,494962504,'',"[1680, 1711, 1791, 1696, 0, 0, 0, 0, 0, 0, 0, 0, 0, 0, 0, 0]"
1749509379725670738,,36333,,1748046303,598585064,'',"[1725, 1718, 1794, 1695, 0, 0, 0, 0, 0, 0, 0, 0, 0, 0, 0, 0]"
1749509379919546165,,36334,,1748046303,695007160,'',"[1675, 1693, 1796, 1700, 0, 0, 0, 0, 0, 0, 0, 0, 0, 0, 0, 0]"
1749509380118997077,,36335,,1748046303,795020464,'',"[1679, 1726, 1784, 1702, 0, 0, 0, 0, 0, 0, 0, 0, 0, 0, 0, 0]"
1749509380324612301,,36336,,1748046303,898446512,'',"[1672, 1715, 1812, 1728, 0, 0, 0, 0, 0, 0, 0, 0, 0, 0, 0, 0]"
1749509380518601818,,36337,,1748046303,995986840,'',"[1646, 1735, 1749, 1684, 0, 0, 0, 0, 0, 0, 0, 0, 0, 0, 0, 0]"
1749509380724138922,,36338,,1748046304,97190632,'',"[1830, 1723, 1790, 1832, 0, 0, 0, 0, 0, 0, 0, 0, 0, 0, 0, 0]"
1749509380919852420,,36339,,1748046304,195880960,'',"[1724, 1741, 1820, 1783, 0, 0, 0, 0, 0, 0, 0, 0, 0, 0, 0, 0]"
1749509381121582741,,36340,,1748046304,295806496,'',"[1630, 1750, 1812, 1681, 0, 0, 0, 0, 0, 0, 0, 0, 0, 0, 0, 0]"
1749509381317271767,,36341,,1748046304,395839288,'',"[1621, 1740, 1805, 1662, 0, 0, 0, 0, 0, 0, 0, 0, 0, 0, 0, 0]"
1749509381519096339,,36342,,1748046304,495766080,'',"[1630, 1713, 1804, 1705, 0, 0, 0, 0, 0, 0, 0, 0, 0, 0, 0, 0]"
1749509381718699537,,36343,,1748046304,595776872,'',"[1721, 1738, 1762, 1729, 0, 0, 0, 0, 0, 0, 0, 0, 0, 0, 0, 0]"
1749509381918441611,,36344,,1748046304,695068688,'',"[1756, 1712, 1775, 1747, 0, 0, 0, 0, 0, 0, 0, 0, 0, 0, 0, 0]"
1749509382124141962,,36345,,1748046304,798237016,'',"[1729, 1713, 1769, 1795, 0, 0, 0, 0, 0, 0, 0, 0, 0, 0, 0, 0]"
1749509382318014094,,36346,,1748046304,895641576,'',"[1740, 1682, 1761, 1790, 0, 0, 0, 0, 0, 0, 0, 0, 0, 0, 0, 0]"
1749509382519661327,,36347,,1748046304,995002880,'',"[1727, 1671, 1764, 1782, 0, 0, 0, 0, 0, 0, 0, 0, 0, 0, 0, 0]"
1749509382725243915,,36348,,1748046305,98102160,'',"[1742, 1692, 1734, 1688, 0, 0, 0, 0, 0, 0, 0, 0, 0, 0, 0, 0]"
1749509382924765254,,36349,,1748046305,198052952,'',"[1719, 1693, 1731, 1711, 0, 0, 0, 0, 0, 0, 0, 0, 0, 0, 0, 0]"
1749509383124619853,,36350,,1748046305,298046512,'',"[1710, 1690, 1728, 1721, 0, 0, 0, 0, 0, 0, 0, 0, 0, 0, 0, 0]"
1749509383318315029,,36351,,1748046305,395510584,'',"[1745, 1719, 1724, 1685, 0, 0, 0, 0, 0, 0, 0, 0, 0, 0, 0, 0]"
1749509383517915599,,36352,,1748046305,495508400,'',"[1714, 1690, 1759, 1725, 0, 0, 0, 0, 0, 0, 0, 0, 0, 0, 0, 0]"
1749509383725569444,,36353,,1748046305,598013680,'',"[1719, 1717, 1734, 1720, 0, 0, 0, 0, 0, 0, 0, 0, 0, 0, 0, 0]"
1749509383919175474,,36354,,1748046305,695389728,'',"[1742, 1684, 1744, 1737, 0, 0, 0, 0, 0, 0, 0, 0, 0, 0, 0, 0]"
1749509384119167093,,36355,,1748046305,795424056,'',"[1744, 1690, 1743, 1708, 0, 0, 0, 0, 0, 0, 0, 0, 0, 0, 0, 0]"
1749509384332772957,,36356,,1748046305,899724872,'',"[1708, 1671, 1765, 1768, 0, 0, 0, 0, 0, 0, 0, 0, 0, 0, 0, 0]"
1749509384518447958,,36357,,1748046305,995321664,'',"[1769, 1687, 1750, 1732, 0, 0, 0, 0, 0, 0, 0, 0, 0, 0, 0, 0]"
1749509384724152675,,36358,,1748046306,96588944,'',"[1691, 1660, 1765, 1788, 0, 0, 0, 0, 0, 0, 0, 0, 0, 0, 0, 0]"
1749509384927646971,,36359,,1748046306,199239784,'',"[1715, 1690, 1704, 1745, 0, 0, 0, 0, 0, 0, 0, 0, 0, 0, 0, 0]"
1749509385117503217,,36360,,1748046306,296606856,'',"[1674, 1686, 1721, 1756, 0, 0, 0, 0, 0, 0, 0, 0, 0, 0, 0, 0]"
1749509385321004919,,36361,,1748046306,396656440,'',"[1729, 1693, 1711, 1737, 0, 0, 0, 0, 0, 0, 0, 0, 0, 0, 0, 0]"
1749509385520852410,,36362,,1748046306,497132256,'',"[1743, 1701, 1713, 1706, 0, 0, 0, 0, 0, 0, 0, 0, 0, 0, 0, 0]"
1749509385718727073,,36363,,1748046306,594011304,'',"[1760, 1704, 1735, 1742, 0, 0, 0, 0, 0, 0, 0, 0, 0, 0, 0, 0]"
1749509385924043723,,36364,,1748046306,696669376,'',"[1712, 1667, 1761, 1788, 0, 0, 0, 0, 0, 0, 0, 0, 0, 0, 0, 0]"
1749509386118133663,,36365,,1748046306,794062448,'',"[1707, 1683, 1751, 1744, 0, 0, 0, 0, 0, 0, 0, 0, 0, 0, 0, 0]"
1749509386319627353,,36366,,1748046306,896702264,'',"[1721, 1693, 1749, 1744, 0, 0, 0, 0, 0, 0, 0, 0, 0, 0, 0, 0]"
1749509386521153968,,36367,,1748046306,997565336,'',"[1736, 1683, 1732, 1715, 0, 0, 0, 0, 0, 0, 0, 0, 0, 0, 0, 0]"
1749509386720952532,,36368,,1748046307,96360664,'',"[1739, 1686, 1723, 1734, 0, 0, 0, 0, 0, 0, 0, 0, 0, 0, 0, 0]"
1749509386930560907,,36369,,1748046307,198689712,'',"[1712, 1695, 1738, 1774, 0, 0, 0, 0, 0, 0, 0, 0, 0, 0, 0, 0]"
1749509387118100416,,36370,,1748046307,296258552,'',"[1725, 1677, 1727, 1783, 0, 0, 0, 0, 0, 0, 0, 0, 0, 0, 0, 0]"
1749509387320183404,,36371,,1748046307,396210344,'',"[1706, 1685, 1730, 1756, 0, 0, 0, 0, 0, 0, 0, 0, 0, 0, 0, 0]"
1749509387519698300,,36372,,1748046307,496180952,'',"[1695, 1695, 1719, 1745, 0, 0, 0, 0, 0, 0, 0, 0, 0, 0, 0, 0]"
1749509387719568078,,36373,,1748046307,596738720,'',"[1712, 1693, 1712, 1757, 0, 0, 0, 0, 0, 0, 0, 0, 0, 0, 0, 0]"
1749509387921345249,,36374,,1748046307,697328280,'',"[1737, 1680, 1721, 1745, 0, 0, 0, 0, 0, 0, 0, 0, 0, 0, 0, 0]"
1749509388124608209,,36375,,1748046307,797276096,'',"[1742, 1674, 1722, 1727, 0, 0, 0, 0, 0, 0, 0, 0, 0, 0, 0, 0]"
1749509388320244037,,36376,,1748046307,897259680,'',"[1759, 1689, 1729, 1721, 0, 0, 0, 0, 0, 0, 0, 0, 0, 0, 0, 0]"
1749509388520063645,,36377,,1748046307,997288472,'',"[1695, 1669, 1765, 1792, 0, 0, 0, 0, 0, 0, 0, 0, 0, 0, 0, 0]"
1749509388717776746,,36378,,1748046308,95996752,'',"[1540, 1601, 1802, 1900, 0, 0, 0, 0, 0, 0, 0, 0, 0, 0, 0, 0]"
1749509388927345660,,36379,,1748046308,197806824,'',"[1740, 1694, 1709, 1729, 0, 0, 0, 0, 0, 0, 0, 0, 0, 0, 0, 0]"
1749509389119032366,,36380,,1748046308,295892176,'',"[1745, 1672, 1710, 1734, 0, 0, 0, 0, 0, 0, 0, 0, 0, 0, 0, 0]"
1749509389320784449,,36381,,1748046308,395850224,'',"[1718, 1663, 1737, 1765, 0, 0, 0, 0, 0, 0, 0, 0, 0, 0, 0, 0]"
1749509389518352537,,36382,,1748046308,495814808,'',"[1690, 1676, 1731, 1771, 0, 0, 0, 0, 0, 0, 0, 0, 0, 0, 0, 0]"
1749509389722155412,,36383,,1748046308,595834368,'',"[1729, 1699, 1715, 1724, 0, 0, 0, 0, 0, 0, 0, 0, 0, 0, 0, 0]"
1749509389924033107,,36384,,1748046308,698344184,'',"[1703, 1655, 1770, 1791, 0, 0, 0, 0, 0, 0, 0, 0, 0, 0, 0, 0]"
1749509390117491430,,36385,,1748046308,795723976,'',"[1723, 1639, 1763, 1797, 0, 0, 0, 0, 0, 0, 0, 0, 0, 0, 0, 0]"
1749509390319159558,,36386,,1748046308,895775560,'',"[1713, 1640, 1740, 1791, 0, 0, 0, 0, 0, 0, 0, 0, 0, 0, 0, 0]"
1749509390520785508,,36387,,1748046308,998236144,'',"[1731, 1636, 1721, 1771, 0, 0, 0, 0, 0, 0, 0, 0, 0, 0, 0, 0]"
1749509390720716274,,36388,,1748046309,95645192,'',"[1694, 1761, 1850, 1773, 0, 0, 0, 0, 0, 0, 0, 0, 0, 0, 0, 0]"
1749509390918101090,,36389,,1748046309,196911520,'',"[1724, 1698, 1740, 1777, 0, 0, 0, 0, 0, 0, 0, 0, 0, 0, 0, 0]"
1749509391119980901,,36390,,1748046309,296957848,'',"[1746, 1625, 1730, 1840, 0, 0, 0, 0, 0, 0, 0, 0, 0, 0, 0, 0]"
1749509391317598483,,36391,,1748046309,394420640,'',"[1782, 1661, 1680, 1806, 0, 0, 0, 0, 0, 0, 0, 0, 0, 0, 0, 0]"
1749509391525187202,,36392,,1748046309,496950968,'',"[1742, 1697, 1713, 1764, 0, 0, 0, 0, 0, 0, 0, 0, 0, 0, 0, 0]"
1749509391719132584,,36393,,1748046309,594428040,'',"[1750, 1704, 1774, 1761, 0, 0, 0, 0, 0, 0, 0, 0, 0, 0, 0, 0]"
1749509391926536614,,36394,,1748046309,699314856,'',"[1724, 1722, 1785, 1709, 0, 0, 0, 0, 0, 0, 0, 0, 0, 0, 0, 0]"
1749509392120429578,,36395,,1748046309,796982208,'',"[1698, 1733, 1780, 1714, 0, 0, 0, 0, 0, 0, 0, 0, 0, 0, 0, 0]"
1749509392324017716,,36396,,1748046309,897955768,'',"[1686, 1687, 1797, 1724, 0, 0, 0, 0, 0, 0, 0, 0, 0, 0, 0, 0]"
1749509392521600376,,36397,,1748046309,997917584,'',"[1709, 1711, 1788, 1710, 0, 0, 0, 0, 0, 0, 0, 0, 0, 0, 0, 0]"
1749509392725243986,,36398,,1748046310,97851912,'',"[1700, 1682, 1790, 1700, 0, 0, 0, 0, 0, 0, 0, 0, 0, 0, 0, 0]"
1749509392918870110,,36399,,1748046310,196586472,'',"[1681, 1683, 1786, 1732, 0, 0, 0, 0, 0, 0, 0, 0, 0, 0, 0, 0]"
1749509393118571533,,36400,,1748046310,296612008,'',"[1698, 1679, 1787, 1751, 0, 0, 0, 0, 0, 0, 0, 0, 0, 0, 0, 0]"
1749509393318359093,,36401,,1748046310,395296568,'',"[1707, 1694, 1787, 1720, 0, 0, 0, 0, 0, 0, 0, 0, 0, 0, 0, 0]"
1749509393524093692,,36402,,1748046310,499096152,'',"[1681, 1671, 1780, 1726, 0, 0, 0, 0, 0, 0, 0, 0, 0, 0, 0, 0]"
1749509393725747329,,36403,,1748046310,597035064,'',"[1679, 1718, 1756, 1738, 0, 0, 0, 0, 0, 0, 0, 0, 0, 0, 0, 0]"
1749509393917394031,,36404,,1748046310,695161136,'',"[1648, 1706, 1780, 1762, 0, 0, 0, 0, 0, 0, 0, 0, 0, 0, 0, 0]"
1749509394121323404,,36405,,1748046310,797656440,'',"[1662, 1700, 1760, 1756, 0, 0, 0, 0, 0, 0, 0, 0, 0, 0, 0, 0]"
1749509394324710622,,36406,,1748046310,897651976,'',"[1648, 1685, 1770, 1763, 0, 0, 0, 0, 0, 0, 0, 0, 0, 0, 0, 0]"
1749509394518444863,,36407,,1748046310,995164768,'',"[1691, 1690, 1757, 1717, 0, 0, 0, 0, 0, 0, 0, 0, 0, 0, 0, 0]"
1749509394724462604,,36408,,1748046311,96889608,'',"[1723, 1689, 1781, 1718, 0, 0, 0, 0, 0, 0, 0, 0, 0, 0, 0, 0]"
1749509394921734955,,36409,,1748046311,196308240,'',"[1709, 1731, 1750, 1693, 0, 0, 0, 0, 0, 0, 0, 0, 0, 0, 0, 0]"
1749509395121435215,,36410,,1748046311,296269008,'',"[1660, 1687, 1777, 1701, 0, 0, 0, 0, 0, 0, 0, 0, 0, 0, 0, 0]"
1749509395321082486,,36411,,1748046311,396298824,'',"[1663, 1690, 1812, 1740, 0, 0, 0, 0, 0, 0, 0, 0, 0, 0, 0, 0]"
1749509395518812455,,36412,,1748046311,494941688,'',"[1702, 1721, 1742, 1681, 0, 0, 0, 0, 0, 0, 0, 0, 0, 0, 0, 0]"
1749509395718394762,,36413,,1748046311,594912760,'',"[1663, 1695, 1807, 1750, 0, 0, 0, 0, 0, 0, 0, 0, 0, 0, 0, 0]"
1749509395917874225,,36414,,1748046311,694882880,'',"[1681, 1713, 1792, 1715, 0, 0, 0, 0, 0, 0, 0, 0, 0, 0, 0, 0]"
1749509396119766905,,36415,,1748046311,797357416,'',"[1689, 1692, 1795, 1726, 0, 0, 0, 0, 0, 0, 0, 0, 0, 0, 0, 0]"
1749509396321353730,,36416,,1748046311,897392280,'',"[1712, 1716, 1750, 1691, 0, 0, 0, 0, 0, 0, 0, 0, 0, 0, 0, 0]"
1749509396518907417,,36417,,1748046311,994853352,'',"[1670, 1708, 1817, 1752, 0, 0, 0, 0, 0, 0, 0, 0, 0, 0, 0, 0]"
1749509396720704488,,36418,,1748046312,97299912,'',"[1657, 1676, 1804, 1749, 0, 0, 0, 0, 0, 0, 0, 0, 0, 0, 0, 0]"
1749509396918451634,,36419,,1748046312,196020448,'',"[1716, 1721, 1766, 1687, 0, 0, 0, 0, 0, 0, 0, 0, 0, 0, 0, 0]"
1749509397118168815,,36420,,1748046312,296037288,'',"[1672, 1725, 1791, 1719, 0, 0, 0, 0, 0, 0, 0, 0, 0, 0, 0, 0]"
1749509397319970886,,36421,,1748046312,396045384,'',"[1687, 1697, 1789, 1705, 0, 0, 0, 0, 0, 0, 0, 0, 0, 0, 0, 0]"
1749509397517819453,,36422,,1748046312,496021992,'',"[1681, 1692, 1808, 1720, 0, 0, 0, 0, 0, 0, 0, 0, 0, 0, 0, 0]"
1749509397719288002,,36423,,1748046312,596093784,'',"[1678, 1713, 1805, 1723, 0, 0, 0, 0, 0, 0, 0, 0, 0, 0, 0, 0]"
1749509397919002767,,36424,,1748046312,696046904,'',"[1700, 1714, 1780, 1690, 0, 0, 0, 0, 0, 0, 0, 0, 0, 0, 0, 0]"
1749509398118521866,,36425,,1748046312,796067696,'',"[1704, 1708, 1781, 1707, 0, 0, 0, 0, 0, 0, 0, 0, 0, 0, 0, 0]"
1749509398320380443,,36426,,1748046312,896074048,'',"[1701, 1740, 1759, 1673, 0, 0, 0, 0, 0, 0, 0, 0, 0, 0, 0, 0]"
1749509398518115327,,36427,,1748046312,994773376,'',"[1704, 1696, 1786, 1688, 0, 0, 0, 0, 0, 0, 0, 0, 0, 0, 0, 0]"
1749509398717828676,,36428,,1748046313,97004424,'',"[1687, 1747, 1772, 1696, 0, 0, 0, 0, 0, 0, 0, 0, 0, 0, 0, 0]"
1749509398919231308,,36429,,1748046313,195740984,'',"[1723, 1708, 1781, 1676, 0, 0, 0, 0, 0, 0, 0, 0, 0, 0, 0, 0]"
1749509399121250716,,36430,,1748046313,295708824,'',"[1685, 1732, 1754, 1703, 0, 0, 0, 0, 0, 0, 0, 0, 0, 0, 0, 0]"
1749509399325000785,,36431,,1748046313,398118688,'',"[1694, 1736, 1762, 1687, 0, 0, 0, 0, 0, 0, 0, 0, 0, 0, 0, 0]"
1749509399518522093,,36432,,1748046313,495618784,'',"[1702, 1715, 1780, 1698, 0, 0, 0, 0, 0, 0, 0, 0, 0, 0, 0, 0]"
1749509399718331339,,36433,,1748046313,595630344,'',"[1681, 1731, 1742, 1692, 0, 0, 0, 0, 0, 0, 0, 0, 0, 0, 0, 0]"
1749509399918011041,,36434,,1748046313,695606624,'',"[1692, 1731, 1776, 1683, 0, 0, 0, 0, 0, 0, 0, 0, 0, 0, 0, 0]"
1749509400118243323,,36435,,1748046313,796772184,'',"[1683, 1734, 1757, 1691, 0, 0, 0, 0, 0, 0, 0, 0, 0, 0, 0, 0]"
1749509400319370300,,36436,,1748046313,895552976,'',"[1687, 1694, 1774, 1687, 0, 0, 0, 0, 0, 0, 0, 0, 0, 0, 0, 0]"
1749509400517099879,,36437,,1748046313,994346328,'',"[1728, 1752, 1744, 1670, 0, 0, 0, 0, 0, 0, 0, 0, 0, 0, 0, 0]"
1749509400718645894,,36438,,1748046314,96731192,'',"[1813, 1744, 1747, 1800, 0, 0, 0, 0, 0, 0, 0, 0, 0, 0, 0, 0]"
1749509400928465307,,36439,,1748046314,200444984,'',"[1714, 1764, 1806, 1741, 0, 0, 0, 0, 0, 0, 0, 0, 0, 0, 0, 0]"
1749509401120514982,,36440,,1748046314,297895824,'',"[1661, 1763, 1809, 1649, 0, 0, 0, 0, 0, 0, 0, 0, 0, 0, 0, 0]"
1749509401319896446,,36441,,1748046314,396667640,'',"[1654, 1768, 1800, 1651, 0, 0, 0, 0, 0, 0, 0, 0, 0, 0, 0, 0]"
1749509401517721279,,36442,,1748046314,496586920,'',"[1695, 1753, 1781, 1677, 0, 0, 0, 0, 0, 0, 0, 0, 0, 0, 0, 0]"
1749509401719302078,,36443,,1748046314,596581736,'',"[1738, 1748, 1780, 1736, 0, 0, 0, 0, 0, 0, 0, 0, 0, 0, 0, 0]"
1749509401918920838,,36444,,1748046314,696551528,'',"[1750, 1720, 1737, 1719, 0, 0, 0, 0, 0, 0, 0, 0, 0, 0, 0, 0]"
1749509402120476947,,36445,,1748046314,795882136,'',"[1750, 1720, 1732, 1730, 0, 0, 0, 0, 0, 0, 0, 0, 0, 0, 0, 0]"
1749509402326456039,,36446,,1748046314,898973464,'',"[1746, 1682, 1736, 1758, 0, 0, 0, 0, 0, 0, 0, 0, 0, 0, 0, 0]"
1749509402520135156,,36447,,1748046314,996431512,'',"[1765, 1702, 1736, 1707, 0, 0, 0, 0, 0, 0, 0, 0, 0, 0, 0, 0]"
1749509402717784323,,36448,,1748046315,96386072,'',"[1740, 1666, 1763, 1720, 0, 0, 0, 0, 0, 0, 0, 0, 0, 0, 0, 0]"
1749509402919489561,,36449,,1748046315,195102888,'',"[1754, 1701, 1754, 1697, 0, 0, 0, 0, 0, 0, 0, 0, 0, 0, 0, 0]"
1749509403117166699,,36450,,1748046315,295092680,'',"[1744, 1715, 1751, 1703, 0, 0, 0, 0, 0, 0, 0, 0, 0, 0, 0, 0]"
1749509403319001037,,36451,,1748046315,395050032,'',"[1723, 1710, 1750, 1714, 0, 0, 0, 0, 0, 0, 0, 0, 0, 0, 0, 0]"
1749509403520539374,,36452,,1748046315,497722640,'',"[1723, 1673, 1760, 1715, 0, 0, 0, 0, 0, 0, 0, 0, 0, 0, 0, 0]"
1749509403718211087,,36453,,1748046315,595607480,'',"[1696, 1675, 1749, 1736, 0, 0, 0, 0, 0, 0, 0, 0, 0, 0, 0, 0]"
1749509403919938517,,36454,,1748046315,697696808,'',"[1740, 1706, 1748, 1720, 0, 0, 0, 0, 0, 0, 0, 0, 0, 0, 0, 0]"
1749509404117637425,,36455,,1748046315,795106392,'',"[1710, 1695, 1756, 1766, 0, 0, 0, 0, 0, 0, 0, 0, 0, 0, 0, 0]"
1749509404317275581,,36456,,1748046315,895718440,'',"[1699, 1678, 1725, 1729, 0, 0, 0, 0, 0, 0, 0, 0, 0, 0, 0, 0]"
1749509404519303730,,36457,,1748046315,995121744,'',"[1709, 1695, 1723, 1722, 0, 0, 0, 0, 0, 0, 0, 0, 0, 0, 0, 0]"
1749509404720754852,,36458,,1748046316,95129536,'',"[1737, 1694, 1737, 1740, 0, 0, 0, 0, 0, 0, 0, 0, 0, 0, 0, 0]"
1749509404920281145,,36459,,1748046316,191167376,'',"[1705, 1684, 1737, 1741, 0, 0, 0, 0, 0, 0, 0, 0, 0, 0, 0, 0]"
1749509405117952418,,36460,,1748046316,294856656,'',"[1731, 1685, 1720, 1713, 0, 0, 0, 0, 0, 0, 0, 0, 0, 0, 0, 0]"
1749509405318246400,,36461,,1748046316,396011936,'',"[1748, 1690, 1753, 1723, 0, 0, 0, 0, 0, 0, 0, 0, 0, 0, 0, 0]"
1749509405519450014,,36462,,1748046316,494812776,'',"[1743, 1672, 1763, 1761, 0, 0, 0, 0, 0, 0, 0, 0, 0, 0, 0, 0]"
1749509405717141166,,36463,,1748046316,595944616,'',"[1665, 1666, 1759, 1772, 0, 0, 0, 0, 0, 0, 0, 0, 0, 0, 0, 0]"
1749509405926660625,,36464,,1748046316,698449944,'',"[1727, 1686, 1732, 1749, 0, 0, 0, 0, 0, 0, 0, 0, 0, 0, 0, 0]"
1749509406118638370,,36465,,1748046316,795930808,'',"[1687, 1652, 1718, 1790, 0, 0, 0, 0, 0, 0, 0, 0, 0, 0, 0, 0]"
1749509406320253080,,36466,,1748046316,895901696,'',"[1724, 1668, 1741, 1771, 0, 0, 0, 0, 0, 0, 0, 0, 0, 0, 0, 0]"
1749509406525748940,,36467,,1748046316,998371024,'',"[1745, 1704, 1720, 1740, 0, 0, 0, 0, 0, 0, 0, 0, 0, 0, 0, 0]"
1749509406721568664,,36468,,1748046317,98304120,'',"[1676, 1668, 1737, 1811, 0, 0, 0, 0, 0, 0, 0, 0, 0, 0, 0, 0]"
1749509406919224448,,36469,,1748046317,195768496,'',"[1707, 1721, 1758, 1764, 0, 0, 0, 0, 0, 0, 0, 0, 0, 0, 0, 0]"
1749509407126592947,,36470,,1748046317,299485616,'',"[1648, 1665, 1771, 1778, 0, 0, 0, 0, 0, 0, 0, 0, 0, 0, 0, 0]"
1749509407322241349,,36471,,1748046317,396975016,'',"[1685, 1693, 1753, 1751, 0, 0, 0, 0, 0, 0, 0, 0, 0, 0, 0, 0]"
1749509407524085604,,36472,,1748046317,499492600,'',"[1678, 1683, 1755, 1749, 0, 0, 0, 0, 0, 0, 0, 0, 0, 0, 0, 0]"
1749509407727914657,,36473,,1748046317,599418184,'',"[1668, 1683, 1738, 1739, 0, 0, 0, 0, 0, 0, 0, 0, 0, 0, 0, 0]"
1749509407925534737,,36474,,1748046317,697465672,'',"[1714, 1673, 1747, 1706, 0, 0, 0, 0, 0, 0, 0, 0, 0, 0, 0, 0]"
1749509408121304234,,36475,,1748046317,795607280,'',"[1700, 1670, 1725, 1720, 0, 0, 0, 0, 0, 0, 0, 0, 0, 0, 0, 0]"
1749509408317124974,,36476,,1748046317,895574632,'',"[1693, 1692, 1762, 1769, 0, 0, 0, 0, 0, 0, 0, 0, 0, 0, 0, 0]"
1749509408526592539,,36477,,1748046317,998063472,'',"[1722, 1717, 1726, 1735, 0, 0, 0, 0, 0, 0, 0, 0, 0, 0, 0, 0]"
1749509408728400365,,36478,,1748046318,98017920,'',"[1707, 1667, 1747, 1744, 0, 0, 0, 0, 0, 0, 0, 0, 0, 0, 0, 0]"
1749509408922262030,,36479,,1748046318,198016504,'',"[1700, 1693, 1765, 1755, 0, 0, 0, 0, 0, 0, 0, 0, 0, 0, 0, 0]"
1749509409125671141,,36480,,1748046318,297992320,'',"[1677, 1696, 1758, 1768, 0, 0, 0, 0, 0, 0, 0, 0, 0, 0, 0, 0]"
1749509409325268144,,36481,,1748046318,398050648,'',"[1703, 1707, 1744, 1768, 0, 0, 0, 0, 0, 0, 0, 0, 0, 0, 0, 0]"
1749509409521306324,,36482,,1748046318,494737768,'',"[1705, 1675, 1749, 1754, 0, 0, 0, 0, 0, 0, 0, 0, 0, 0, 0, 0]"
1749509409718774674,,36483,,1748046318,596778608,'',"[1695, 1679, 1725, 1758, 0, 0, 0, 0, 0, 0, 0, 0, 0, 0, 0, 0]"
1749509409918256093,,36484,,1748046318,695507984,'',"[1701, 1691, 1759, 1777, 0, 0, 0, 0, 0, 0, 0, 0, 0, 0, 0, 0]"
1749509410124263392,,36485,,1748046318,796811080,'',"[1694, 1682, 1757, 1758, 0, 0, 0, 0, 0, 0, 0, 0, 0, 0, 0, 0]"
1749509410321697306,,36486,,1748046318,896831968,'',"[1691, 1693, 1760, 1759, 0, 0, 0, 0, 0, 0, 0, 0, 0, 0, 0, 0]"
1749509410525450771,,36487,,1748046318,997744552,'',"[1697, 1719, 1748, 1757, 0, 0, 0, 0, 0, 0, 0, 0, 0, 0, 0, 0]"
1749509410719139399,,36488,,1748046319,95542928,'',"[1703, 1702, 1740, 1760, 0, 0, 0, 0, 0, 0, 0, 0, 0, 0, 0, 0]"
1749509410918949368,,36489,,1748046319,195235792,'',"[1701, 1701, 1766, 1767, 0, 0, 0, 0, 0, 0, 0, 0, 0, 0, 0, 0]"
1749509411126223029,,36490,,1748046319,298956608,'',"[1728, 1743, 1728, 1738, 0, 0, 0, 0, 0, 0, 0, 0, 0, 0, 0, 0]"
1749509411320128290,,36491,,1748046319,396411216,'',"[1702, 1711, 1732, 1770, 0, 0, 0, 0, 0, 0, 0, 0, 0, 0, 0, 0]"
1749509411522158589,,36492,,1748046319,496361544,'',"[1717, 1706, 1739, 1739, 0, 0, 0, 0, 0, 0, 0, 0, 0, 0, 0, 0]"
1749509411719829770,,36493,,1748046319,596379128,'',"[1704, 1710, 1760, 1754, 0, 0, 0, 0, 0, 0, 0, 0, 0, 0, 0, 0]"
1749509411921414442,,36494,,1748046319,697552944,'',"[1746, 1686, 1740, 1724, 0, 0, 0, 0, 0, 0, 0, 0, 0, 0, 0, 0]"
1749509412125016782,,36495,,1748046319,797523064,'',"[1731, 1703, 1748, 1727, 0, 0, 0, 0, 0, 0, 0, 0, 0, 0, 0, 0]"
1749509412324980784,,36496,,1748046319,897504928,'',"[1708, 1685, 1751, 1747, 0, 0, 0, 0, 0, 0, 0, 0, 0, 0, 0, 0]"
1749509412520486565,,36497,,1748046319,997543488,'',"[1688, 1671, 1763, 1775, 0, 0, 0, 0, 0, 0, 0, 0, 0, 0, 0, 0]"
1749509412725970373,,36498,,1748046320,97445000,'',"[1676, 1707, 1750, 1766, 0, 0, 0, 0, 0, 0, 0, 0, 0, 0, 0, 0]"
1749509412919714528,,36499,,1748046320,197476632,'',"[1677, 1687, 1769, 1775, 0, 0, 0, 0, 0, 0, 0, 0, 0, 0, 0, 0]"
1749509413123453769,,36500,,1748046320,297367704,'',"[1699, 1716, 1745, 1742, 0, 0, 0, 0, 0, 0, 0, 0, 0, 0, 0, 0]"
1749509413321204630,,36501,,1748046320,397392544,'',"[1711, 1716, 1733, 1747, 0, 0, 0, 0, 0, 0, 0, 0, 0, 0, 0, 0]"
1749509413520725026,,36502,,1748046320,497337248,'',"[1721, 1717, 1739, 1725, 0, 0, 0, 0, 0, 0, 0, 0, 0, 0, 0, 0]"
1749509413722554221,,36503,,1748046320,597295600,'',"[1722, 1686, 1758, 1730, 0, 0, 0, 0, 0, 0, 0, 0, 0, 0, 0, 0]"
1749509413922401869,,36504,,1748046320,697302696,'',"[1715, 1732, 1739, 1737, 0, 0, 0, 0, 0, 0, 0, 0, 0, 0, 0, 0]"
1749509414126048442,,36505,,1748046320,797299840,'',"[1726, 1709, 1729, 1733, 0, 0, 0, 0, 0, 0, 0, 0, 0, 0, 0, 0]"
1749509414319950367,,36506,,1748046320,897196120,'',"[1712, 1704, 1766, 1743, 0, 0, 0, 0, 0, 0, 0, 0, 0, 0, 0, 0]"
1749509414519373517,,36507,,1748046320,996555216,'',"[1683, 1677, 1761, 1765, 0, 0, 0, 0, 0, 0, 0, 0, 0, 0, 0, 0]"
1749509414719213098,,36508,,1748046321,97210568,'',"[1721, 1714, 1736, 1741, 0, 0, 0, 0, 0, 0, 0, 0, 0, 0, 0, 0]"
1749509414920620508,,36509,,1748046321,197112664,'',"[1675, 1677, 1778, 1753, 0, 0, 0, 0, 0, 0, 0, 0, 0, 0, 0, 0]"
1749509415120677982,,36510,,1748046321,295849040,'',"[1704, 1671, 1750, 1720, 0, 0, 0, 0, 0, 0, 0, 0, 0, 0, 0, 0]"
1749509415320427667,,36511,,1748046321,395847648,'',"[1745, 1741, 1721, 1694, 0, 0, 0, 0, 0, 0, 0, 0, 0, 0, 0, 0]"
1749509415521777557,,36512,,1748046321,495866048,'',"[1726, 1694, 1734, 1705, 0, 0, 0, 0, 0, 0, 0, 0, 0, 0, 0, 0]"
1749509415721316433,,36513,,1748046321,596316328,'',"[1692, 1682, 1778, 1757, 0, 0, 0, 0, 0, 0, 0, 0, 0, 0, 0, 0]"
1749509415921201351,,36514,,1748046321,695838912,'',"[1701, 1714, 1769, 1760, 0, 0, 0, 0, 0, 0, 0, 0, 0, 0, 0, 0]"
1749509416124947261,,36515,,1748046321,798447472,'',"[1666, 1686, 1762, 1746, 0, 0, 0, 0, 0, 0, 0, 0, 0, 0, 0, 0]"
1749509416326703804,,36516,,1748046321,898500104,'',"[1680, 1671, 1742, 1754, 0, 0, 0, 0, 0, 0, 0, 0, 0, 0, 0, 0]"
